ERROR - 2026-04-04 04:18:54 --> Error connecting to the database: mysqli_sql_exception: No connection could be made because the target machine actively refused it in C:\xampp\htdocs\Jago_Nyurat\vendor\codeigniter4\framework\system\Database\MySQLi\Connection.php:201
Stack trace:
#0 C:\xampp\htdocs\Jago_Nyurat\vendor\codeigniter4\framework\system\Database\MySQLi\Connection.php(201): mysqli->real_connect('localhost', 'root', Object(SensitiveParameterValue), 'jago_nyurat', 3306, '', 0)
#1 C:\xampp\htdocs\Jago_Nyurat\vendor\codeigniter4\framework\system\Database\BaseConnection.php(421): CodeIgniter\Database\MySQLi\Connection->connect(false)
#2 C:\xampp\htdocs\Jago_Nyurat\vendor\codeigniter4\framework\system\Database\BaseConnection.php(620): CodeIgniter\Database\BaseConnection->initialize()
#3 C:\xampp\htdocs\Jago_Nyurat\vendor\codeigniter4\framework\system\Database\BaseConnection.php(1525): CodeIgniter\Database\BaseConnection->query('SHOW TABLES FRO...')
#4 C:\xampp\htdocs\Jago_Nyurat\vendor\codeigniter4\framework\system\Database\BaseConnection.php(1545): CodeIgniter\Database\BaseConnection->listTables()
#5 C:\xampp\htdocs\Jago_Nyurat\vendor\codeigniter4\framework\system\Database\MigrationRunner.php(758): CodeIgniter\Database\BaseConnection->tableExists('migrations')
#6 C:\xampp\htdocs\Jago_Nyurat\vendor\codeigniter4\framework\system\Database\MigrationRunner.php(162): CodeIgniter\Database\MigrationRunner->ensureTable()
#7 C:\xampp\htdocs\Jago_Nyurat\vendor\codeigniter4\framework\system\Commands\Database\Migrate.php(85): CodeIgniter\Database\MigrationRunner->latest(NULL)
#8 C:\xampp\htdocs\Jago_Nyurat\vendor\codeigniter4\framework\system\CLI\Commands.php(70): CodeIgniter\Commands\Database\Migrate->run(Array)
#9 C:\xampp\htdocs\Jago_Nyurat\vendor\codeigniter4\framework\system\CLI\Console.php(48): CodeIgniter\CLI\Commands->run('migrate', Array)
#10 C:\xampp\htdocs\Jago_Nyurat\vendor\codeigniter4\framework\system\Boot.php(360): CodeIgniter\CLI\Console->run()
#11 C:\xampp\htdocs\Jago_Nyurat\vendor\codeigniter4\framework\system\Boot.php(104): CodeIgniter\Boot::runCommand(Object(CodeIgniter\CLI\Console))
#12 C:\xampp\htdocs\Jago_Nyurat\spark(84): CodeIgniter\Boot::bootSpark(Object(Config\Paths))
#13 {main}

Next CodeIgniter\Database\Exceptions\DatabaseException: No connection could be made because the target machine actively refused it in C:\xampp\htdocs\Jago_Nyurat\vendor\codeigniter4\framework\system\Database\MySQLi\Connection.php:246
Stack trace:
#0 C:\xampp\htdocs\Jago_Nyurat\vendor\codeigniter4\framework\system\Database\BaseConnection.php(421): CodeIgniter\Database\MySQLi\Connection->connect(false)
#1 C:\xampp\htdocs\Jago_Nyurat\vendor\codeigniter4\framework\system\Database\BaseConnection.php(620): CodeIgniter\Database\BaseConnection->initialize()
#2 C:\xampp\htdocs\Jago_Nyurat\vendor\codeigniter4\framework\system\Database\BaseConnection.php(1525): CodeIgniter\Database\BaseConnection->query('SHOW TABLES FRO...')
#3 C:\xampp\htdocs\Jago_Nyurat\vendor\codeigniter4\framework\system\Database\BaseConnection.php(1545): CodeIgniter\Database\BaseConnection->listTables()
#4 C:\xampp\htdocs\Jago_Nyurat\vendor\codeigniter4\framework\system\Database\MigrationRunner.php(758): CodeIgniter\Database\BaseConnection->tableExists('migrations')
#5 C:\xampp\htdocs\Jago_Nyurat\vendor\codeigniter4\framework\system\Database\MigrationRunner.php(162): CodeIgniter\Database\MigrationRunner->ensureTable()
#6 C:\xampp\htdocs\Jago_Nyurat\vendor\codeigniter4\framework\system\Commands\Database\Migrate.php(85): CodeIgniter\Database\MigrationRunner->latest(NULL)
#7 C:\xampp\htdocs\Jago_Nyurat\vendor\codeigniter4\framework\system\CLI\Commands.php(70): CodeIgniter\Commands\Database\Migrate->run(Array)
#8 C:\xampp\htdocs\Jago_Nyurat\vendor\codeigniter4\framework\system\CLI\Console.php(48): CodeIgniter\CLI\Commands->run('migrate', Array)
#9 C:\xampp\htdocs\Jago_Nyurat\vendor\codeigniter4\framework\system\Boot.php(360): CodeIgniter\CLI\Console->run()
#10 C:\xampp\htdocs\Jago_Nyurat\vendor\codeigniter4\framework\system\Boot.php(104): CodeIgniter\Boot::runCommand(Object(CodeIgniter\CLI\Console))
#11 C:\xampp\htdocs\Jago_Nyurat\spark(84): CodeIgniter\Boot::bootSpark(Object(Config\Paths))
#12 {main}
DEBUG - 2026-04-04 04:25:49 --> Session: Class initialized using 'CodeIgniter\Session\Handlers\FileHandler' driver.
CRITICAL - 2026-04-04 04:25:49 --> ParseError: syntax error, unexpected token "public"
[Method: GET, Route: sekum/surat/review/5]
in APPPATH\Controllers\SekumController.php on line 266.
 1 VENDORPATH\composer\ClassLoader.php(427): Composer\Autoload\{closure}('C:\\xampp\\htdocs\\Jago_Nyurat\\vendor\\composer/../../app\\Controllers\\SekumController.php')
 2 [internal function]: Composer\Autoload\ClassLoader->loadClass('App\\Controllers\\SekumController')
 3 SYSTEMPATH\Debug\Toolbar\Collectors\Routes.php(85): ReflectionMethod->__construct('\\App\\Controllers\\SekumController', 'review')
 4 SYSTEMPATH\Debug\Toolbar\Collectors\BaseCollector.php(228): CodeIgniter\Debug\Toolbar\Collectors\Routes->display()
 5 SYSTEMPATH\Debug\Toolbar.php(95): CodeIgniter\Debug\Toolbar\Collectors\BaseCollector->getAsArray()
 6 SYSTEMPATH\Debug\Toolbar.php(390): CodeIgniter\Debug\Toolbar->run(1775276745.660659, 3.8174, Object(CodeIgniter\HTTP\IncomingRequest), Object(CodeIgniter\HTTP\RedirectResponse))
 7 SYSTEMPATH\Filters\DebugToolbar.php(44): CodeIgniter\Debug\Toolbar->prepare(Object(CodeIgniter\HTTP\IncomingRequest), Object(CodeIgniter\HTTP\RedirectResponse))
 8 SYSTEMPATH\Filters\Filters.php(278): CodeIgniter\Filters\DebugToolbar->after(Object(CodeIgniter\HTTP\IncomingRequest), Object(CodeIgniter\HTTP\RedirectResponse), null)
 9 SYSTEMPATH\Filters\Filters.php(364): CodeIgniter\Filters\Filters->runAfter([...])
10 SYSTEMPATH\CodeIgniter.php(407): CodeIgniter\Filters\Filters->runRequired('after')
11 SYSTEMPATH\CodeIgniter.php(368): CodeIgniter\CodeIgniter->runRequiredAfterFilters(Object(CodeIgniter\Filters\Filters))
12 SYSTEMPATH\Boot.php(334): CodeIgniter\CodeIgniter->run()
13 SYSTEMPATH\Boot.php(67): CodeIgniter\Boot::runCodeIgniter(Object(CodeIgniter\CodeIgniter))
14 FCPATH\index.php(56): CodeIgniter\Boot::bootWeb(Object(Config\Paths))
15 SYSTEMPATH\rewrite.php(44): require_once('C:\\xampp\\htdocs\\Jago_Nyurat\\public\\index.php')
DEBUG - 2026-04-04 04:25:53 --> Session: Class initialized using 'CodeIgniter\Session\Handlers\FileHandler' driver.
DEBUG - 2026-04-04 04:25:57 --> Session: Class initialized using 'CodeIgniter\Session\Handlers\FileHandler' driver.
DEBUG - 2026-04-04 04:26:50 --> Session: Class initialized using 'CodeIgniter\Session\Handlers\FileHandler' driver.
DEBUG - 2026-04-04 04:26:53 --> Session: Class initialized using 'CodeIgniter\Session\Handlers\FileHandler' driver.
DEBUG - 2026-04-04 04:26:59 --> Session: Class initialized using 'CodeIgniter\Session\Handlers\FileHandler' driver.
DEBUG - 2026-04-04 04:27:03 --> Session: Class initialized using 'CodeIgniter\Session\Handlers\FileHandler' driver.
DEBUG - 2026-04-04 04:27:21 --> Session: Class initialized using 'CodeIgniter\Session\Handlers\FileHandler' driver.
DEBUG - 2026-04-04 04:27:38 --> Session: Class initialized using 'CodeIgniter\Session\Handlers\FileHandler' driver.
DEBUG - 2026-04-04 04:27:39 --> Session: Class initialized using 'CodeIgniter\Session\Handlers\FileHandler' driver.
DEBUG - 2026-04-04 04:27:39 --> Session: Class initialized using 'CodeIgniter\Session\Handlers\FileHandler' driver.
DEBUG - 2026-04-04 04:28:06 --> Session: Class initialized using 'CodeIgniter\Session\Handlers\FileHandler' driver.
DEBUG - 2026-04-04 04:28:07 --> Session: Class initialized using 'CodeIgniter\Session\Handlers\FileHandler' driver.
DEBUG - 2026-04-04 04:28:15 --> Session: Class initialized using 'CodeIgniter\Session\Handlers\FileHandler' driver.
CRITICAL - 2026-04-04 04:28:15 --> ParseError: syntax error, unexpected token "public"
[Method: GET, Route: sekum/surat/review/5]
in APPPATH\Controllers\SekumController.php on line 266.
 1 VENDORPATH\composer\ClassLoader.php(427): Composer\Autoload\{closure}('C:\\xampp\\htdocs\\Jago_Nyurat\\vendor\\composer/../../app\\Controllers\\SekumController.php')
 2 [internal function]: Composer\Autoload\ClassLoader->loadClass('App\\Controllers\\SekumController')
 3 SYSTEMPATH\CodeIgniter.php(885): class_exists('\\App\\Controllers\\SekumController', true)
 4 SYSTEMPATH\CodeIgniter.php(494): CodeIgniter\CodeIgniter->startController()
 5 SYSTEMPATH\CodeIgniter.php(354): CodeIgniter\CodeIgniter->handleRequest(null, Object(Config\Cache), false)
 6 SYSTEMPATH\Boot.php(334): CodeIgniter\CodeIgniter->run()
 7 SYSTEMPATH\Boot.php(67): CodeIgniter\Boot::runCodeIgniter(Object(CodeIgniter\CodeIgniter))
 8 FCPATH\index.php(56): CodeIgniter\Boot::bootWeb(Object(Config\Paths))
 9 SYSTEMPATH\rewrite.php(44): require_once('C:\\xampp\\htdocs\\Jago_Nyurat\\public\\index.php')
DEBUG - 2026-04-04 04:28:31 --> Session: Class initialized using 'CodeIgniter\Session\Handlers\FileHandler' driver.
CRITICAL - 2026-04-04 04:28:31 --> ParseError: syntax error, unexpected token "public"
[Method: GET, Route: sekum/identitas]
in APPPATH\Controllers\SekumController.php on line 266.
 1 VENDORPATH\composer\ClassLoader.php(427): Composer\Autoload\{closure}('C:\\xampp\\htdocs\\Jago_Nyurat\\vendor\\composer/../../app\\Controllers\\SekumController.php')
 2 [internal function]: Composer\Autoload\ClassLoader->loadClass('App\\Controllers\\SekumController')
 3 SYSTEMPATH\CodeIgniter.php(885): class_exists('\\App\\Controllers\\SekumController', true)
 4 SYSTEMPATH\CodeIgniter.php(494): CodeIgniter\CodeIgniter->startController()
 5 SYSTEMPATH\CodeIgniter.php(354): CodeIgniter\CodeIgniter->handleRequest(null, Object(Config\Cache), false)
 6 SYSTEMPATH\Boot.php(334): CodeIgniter\CodeIgniter->run()
 7 SYSTEMPATH\Boot.php(67): CodeIgniter\Boot::runCodeIgniter(Object(CodeIgniter\CodeIgniter))
 8 FCPATH\index.php(56): CodeIgniter\Boot::bootWeb(Object(Config\Paths))
 9 SYSTEMPATH\rewrite.php(44): require_once('C:\\xampp\\htdocs\\Jago_Nyurat\\public\\index.php')
DEBUG - 2026-04-04 04:28:34 --> Session: Class initialized using 'CodeIgniter\Session\Handlers\FileHandler' driver.
DEBUG - 2026-04-04 04:28:49 --> Session: Class initialized using 'CodeIgniter\Session\Handlers\FileHandler' driver.
CRITICAL - 2026-04-04 04:28:49 --> ParseError: syntax error, unexpected token "public"
[Method: GET, Route: sekum/surat/review/5]
in APPPATH\Controllers\SekumController.php on line 266.
 1 VENDORPATH\composer\ClassLoader.php(427): Composer\Autoload\{closure}('C:\\xampp\\htdocs\\Jago_Nyurat\\vendor\\composer/../../app\\Controllers\\SekumController.php')
 2 [internal function]: Composer\Autoload\ClassLoader->loadClass('App\\Controllers\\SekumController')
 3 SYSTEMPATH\CodeIgniter.php(885): class_exists('\\App\\Controllers\\SekumController', true)
 4 SYSTEMPATH\CodeIgniter.php(494): CodeIgniter\CodeIgniter->startController()
 5 SYSTEMPATH\CodeIgniter.php(354): CodeIgniter\CodeIgniter->handleRequest(null, Object(Config\Cache), false)
 6 SYSTEMPATH\Boot.php(334): CodeIgniter\CodeIgniter->run()
 7 SYSTEMPATH\Boot.php(67): CodeIgniter\Boot::runCodeIgniter(Object(CodeIgniter\CodeIgniter))
 8 FCPATH\index.php(56): CodeIgniter\Boot::bootWeb(Object(Config\Paths))
 9 SYSTEMPATH\rewrite.php(44): require_once('C:\\xampp\\htdocs\\Jago_Nyurat\\public\\index.php')
DEBUG - 2026-04-04 04:31:03 --> Session: Class initialized using 'CodeIgniter\Session\Handlers\FileHandler' driver.
DEBUG - 2026-04-04 04:31:06 --> Session: Class initialized using 'CodeIgniter\Session\Handlers\FileHandler' driver.
ERROR - 2026-04-04 04:31:06 --> mysqli_sql_exception: Table 'jago_nyurat.surat_komentar' doesn't exist in C:\xampp\htdocs\Jago_Nyurat\vendor\codeigniter4\framework\system\Database\MySQLi\Connection.php:327
Stack trace:
#0 C:\xampp\htdocs\Jago_Nyurat\vendor\codeigniter4\framework\system\Database\MySQLi\Connection.php(327): mysqli->query('SELECT *\nFROM `...', 0)
#1 C:\xampp\htdocs\Jago_Nyurat\vendor\codeigniter4\framework\system\Database\BaseConnection.php(738): CodeIgniter\Database\MySQLi\Connection->execute('SELECT *\nFROM `...')
#2 C:\xampp\htdocs\Jago_Nyurat\vendor\codeigniter4\framework\system\Database\BaseConnection.php(652): CodeIgniter\Database\BaseConnection->simpleQuery('SELECT *\nFROM `...')
#3 C:\xampp\htdocs\Jago_Nyurat\vendor\codeigniter4\framework\system\Database\BaseBuilder.php(1649): CodeIgniter\Database\BaseConnection->query('SELECT *\nFROM `...', Array, false)
#4 C:\xampp\htdocs\Jago_Nyurat\vendor\codeigniter4\framework\system\Model.php(286): CodeIgniter\Database\BaseBuilder->get()
#5 C:\xampp\htdocs\Jago_Nyurat\vendor\codeigniter4\framework\system\BaseModel.php(675): CodeIgniter\Model->doFindAll(0, 0)
#6 C:\xampp\htdocs\Jago_Nyurat\app\Controllers\SekumController.php(54): CodeIgniter\BaseModel->findAll()
#7 C:\xampp\htdocs\Jago_Nyurat\vendor\codeigniter4\framework\system\CodeIgniter.php(933): App\Controllers\SekumController->review('5')
#8 C:\xampp\htdocs\Jago_Nyurat\vendor\codeigniter4\framework\system\CodeIgniter.php(507): CodeIgniter\CodeIgniter->runController(Object(App\Controllers\SekumController))
#9 C:\xampp\htdocs\Jago_Nyurat\vendor\codeigniter4\framework\system\CodeIgniter.php(354): CodeIgniter\CodeIgniter->handleRequest(NULL, Object(Config\Cache), false)
#10 C:\xampp\htdocs\Jago_Nyurat\vendor\codeigniter4\framework\system\Boot.php(334): CodeIgniter\CodeIgniter->run()
#11 C:\xampp\htdocs\Jago_Nyurat\vendor\codeigniter4\framework\system\Boot.php(67): CodeIgniter\Boot::runCodeIgniter(Object(CodeIgniter\CodeIgniter))
#12 C:\xampp\htdocs\Jago_Nyurat\public\index.php(56): CodeIgniter\Boot::bootWeb(Object(Config\Paths))
#13 C:\xampp\htdocs\Jago_Nyurat\vendor\codeigniter4\framework\system\rewrite.php(44): require_once('C:\\xampp\\htdocs...')
#14 {main}
CRITICAL - 2026-04-04 04:31:06 --> CodeIgniter\Database\Exceptions\DatabaseException: Table 'jago_nyurat.surat_komentar' doesn't exist
[Method: GET, Route: sekum/surat/review/5]
in SYSTEMPATH\Database\BaseConnection.php on line 692.
 1 SYSTEMPATH\Database\BaseBuilder.php(1649): CodeIgniter\Database\BaseConnection->query('SELECT *
FROM `surat_komentar`
WHERE `surat_id` = :surat_id:', [...], false)
 2 SYSTEMPATH\Model.php(286): CodeIgniter\Database\BaseBuilder->get()
 3 SYSTEMPATH\BaseModel.php(675): CodeIgniter\Model->doFindAll(0, 0)
 4 APPPATH\Controllers\SekumController.php(54): CodeIgniter\BaseModel->findAll()
 5 SYSTEMPATH\CodeIgniter.php(933): App\Controllers\SekumController->review('5')
 6 SYSTEMPATH\CodeIgniter.php(507): CodeIgniter\CodeIgniter->runController(Object(App\Controllers\SekumController))
 7 SYSTEMPATH\CodeIgniter.php(354): CodeIgniter\CodeIgniter->handleRequest(null, Object(Config\Cache), false)
 8 SYSTEMPATH\Boot.php(334): CodeIgniter\CodeIgniter->run()
 9 SYSTEMPATH\Boot.php(67): CodeIgniter\Boot::runCodeIgniter(Object(CodeIgniter\CodeIgniter))
10 FCPATH\index.php(56): CodeIgniter\Boot::bootWeb(Object(Config\Paths))
11 SYSTEMPATH\rewrite.php(44): require_once('C:\\xampp\\htdocs\\Jago_Nyurat\\public\\index.php')
CRITICAL - 2026-04-04 04:31:06 --> [Caused by] CodeIgniter\Database\Exceptions\DatabaseException: Table 'jago_nyurat.surat_komentar' doesn't exist
in SYSTEMPATH\Database\MySQLi\Connection.php on line 332.
 1 SYSTEMPATH\Database\BaseConnection.php(738): CodeIgniter\Database\MySQLi\Connection->execute('SELECT *
FROM `surat_komentar`
WHERE `surat_id` = \'5\'')
 2 SYSTEMPATH\Database\BaseConnection.php(652): CodeIgniter\Database\BaseConnection->simpleQuery('SELECT *
FROM `surat_komentar`
WHERE `surat_id` = \'5\'')
 3 SYSTEMPATH\Database\BaseBuilder.php(1649): CodeIgniter\Database\BaseConnection->query('SELECT *
FROM `surat_komentar`
WHERE `surat_id` = :surat_id:', [...], false)
 4 SYSTEMPATH\Model.php(286): CodeIgniter\Database\BaseBuilder->get()
 5 SYSTEMPATH\BaseModel.php(675): CodeIgniter\Model->doFindAll(0, 0)
 6 APPPATH\Controllers\SekumController.php(54): CodeIgniter\BaseModel->findAll()
 7 SYSTEMPATH\CodeIgniter.php(933): App\Controllers\SekumController->review('5')
 8 SYSTEMPATH\CodeIgniter.php(507): CodeIgniter\CodeIgniter->runController(Object(App\Controllers\SekumController))
 9 SYSTEMPATH\CodeIgniter.php(354): CodeIgniter\CodeIgniter->handleRequest(null, Object(Config\Cache), false)
10 SYSTEMPATH\Boot.php(334): CodeIgniter\CodeIgniter->run()
11 SYSTEMPATH\Boot.php(67): CodeIgniter\Boot::runCodeIgniter(Object(CodeIgniter\CodeIgniter))
12 FCPATH\index.php(56): CodeIgniter\Boot::bootWeb(Object(Config\Paths))
13 SYSTEMPATH\rewrite.php(44): require_once('C:\\xampp\\htdocs\\Jago_Nyurat\\public\\index.php')
CRITICAL - 2026-04-04 04:31:06 --> [Caused by] mysqli_sql_exception: Table 'jago_nyurat.surat_komentar' doesn't exist
in SYSTEMPATH\Database\MySQLi\Connection.php on line 327.
 1 SYSTEMPATH\Database\MySQLi\Connection.php(327): mysqli->query('SELECT *
FROM `surat_komentar`
WHERE `surat_id` = \'5\'', 0)
 2 SYSTEMPATH\Database\BaseConnection.php(738): CodeIgniter\Database\MySQLi\Connection->execute('SELECT *
FROM `surat_komentar`
WHERE `surat_id` = \'5\'')
 3 SYSTEMPATH\Database\BaseConnection.php(652): CodeIgniter\Database\BaseConnection->simpleQuery('SELECT *
FROM `surat_komentar`
WHERE `surat_id` = \'5\'')
 4 SYSTEMPATH\Database\BaseBuilder.php(1649): CodeIgniter\Database\BaseConnection->query('SELECT *
FROM `surat_komentar`
WHERE `surat_id` = :surat_id:', [...], false)
 5 SYSTEMPATH\Model.php(286): CodeIgniter\Database\BaseBuilder->get()
 6 SYSTEMPATH\BaseModel.php(675): CodeIgniter\Model->doFindAll(0, 0)
 7 APPPATH\Controllers\SekumController.php(54): CodeIgniter\BaseModel->findAll()
 8 SYSTEMPATH\CodeIgniter.php(933): App\Controllers\SekumController->review('5')
 9 SYSTEMPATH\CodeIgniter.php(507): CodeIgniter\CodeIgniter->runController(Object(App\Controllers\SekumController))
10 SYSTEMPATH\CodeIgniter.php(354): CodeIgniter\CodeIgniter->handleRequest(null, Object(Config\Cache), false)
11 SYSTEMPATH\Boot.php(334): CodeIgniter\CodeIgniter->run()
12 SYSTEMPATH\Boot.php(67): CodeIgniter\Boot::runCodeIgniter(Object(CodeIgniter\CodeIgniter))
13 FCPATH\index.php(56): CodeIgniter\Boot::bootWeb(Object(Config\Paths))
14 SYSTEMPATH\rewrite.php(44): require_once('C:\\xampp\\htdocs\\Jago_Nyurat\\public\\index.php')
DEBUG - 2026-04-04 04:31:12 --> Session: Class initialized using 'CodeIgniter\Session\Handlers\FileHandler' driver.
DEBUG - 2026-04-04 04:31:23 --> Session: Class initialized using 'CodeIgniter\Session\Handlers\FileHandler' driver.
ERROR - 2026-04-04 04:31:23 --> mysqli_sql_exception: Table 'jago_nyurat.surat_komentar' doesn't exist in C:\xampp\htdocs\Jago_Nyurat\vendor\codeigniter4\framework\system\Database\MySQLi\Connection.php:327
Stack trace:
#0 C:\xampp\htdocs\Jago_Nyurat\vendor\codeigniter4\framework\system\Database\MySQLi\Connection.php(327): mysqli->query('SELECT *\nFROM `...', 0)
#1 C:\xampp\htdocs\Jago_Nyurat\vendor\codeigniter4\framework\system\Database\BaseConnection.php(738): CodeIgniter\Database\MySQLi\Connection->execute('SELECT *\nFROM `...')
#2 C:\xampp\htdocs\Jago_Nyurat\vendor\codeigniter4\framework\system\Database\BaseConnection.php(652): CodeIgniter\Database\BaseConnection->simpleQuery('SELECT *\nFROM `...')
#3 C:\xampp\htdocs\Jago_Nyurat\vendor\codeigniter4\framework\system\Database\BaseBuilder.php(1649): CodeIgniter\Database\BaseConnection->query('SELECT *\nFROM `...', Array, false)
#4 C:\xampp\htdocs\Jago_Nyurat\vendor\codeigniter4\framework\system\Model.php(286): CodeIgniter\Database\BaseBuilder->get()
#5 C:\xampp\htdocs\Jago_Nyurat\vendor\codeigniter4\framework\system\BaseModel.php(675): CodeIgniter\Model->doFindAll(0, 0)
#6 C:\xampp\htdocs\Jago_Nyurat\app\Controllers\SekumController.php(54): CodeIgniter\BaseModel->findAll()
#7 C:\xampp\htdocs\Jago_Nyurat\vendor\codeigniter4\framework\system\CodeIgniter.php(933): App\Controllers\SekumController->review('5')
#8 C:\xampp\htdocs\Jago_Nyurat\vendor\codeigniter4\framework\system\CodeIgniter.php(507): CodeIgniter\CodeIgniter->runController(Object(App\Controllers\SekumController))
#9 C:\xampp\htdocs\Jago_Nyurat\vendor\codeigniter4\framework\system\CodeIgniter.php(354): CodeIgniter\CodeIgniter->handleRequest(NULL, Object(Config\Cache), false)
#10 C:\xampp\htdocs\Jago_Nyurat\vendor\codeigniter4\framework\system\Boot.php(334): CodeIgniter\CodeIgniter->run()
#11 C:\xampp\htdocs\Jago_Nyurat\vendor\codeigniter4\framework\system\Boot.php(67): CodeIgniter\Boot::runCodeIgniter(Object(CodeIgniter\CodeIgniter))
#12 C:\xampp\htdocs\Jago_Nyurat\public\index.php(56): CodeIgniter\Boot::bootWeb(Object(Config\Paths))
#13 C:\xampp\htdocs\Jago_Nyurat\vendor\codeigniter4\framework\system\rewrite.php(44): require_once('C:\\xampp\\htdocs...')
#14 {main}
CRITICAL - 2026-04-04 04:31:23 --> CodeIgniter\Database\Exceptions\DatabaseException: Table 'jago_nyurat.surat_komentar' doesn't exist
[Method: GET, Route: sekum/surat/review/5]
in SYSTEMPATH\Database\BaseConnection.php on line 692.
 1 SYSTEMPATH\Database\BaseBuilder.php(1649): CodeIgniter\Database\BaseConnection->query('SELECT *
FROM `surat_komentar`
WHERE `surat_id` = :surat_id:', [...], false)
 2 SYSTEMPATH\Model.php(286): CodeIgniter\Database\BaseBuilder->get()
 3 SYSTEMPATH\BaseModel.php(675): CodeIgniter\Model->doFindAll(0, 0)
 4 APPPATH\Controllers\SekumController.php(54): CodeIgniter\BaseModel->findAll()
 5 SYSTEMPATH\CodeIgniter.php(933): App\Controllers\SekumController->review('5')
 6 SYSTEMPATH\CodeIgniter.php(507): CodeIgniter\CodeIgniter->runController(Object(App\Controllers\SekumController))
 7 SYSTEMPATH\CodeIgniter.php(354): CodeIgniter\CodeIgniter->handleRequest(null, Object(Config\Cache), false)
 8 SYSTEMPATH\Boot.php(334): CodeIgniter\CodeIgniter->run()
 9 SYSTEMPATH\Boot.php(67): CodeIgniter\Boot::runCodeIgniter(Object(CodeIgniter\CodeIgniter))
10 FCPATH\index.php(56): CodeIgniter\Boot::bootWeb(Object(Config\Paths))
11 SYSTEMPATH\rewrite.php(44): require_once('C:\\xampp\\htdocs\\Jago_Nyurat\\public\\index.php')
CRITICAL - 2026-04-04 04:31:23 --> [Caused by] CodeIgniter\Database\Exceptions\DatabaseException: Table 'jago_nyurat.surat_komentar' doesn't exist
in SYSTEMPATH\Database\MySQLi\Connection.php on line 332.
 1 SYSTEMPATH\Database\BaseConnection.php(738): CodeIgniter\Database\MySQLi\Connection->execute('SELECT *
FROM `surat_komentar`
WHERE `surat_id` = \'5\'')
 2 SYSTEMPATH\Database\BaseConnection.php(652): CodeIgniter\Database\BaseConnection->simpleQuery('SELECT *
FROM `surat_komentar`
WHERE `surat_id` = \'5\'')
 3 SYSTEMPATH\Database\BaseBuilder.php(1649): CodeIgniter\Database\BaseConnection->query('SELECT *
FROM `surat_komentar`
WHERE `surat_id` = :surat_id:', [...], false)
 4 SYSTEMPATH\Model.php(286): CodeIgniter\Database\BaseBuilder->get()
 5 SYSTEMPATH\BaseModel.php(675): CodeIgniter\Model->doFindAll(0, 0)
 6 APPPATH\Controllers\SekumController.php(54): CodeIgniter\BaseModel->findAll()
 7 SYSTEMPATH\CodeIgniter.php(933): App\Controllers\SekumController->review('5')
 8 SYSTEMPATH\CodeIgniter.php(507): CodeIgniter\CodeIgniter->runController(Object(App\Controllers\SekumController))
 9 SYSTEMPATH\CodeIgniter.php(354): CodeIgniter\CodeIgniter->handleRequest(null, Object(Config\Cache), false)
10 SYSTEMPATH\Boot.php(334): CodeIgniter\CodeIgniter->run()
11 SYSTEMPATH\Boot.php(67): CodeIgniter\Boot::runCodeIgniter(Object(CodeIgniter\CodeIgniter))
12 FCPATH\index.php(56): CodeIgniter\Boot::bootWeb(Object(Config\Paths))
13 SYSTEMPATH\rewrite.php(44): require_once('C:\\xampp\\htdocs\\Jago_Nyurat\\public\\index.php')
CRITICAL - 2026-04-04 04:31:23 --> [Caused by] mysqli_sql_exception: Table 'jago_nyurat.surat_komentar' doesn't exist
in SYSTEMPATH\Database\MySQLi\Connection.php on line 327.
 1 SYSTEMPATH\Database\MySQLi\Connection.php(327): mysqli->query('SELECT *
FROM `surat_komentar`
WHERE `surat_id` = \'5\'', 0)
 2 SYSTEMPATH\Database\BaseConnection.php(738): CodeIgniter\Database\MySQLi\Connection->execute('SELECT *
FROM `surat_komentar`
WHERE `surat_id` = \'5\'')
 3 SYSTEMPATH\Database\BaseConnection.php(652): CodeIgniter\Database\BaseConnection->simpleQuery('SELECT *
FROM `surat_komentar`
WHERE `surat_id` = \'5\'')
 4 SYSTEMPATH\Database\BaseBuilder.php(1649): CodeIgniter\Database\BaseConnection->query('SELECT *
FROM `surat_komentar`
WHERE `surat_id` = :surat_id:', [...], false)
 5 SYSTEMPATH\Model.php(286): CodeIgniter\Database\BaseBuilder->get()
 6 SYSTEMPATH\BaseModel.php(675): CodeIgniter\Model->doFindAll(0, 0)
 7 APPPATH\Controllers\SekumController.php(54): CodeIgniter\BaseModel->findAll()
 8 SYSTEMPATH\CodeIgniter.php(933): App\Controllers\SekumController->review('5')
 9 SYSTEMPATH\CodeIgniter.php(507): CodeIgniter\CodeIgniter->runController(Object(App\Controllers\SekumController))
10 SYSTEMPATH\CodeIgniter.php(354): CodeIgniter\CodeIgniter->handleRequest(null, Object(Config\Cache), false)
11 SYSTEMPATH\Boot.php(334): CodeIgniter\CodeIgniter->run()
12 SYSTEMPATH\Boot.php(67): CodeIgniter\Boot::runCodeIgniter(Object(CodeIgniter\CodeIgniter))
13 FCPATH\index.php(56): CodeIgniter\Boot::bootWeb(Object(Config\Paths))
14 SYSTEMPATH\rewrite.php(44): require_once('C:\\xampp\\htdocs\\Jago_Nyurat\\public\\index.php')
DEBUG - 2026-04-04 04:33:50 --> Session: Class initialized using 'CodeIgniter\Session\Handlers\FileHandler' driver.
ERROR - 2026-04-04 04:33:50 --> mysqli_sql_exception: Table 'jago_nyurat.surat_komentar' doesn't exist in C:\xampp\htdocs\Jago_Nyurat\vendor\codeigniter4\framework\system\Database\MySQLi\Connection.php:327
Stack trace:
#0 C:\xampp\htdocs\Jago_Nyurat\vendor\codeigniter4\framework\system\Database\MySQLi\Connection.php(327): mysqli->query('SELECT *\nFROM `...', 0)
#1 C:\xampp\htdocs\Jago_Nyurat\vendor\codeigniter4\framework\system\Database\BaseConnection.php(738): CodeIgniter\Database\MySQLi\Connection->execute('SELECT *\nFROM `...')
#2 C:\xampp\htdocs\Jago_Nyurat\vendor\codeigniter4\framework\system\Database\BaseConnection.php(652): CodeIgniter\Database\BaseConnection->simpleQuery('SELECT *\nFROM `...')
#3 C:\xampp\htdocs\Jago_Nyurat\vendor\codeigniter4\framework\system\Database\BaseBuilder.php(1649): CodeIgniter\Database\BaseConnection->query('SELECT *\nFROM `...', Array, false)
#4 C:\xampp\htdocs\Jago_Nyurat\vendor\codeigniter4\framework\system\Model.php(286): CodeIgniter\Database\BaseBuilder->get()
#5 C:\xampp\htdocs\Jago_Nyurat\vendor\codeigniter4\framework\system\BaseModel.php(675): CodeIgniter\Model->doFindAll(0, 0)
#6 C:\xampp\htdocs\Jago_Nyurat\app\Controllers\SekumController.php(54): CodeIgniter\BaseModel->findAll()
#7 C:\xampp\htdocs\Jago_Nyurat\vendor\codeigniter4\framework\system\CodeIgniter.php(933): App\Controllers\SekumController->review('5')
#8 C:\xampp\htdocs\Jago_Nyurat\vendor\codeigniter4\framework\system\CodeIgniter.php(507): CodeIgniter\CodeIgniter->runController(Object(App\Controllers\SekumController))
#9 C:\xampp\htdocs\Jago_Nyurat\vendor\codeigniter4\framework\system\CodeIgniter.php(354): CodeIgniter\CodeIgniter->handleRequest(NULL, Object(Config\Cache), false)
#10 C:\xampp\htdocs\Jago_Nyurat\vendor\codeigniter4\framework\system\Boot.php(334): CodeIgniter\CodeIgniter->run()
#11 C:\xampp\htdocs\Jago_Nyurat\vendor\codeigniter4\framework\system\Boot.php(67): CodeIgniter\Boot::runCodeIgniter(Object(CodeIgniter\CodeIgniter))
#12 C:\xampp\htdocs\Jago_Nyurat\public\index.php(56): CodeIgniter\Boot::bootWeb(Object(Config\Paths))
#13 C:\xampp\htdocs\Jago_Nyurat\vendor\codeigniter4\framework\system\rewrite.php(44): require_once('C:\\xampp\\htdocs...')
#14 {main}
CRITICAL - 2026-04-04 04:33:50 --> CodeIgniter\Database\Exceptions\DatabaseException: Table 'jago_nyurat.surat_komentar' doesn't exist
[Method: GET, Route: sekum/surat/review/5]
in SYSTEMPATH\Database\BaseConnection.php on line 692.
 1 SYSTEMPATH\Database\BaseBuilder.php(1649): CodeIgniter\Database\BaseConnection->query('SELECT *
FROM `surat_komentar`
WHERE `surat_id` = :surat_id:', [...], false)
 2 SYSTEMPATH\Model.php(286): CodeIgniter\Database\BaseBuilder->get()
 3 SYSTEMPATH\BaseModel.php(675): CodeIgniter\Model->doFindAll(0, 0)
 4 APPPATH\Controllers\SekumController.php(54): CodeIgniter\BaseModel->findAll()
 5 SYSTEMPATH\CodeIgniter.php(933): App\Controllers\SekumController->review('5')
 6 SYSTEMPATH\CodeIgniter.php(507): CodeIgniter\CodeIgniter->runController(Object(App\Controllers\SekumController))
 7 SYSTEMPATH\CodeIgniter.php(354): CodeIgniter\CodeIgniter->handleRequest(null, Object(Config\Cache), false)
 8 SYSTEMPATH\Boot.php(334): CodeIgniter\CodeIgniter->run()
 9 SYSTEMPATH\Boot.php(67): CodeIgniter\Boot::runCodeIgniter(Object(CodeIgniter\CodeIgniter))
10 FCPATH\index.php(56): CodeIgniter\Boot::bootWeb(Object(Config\Paths))
11 SYSTEMPATH\rewrite.php(44): require_once('C:\\xampp\\htdocs\\Jago_Nyurat\\public\\index.php')
CRITICAL - 2026-04-04 04:33:50 --> [Caused by] CodeIgniter\Database\Exceptions\DatabaseException: Table 'jago_nyurat.surat_komentar' doesn't exist
in SYSTEMPATH\Database\MySQLi\Connection.php on line 332.
 1 SYSTEMPATH\Database\BaseConnection.php(738): CodeIgniter\Database\MySQLi\Connection->execute('SELECT *
FROM `surat_komentar`
WHERE `surat_id` = \'5\'')
 2 SYSTEMPATH\Database\BaseConnection.php(652): CodeIgniter\Database\BaseConnection->simpleQuery('SELECT *
FROM `surat_komentar`
WHERE `surat_id` = \'5\'')
 3 SYSTEMPATH\Database\BaseBuilder.php(1649): CodeIgniter\Database\BaseConnection->query('SELECT *
FROM `surat_komentar`
WHERE `surat_id` = :surat_id:', [...], false)
 4 SYSTEMPATH\Model.php(286): CodeIgniter\Database\BaseBuilder->get()
 5 SYSTEMPATH\BaseModel.php(675): CodeIgniter\Model->doFindAll(0, 0)
 6 APPPATH\Controllers\SekumController.php(54): CodeIgniter\BaseModel->findAll()
 7 SYSTEMPATH\CodeIgniter.php(933): App\Controllers\SekumController->review('5')
 8 SYSTEMPATH\CodeIgniter.php(507): CodeIgniter\CodeIgniter->runController(Object(App\Controllers\SekumController))
 9 SYSTEMPATH\CodeIgniter.php(354): CodeIgniter\CodeIgniter->handleRequest(null, Object(Config\Cache), false)
10 SYSTEMPATH\Boot.php(334): CodeIgniter\CodeIgniter->run()
11 SYSTEMPATH\Boot.php(67): CodeIgniter\Boot::runCodeIgniter(Object(CodeIgniter\CodeIgniter))
12 FCPATH\index.php(56): CodeIgniter\Boot::bootWeb(Object(Config\Paths))
13 SYSTEMPATH\rewrite.php(44): require_once('C:\\xampp\\htdocs\\Jago_Nyurat\\public\\index.php')
CRITICAL - 2026-04-04 04:33:50 --> [Caused by] mysqli_sql_exception: Table 'jago_nyurat.surat_komentar' doesn't exist
in SYSTEMPATH\Database\MySQLi\Connection.php on line 327.
 1 SYSTEMPATH\Database\MySQLi\Connection.php(327): mysqli->query('SELECT *
FROM `surat_komentar`
WHERE `surat_id` = \'5\'', 0)
 2 SYSTEMPATH\Database\BaseConnection.php(738): CodeIgniter\Database\MySQLi\Connection->execute('SELECT *
FROM `surat_komentar`
WHERE `surat_id` = \'5\'')
 3 SYSTEMPATH\Database\BaseConnection.php(652): CodeIgniter\Database\BaseConnection->simpleQuery('SELECT *
FROM `surat_komentar`
WHERE `surat_id` = \'5\'')
 4 SYSTEMPATH\Database\BaseBuilder.php(1649): CodeIgniter\Database\BaseConnection->query('SELECT *
FROM `surat_komentar`
WHERE `surat_id` = :surat_id:', [...], false)
 5 SYSTEMPATH\Model.php(286): CodeIgniter\Database\BaseBuilder->get()
 6 SYSTEMPATH\BaseModel.php(675): CodeIgniter\Model->doFindAll(0, 0)
 7 APPPATH\Controllers\SekumController.php(54): CodeIgniter\BaseModel->findAll()
 8 SYSTEMPATH\CodeIgniter.php(933): App\Controllers\SekumController->review('5')
 9 SYSTEMPATH\CodeIgniter.php(507): CodeIgniter\CodeIgniter->runController(Object(App\Controllers\SekumController))
10 SYSTEMPATH\CodeIgniter.php(354): CodeIgniter\CodeIgniter->handleRequest(null, Object(Config\Cache), false)
11 SYSTEMPATH\Boot.php(334): CodeIgniter\CodeIgniter->run()
12 SYSTEMPATH\Boot.php(67): CodeIgniter\Boot::runCodeIgniter(Object(CodeIgniter\CodeIgniter))
13 FCPATH\index.php(56): CodeIgniter\Boot::bootWeb(Object(Config\Paths))
14 SYSTEMPATH\rewrite.php(44): require_once('C:\\xampp\\htdocs\\Jago_Nyurat\\public\\index.php')
DEBUG - 2026-04-04 04:43:40 --> Session: Class initialized using 'CodeIgniter\Session\Handlers\FileHandler' driver.
ERROR - 2026-04-04 04:43:41 --> mysqli_sql_exception: Table 'jago_nyurat.surat_komentar' doesn't exist in C:\xampp\htdocs\Jago_Nyurat\vendor\codeigniter4\framework\system\Database\MySQLi\Connection.php:327
Stack trace:
#0 C:\xampp\htdocs\Jago_Nyurat\vendor\codeigniter4\framework\system\Database\MySQLi\Connection.php(327): mysqli->query('SELECT *\nFROM `...', 0)
#1 C:\xampp\htdocs\Jago_Nyurat\vendor\codeigniter4\framework\system\Database\BaseConnection.php(738): CodeIgniter\Database\MySQLi\Connection->execute('SELECT *\nFROM `...')
#2 C:\xampp\htdocs\Jago_Nyurat\vendor\codeigniter4\framework\system\Database\BaseConnection.php(652): CodeIgniter\Database\BaseConnection->simpleQuery('SELECT *\nFROM `...')
#3 C:\xampp\htdocs\Jago_Nyurat\vendor\codeigniter4\framework\system\Database\BaseBuilder.php(1649): CodeIgniter\Database\BaseConnection->query('SELECT *\nFROM `...', Array, false)
#4 C:\xampp\htdocs\Jago_Nyurat\vendor\codeigniter4\framework\system\Model.php(286): CodeIgniter\Database\BaseBuilder->get()
#5 C:\xampp\htdocs\Jago_Nyurat\vendor\codeigniter4\framework\system\BaseModel.php(675): CodeIgniter\Model->doFindAll(0, 0)
#6 C:\xampp\htdocs\Jago_Nyurat\app\Controllers\SekumController.php(54): CodeIgniter\BaseModel->findAll()
#7 C:\xampp\htdocs\Jago_Nyurat\vendor\codeigniter4\framework\system\CodeIgniter.php(933): App\Controllers\SekumController->review('5')
#8 C:\xampp\htdocs\Jago_Nyurat\vendor\codeigniter4\framework\system\CodeIgniter.php(507): CodeIgniter\CodeIgniter->runController(Object(App\Controllers\SekumController))
#9 C:\xampp\htdocs\Jago_Nyurat\vendor\codeigniter4\framework\system\CodeIgniter.php(354): CodeIgniter\CodeIgniter->handleRequest(NULL, Object(Config\Cache), false)
#10 C:\xampp\htdocs\Jago_Nyurat\vendor\codeigniter4\framework\system\Boot.php(334): CodeIgniter\CodeIgniter->run()
#11 C:\xampp\htdocs\Jago_Nyurat\vendor\codeigniter4\framework\system\Boot.php(67): CodeIgniter\Boot::runCodeIgniter(Object(CodeIgniter\CodeIgniter))
#12 C:\xampp\htdocs\Jago_Nyurat\public\index.php(56): CodeIgniter\Boot::bootWeb(Object(Config\Paths))
#13 C:\xampp\htdocs\Jago_Nyurat\vendor\codeigniter4\framework\system\rewrite.php(44): require_once('C:\\xampp\\htdocs...')
#14 {main}
CRITICAL - 2026-04-04 04:43:41 --> CodeIgniter\Database\Exceptions\DatabaseException: Table 'jago_nyurat.surat_komentar' doesn't exist
[Method: GET, Route: sekum/surat/review/5]
in SYSTEMPATH\Database\BaseConnection.php on line 692.
 1 SYSTEMPATH\Database\BaseBuilder.php(1649): CodeIgniter\Database\BaseConnection->query('SELECT *
FROM `surat_komentar`
WHERE `surat_id` = :surat_id:', [...], false)
 2 SYSTEMPATH\Model.php(286): CodeIgniter\Database\BaseBuilder->get()
 3 SYSTEMPATH\BaseModel.php(675): CodeIgniter\Model->doFindAll(0, 0)
 4 APPPATH\Controllers\SekumController.php(54): CodeIgniter\BaseModel->findAll()
 5 SYSTEMPATH\CodeIgniter.php(933): App\Controllers\SekumController->review('5')
 6 SYSTEMPATH\CodeIgniter.php(507): CodeIgniter\CodeIgniter->runController(Object(App\Controllers\SekumController))
 7 SYSTEMPATH\CodeIgniter.php(354): CodeIgniter\CodeIgniter->handleRequest(null, Object(Config\Cache), false)
 8 SYSTEMPATH\Boot.php(334): CodeIgniter\CodeIgniter->run()
 9 SYSTEMPATH\Boot.php(67): CodeIgniter\Boot::runCodeIgniter(Object(CodeIgniter\CodeIgniter))
10 FCPATH\index.php(56): CodeIgniter\Boot::bootWeb(Object(Config\Paths))
11 SYSTEMPATH\rewrite.php(44): require_once('C:\\xampp\\htdocs\\Jago_Nyurat\\public\\index.php')
CRITICAL - 2026-04-04 04:43:41 --> [Caused by] CodeIgniter\Database\Exceptions\DatabaseException: Table 'jago_nyurat.surat_komentar' doesn't exist
in SYSTEMPATH\Database\MySQLi\Connection.php on line 332.
 1 SYSTEMPATH\Database\BaseConnection.php(738): CodeIgniter\Database\MySQLi\Connection->execute('SELECT *
FROM `surat_komentar`
WHERE `surat_id` = \'5\'')
 2 SYSTEMPATH\Database\BaseConnection.php(652): CodeIgniter\Database\BaseConnection->simpleQuery('SELECT *
FROM `surat_komentar`
WHERE `surat_id` = \'5\'')
 3 SYSTEMPATH\Database\BaseBuilder.php(1649): CodeIgniter\Database\BaseConnection->query('SELECT *
FROM `surat_komentar`
WHERE `surat_id` = :surat_id:', [...], false)
 4 SYSTEMPATH\Model.php(286): CodeIgniter\Database\BaseBuilder->get()
 5 SYSTEMPATH\BaseModel.php(675): CodeIgniter\Model->doFindAll(0, 0)
 6 APPPATH\Controllers\SekumController.php(54): CodeIgniter\BaseModel->findAll()
 7 SYSTEMPATH\CodeIgniter.php(933): App\Controllers\SekumController->review('5')
 8 SYSTEMPATH\CodeIgniter.php(507): CodeIgniter\CodeIgniter->runController(Object(App\Controllers\SekumController))
 9 SYSTEMPATH\CodeIgniter.php(354): CodeIgniter\CodeIgniter->handleRequest(null, Object(Config\Cache), false)
10 SYSTEMPATH\Boot.php(334): CodeIgniter\CodeIgniter->run()
11 SYSTEMPATH\Boot.php(67): CodeIgniter\Boot::runCodeIgniter(Object(CodeIgniter\CodeIgniter))
12 FCPATH\index.php(56): CodeIgniter\Boot::bootWeb(Object(Config\Paths))
13 SYSTEMPATH\rewrite.php(44): require_once('C:\\xampp\\htdocs\\Jago_Nyurat\\public\\index.php')
CRITICAL - 2026-04-04 04:43:41 --> [Caused by] mysqli_sql_exception: Table 'jago_nyurat.surat_komentar' doesn't exist
in SYSTEMPATH\Database\MySQLi\Connection.php on line 327.
 1 SYSTEMPATH\Database\MySQLi\Connection.php(327): mysqli->query('SELECT *
FROM `surat_komentar`
WHERE `surat_id` = \'5\'', 0)
 2 SYSTEMPATH\Database\BaseConnection.php(738): CodeIgniter\Database\MySQLi\Connection->execute('SELECT *
FROM `surat_komentar`
WHERE `surat_id` = \'5\'')
 3 SYSTEMPATH\Database\BaseConnection.php(652): CodeIgniter\Database\BaseConnection->simpleQuery('SELECT *
FROM `surat_komentar`
WHERE `surat_id` = \'5\'')
 4 SYSTEMPATH\Database\BaseBuilder.php(1649): CodeIgniter\Database\BaseConnection->query('SELECT *
FROM `surat_komentar`
WHERE `surat_id` = :surat_id:', [...], false)
 5 SYSTEMPATH\Model.php(286): CodeIgniter\Database\BaseBuilder->get()
 6 SYSTEMPATH\BaseModel.php(675): CodeIgniter\Model->doFindAll(0, 0)
 7 APPPATH\Controllers\SekumController.php(54): CodeIgniter\BaseModel->findAll()
 8 SYSTEMPATH\CodeIgniter.php(933): App\Controllers\SekumController->review('5')
 9 SYSTEMPATH\CodeIgniter.php(507): CodeIgniter\CodeIgniter->runController(Object(App\Controllers\SekumController))
10 SYSTEMPATH\CodeIgniter.php(354): CodeIgniter\CodeIgniter->handleRequest(null, Object(Config\Cache), false)
11 SYSTEMPATH\Boot.php(334): CodeIgniter\CodeIgniter->run()
12 SYSTEMPATH\Boot.php(67): CodeIgniter\Boot::runCodeIgniter(Object(CodeIgniter\CodeIgniter))
13 FCPATH\index.php(56): CodeIgniter\Boot::bootWeb(Object(Config\Paths))
14 SYSTEMPATH\rewrite.php(44): require_once('C:\\xampp\\htdocs\\Jago_Nyurat\\public\\index.php')
DEBUG - 2026-04-04 14:43:01 --> Session: Class initialized using 'CodeIgniter\Session\Handlers\FileHandler' driver.
DEBUG - 2026-04-04 14:43:04 --> Session: Class initialized using 'CodeIgniter\Session\Handlers\FileHandler' driver.
DEBUG - 2026-04-04 14:43:05 --> Session: Class initialized using 'CodeIgniter\Session\Handlers\FileHandler' driver.
DEBUG - 2026-04-04 14:44:24 --> Session: Class initialized using 'CodeIgniter\Session\Handlers\FileHandler' driver.
DEBUG - 2026-04-04 14:44:26 --> Session: Class initialized using 'CodeIgniter\Session\Handlers\FileHandler' driver.
DEBUG - 2026-04-04 14:44:32 --> Session: Class initialized using 'CodeIgniter\Session\Handlers\FileHandler' driver.
ERROR - 2026-04-04 14:44:37 --> mysqli_sql_exception: MySQL server has gone away in C:\xampp\htdocs\Jago_Nyurat\vendor\codeigniter4\framework\system\Database\MySQLi\Connection.php:327
Stack trace:
#0 C:\xampp\htdocs\Jago_Nyurat\vendor\codeigniter4\framework\system\Database\MySQLi\Connection.php(327): mysqli->query('SELECT *\nFROM `...', 0)
#1 C:\xampp\htdocs\Jago_Nyurat\vendor\codeigniter4\framework\system\Database\BaseConnection.php(738): CodeIgniter\Database\MySQLi\Connection->execute('SELECT *\nFROM `...')
#2 C:\xampp\htdocs\Jago_Nyurat\vendor\codeigniter4\framework\system\Database\BaseConnection.php(652): CodeIgniter\Database\BaseConnection->simpleQuery('SELECT *\nFROM `...')
#3 C:\xampp\htdocs\Jago_Nyurat\vendor\codeigniter4\framework\system\Database\BaseBuilder.php(1649): CodeIgniter\Database\BaseConnection->query('SELECT *\nFROM `...', Array, false)
#4 C:\xampp\htdocs\Jago_Nyurat\vendor\codeigniter4\framework\system\Model.php(330): CodeIgniter\Database\BaseBuilder->get()
#5 C:\xampp\htdocs\Jago_Nyurat\vendor\codeigniter4\framework\system\BaseModel.php(713): CodeIgniter\Model->doFirst()
#6 C:\xampp\htdocs\Jago_Nyurat\app\Controllers\SekumController.php(38): CodeIgniter\BaseModel->first()
#7 C:\xampp\htdocs\Jago_Nyurat\vendor\codeigniter4\framework\system\CodeIgniter.php(933): App\Controllers\SekumController->review('5')
#8 C:\xampp\htdocs\Jago_Nyurat\vendor\codeigniter4\framework\system\CodeIgniter.php(507): CodeIgniter\CodeIgniter->runController(Object(App\Controllers\SekumController))
#9 C:\xampp\htdocs\Jago_Nyurat\vendor\codeigniter4\framework\system\CodeIgniter.php(354): CodeIgniter\CodeIgniter->handleRequest(NULL, Object(Config\Cache), false)
#10 C:\xampp\htdocs\Jago_Nyurat\vendor\codeigniter4\framework\system\Boot.php(334): CodeIgniter\CodeIgniter->run()
#11 C:\xampp\htdocs\Jago_Nyurat\vendor\codeigniter4\framework\system\Boot.php(67): CodeIgniter\Boot::runCodeIgniter(Object(CodeIgniter\CodeIgniter))
#12 C:\xampp\htdocs\Jago_Nyurat\public\index.php(56): CodeIgniter\Boot::bootWeb(Object(Config\Paths))
#13 C:\xampp\htdocs\Jago_Nyurat\vendor\codeigniter4\framework\system\rewrite.php(44): require_once('C:\\xampp\\htdocs...')
#14 {main}
CRITICAL - 2026-04-04 14:44:37 --> CodeIgniter\Database\Exceptions\DatabaseException: MySQL server has gone away
[Method: GET, Route: sekum/surat/review/5]
in SYSTEMPATH\Database\BaseConnection.php on line 692.
 1 SYSTEMPATH\Database\BaseBuilder.php(1649): CodeIgniter\Database\BaseConnection->query('SELECT *
FROM `kop_surat`
WHERE `organisasi` = :organisasi:
 LIMIT 1', [...], false)
 2 SYSTEMPATH\Model.php(330): CodeIgniter\Database\BaseBuilder->get()
 3 SYSTEMPATH\BaseModel.php(713): CodeIgniter\Model->doFirst()
 4 APPPATH\Controllers\SekumController.php(38): CodeIgniter\BaseModel->first()
 5 SYSTEMPATH\CodeIgniter.php(933): App\Controllers\SekumController->review('5')
 6 SYSTEMPATH\CodeIgniter.php(507): CodeIgniter\CodeIgniter->runController(Object(App\Controllers\SekumController))
 7 SYSTEMPATH\CodeIgniter.php(354): CodeIgniter\CodeIgniter->handleRequest(null, Object(Config\Cache), false)
 8 SYSTEMPATH\Boot.php(334): CodeIgniter\CodeIgniter->run()
 9 SYSTEMPATH\Boot.php(67): CodeIgniter\Boot::runCodeIgniter(Object(CodeIgniter\CodeIgniter))
10 FCPATH\index.php(56): CodeIgniter\Boot::bootWeb(Object(Config\Paths))
11 SYSTEMPATH\rewrite.php(44): require_once('C:\\xampp\\htdocs\\Jago_Nyurat\\public\\index.php')
CRITICAL - 2026-04-04 14:44:37 --> [Caused by] CodeIgniter\Database\Exceptions\DatabaseException: MySQL server has gone away
in SYSTEMPATH\Database\MySQLi\Connection.php on line 332.
 1 SYSTEMPATH\Database\BaseConnection.php(738): CodeIgniter\Database\MySQLi\Connection->execute('SELECT *
FROM `kop_surat`
WHERE `organisasi` = \'BEM\'
 LIMIT 1')
 2 SYSTEMPATH\Database\BaseConnection.php(652): CodeIgniter\Database\BaseConnection->simpleQuery('SELECT *
FROM `kop_surat`
WHERE `organisasi` = \'BEM\'
 LIMIT 1')
 3 SYSTEMPATH\Database\BaseBuilder.php(1649): CodeIgniter\Database\BaseConnection->query('SELECT *
FROM `kop_surat`
WHERE `organisasi` = :organisasi:
 LIMIT 1', [...], false)
 4 SYSTEMPATH\Model.php(330): CodeIgniter\Database\BaseBuilder->get()
 5 SYSTEMPATH\BaseModel.php(713): CodeIgniter\Model->doFirst()
 6 APPPATH\Controllers\SekumController.php(38): CodeIgniter\BaseModel->first()
 7 SYSTEMPATH\CodeIgniter.php(933): App\Controllers\SekumController->review('5')
 8 SYSTEMPATH\CodeIgniter.php(507): CodeIgniter\CodeIgniter->runController(Object(App\Controllers\SekumController))
 9 SYSTEMPATH\CodeIgniter.php(354): CodeIgniter\CodeIgniter->handleRequest(null, Object(Config\Cache), false)
10 SYSTEMPATH\Boot.php(334): CodeIgniter\CodeIgniter->run()
11 SYSTEMPATH\Boot.php(67): CodeIgniter\Boot::runCodeIgniter(Object(CodeIgniter\CodeIgniter))
12 FCPATH\index.php(56): CodeIgniter\Boot::bootWeb(Object(Config\Paths))
13 SYSTEMPATH\rewrite.php(44): require_once('C:\\xampp\\htdocs\\Jago_Nyurat\\public\\index.php')
CRITICAL - 2026-04-04 14:44:38 --> [Caused by] mysqli_sql_exception: MySQL server has gone away
in SYSTEMPATH\Database\MySQLi\Connection.php on line 327.
 1 SYSTEMPATH\Database\MySQLi\Connection.php(327): mysqli->query('SELECT *
FROM `kop_surat`
WHERE `organisasi` = \'BEM\'
 LIMIT 1', 0)
 2 SYSTEMPATH\Database\BaseConnection.php(738): CodeIgniter\Database\MySQLi\Connection->execute('SELECT *
FROM `kop_surat`
WHERE `organisasi` = \'BEM\'
 LIMIT 1')
 3 SYSTEMPATH\Database\BaseConnection.php(652): CodeIgniter\Database\BaseConnection->simpleQuery('SELECT *
FROM `kop_surat`
WHERE `organisasi` = \'BEM\'
 LIMIT 1')
 4 SYSTEMPATH\Database\BaseBuilder.php(1649): CodeIgniter\Database\BaseConnection->query('SELECT *
FROM `kop_surat`
WHERE `organisasi` = :organisasi:
 LIMIT 1', [...], false)
 5 SYSTEMPATH\Model.php(330): CodeIgniter\Database\BaseBuilder->get()
 6 SYSTEMPATH\BaseModel.php(713): CodeIgniter\Model->doFirst()
 7 APPPATH\Controllers\SekumController.php(38): CodeIgniter\BaseModel->first()
 8 SYSTEMPATH\CodeIgniter.php(933): App\Controllers\SekumController->review('5')
 9 SYSTEMPATH\CodeIgniter.php(507): CodeIgniter\CodeIgniter->runController(Object(App\Controllers\SekumController))
10 SYSTEMPATH\CodeIgniter.php(354): CodeIgniter\CodeIgniter->handleRequest(null, Object(Config\Cache), false)
11 SYSTEMPATH\Boot.php(334): CodeIgniter\CodeIgniter->run()
12 SYSTEMPATH\Boot.php(67): CodeIgniter\Boot::runCodeIgniter(Object(CodeIgniter\CodeIgniter))
13 FCPATH\index.php(56): CodeIgniter\Boot::bootWeb(Object(Config\Paths))
14 SYSTEMPATH\rewrite.php(44): require_once('C:\\xampp\\htdocs\\Jago_Nyurat\\public\\index.php')
DEBUG - 2026-04-04 14:48:26 --> Session: Class initialized using 'CodeIgniter\Session\Handlers\FileHandler' driver.
ERROR - 2026-04-04 14:48:30 --> Error connecting to the database: mysqli_sql_exception: No connection could be made because the target machine actively refused it in C:\xampp\htdocs\Jago_Nyurat\vendor\codeigniter4\framework\system\Database\MySQLi\Connection.php:201
Stack trace:
#0 C:\xampp\htdocs\Jago_Nyurat\vendor\codeigniter4\framework\system\Database\MySQLi\Connection.php(201): mysqli->real_connect('localhost', 'root', Object(SensitiveParameterValue), 'jago_nyurat', 3306, '', 0)
#1 C:\xampp\htdocs\Jago_Nyurat\vendor\codeigniter4\framework\system\Database\BaseConnection.php(421): CodeIgniter\Database\MySQLi\Connection->connect(false)
#2 C:\xampp\htdocs\Jago_Nyurat\vendor\codeigniter4\framework\system\Database\BaseConnection.php(620): CodeIgniter\Database\BaseConnection->initialize()
#3 C:\xampp\htdocs\Jago_Nyurat\vendor\codeigniter4\framework\system\Database\BaseBuilder.php(1649): CodeIgniter\Database\BaseConnection->query('SELECT *\nFROM `...', Array, false)
#4 C:\xampp\htdocs\Jago_Nyurat\vendor\codeigniter4\framework\system\Model.php(210): CodeIgniter\Database\BaseBuilder->get()
#5 C:\xampp\htdocs\Jago_Nyurat\vendor\codeigniter4\framework\system\BaseModel.php(609): CodeIgniter\Model->doFind(true, '19')
#6 C:\xampp\htdocs\Jago_Nyurat\vendor\myth\auth\src\Authentication\AuthenticationBase.php(130): CodeIgniter\BaseModel->find('19')
#7 C:\xampp\htdocs\Jago_Nyurat\vendor\myth\auth\src\Authentication\LocalAuthenticator.php(67): Myth\Auth\Authentication\AuthenticationBase->isLoggedIn()
#8 C:\xampp\htdocs\Jago_Nyurat\vendor\myth\auth\src\Filters\LoginFilter.php(29): Myth\Auth\Authentication\LocalAuthenticator->check()
#9 C:\xampp\htdocs\Jago_Nyurat\vendor\codeigniter4\framework\system\Filters\Filters.php(241): Myth\Auth\Filters\LoginFilter->before(Object(CodeIgniter\HTTP\IncomingRequest), NULL)
#10 C:\xampp\htdocs\Jago_Nyurat\vendor\codeigniter4\framework\system\Filters\Filters.php(221): CodeIgniter\Filters\Filters->runBefore(Array)
#11 C:\xampp\htdocs\Jago_Nyurat\vendor\codeigniter4\framework\system\CodeIgniter.php(479): CodeIgniter\Filters\Filters->run('sekum/surat/rev...', 'before')
#12 C:\xampp\htdocs\Jago_Nyurat\vendor\codeigniter4\framework\system\CodeIgniter.php(354): CodeIgniter\CodeIgniter->handleRequest(NULL, Object(Config\Cache), false)
#13 C:\xampp\htdocs\Jago_Nyurat\vendor\codeigniter4\framework\system\Boot.php(334): CodeIgniter\CodeIgniter->run()
#14 C:\xampp\htdocs\Jago_Nyurat\vendor\codeigniter4\framework\system\Boot.php(67): CodeIgniter\Boot::runCodeIgniter(Object(CodeIgniter\CodeIgniter))
#15 C:\xampp\htdocs\Jago_Nyurat\public\index.php(56): CodeIgniter\Boot::bootWeb(Object(Config\Paths))
#16 C:\xampp\htdocs\Jago_Nyurat\vendor\codeigniter4\framework\system\rewrite.php(44): require_once('C:\\xampp\\htdocs...')
#17 {main}

Next CodeIgniter\Database\Exceptions\DatabaseException: No connection could be made because the target machine actively refused it in C:\xampp\htdocs\Jago_Nyurat\vendor\codeigniter4\framework\system\Database\MySQLi\Connection.php:246
Stack trace:
#0 C:\xampp\htdocs\Jago_Nyurat\vendor\codeigniter4\framework\system\Database\BaseConnection.php(421): CodeIgniter\Database\MySQLi\Connection->connect(false)
#1 C:\xampp\htdocs\Jago_Nyurat\vendor\codeigniter4\framework\system\Database\BaseConnection.php(620): CodeIgniter\Database\BaseConnection->initialize()
#2 C:\xampp\htdocs\Jago_Nyurat\vendor\codeigniter4\framework\system\Database\BaseBuilder.php(1649): CodeIgniter\Database\BaseConnection->query('SELECT *\nFROM `...', Array, false)
#3 C:\xampp\htdocs\Jago_Nyurat\vendor\codeigniter4\framework\system\Model.php(210): CodeIgniter\Database\BaseBuilder->get()
#4 C:\xampp\htdocs\Jago_Nyurat\vendor\codeigniter4\framework\system\BaseModel.php(609): CodeIgniter\Model->doFind(true, '19')
#5 C:\xampp\htdocs\Jago_Nyurat\vendor\myth\auth\src\Authentication\AuthenticationBase.php(130): CodeIgniter\BaseModel->find('19')
#6 C:\xampp\htdocs\Jago_Nyurat\vendor\myth\auth\src\Authentication\LocalAuthenticator.php(67): Myth\Auth\Authentication\AuthenticationBase->isLoggedIn()
#7 C:\xampp\htdocs\Jago_Nyurat\vendor\myth\auth\src\Filters\LoginFilter.php(29): Myth\Auth\Authentication\LocalAuthenticator->check()
#8 C:\xampp\htdocs\Jago_Nyurat\vendor\codeigniter4\framework\system\Filters\Filters.php(241): Myth\Auth\Filters\LoginFilter->before(Object(CodeIgniter\HTTP\IncomingRequest), NULL)
#9 C:\xampp\htdocs\Jago_Nyurat\vendor\codeigniter4\framework\system\Filters\Filters.php(221): CodeIgniter\Filters\Filters->runBefore(Array)
#10 C:\xampp\htdocs\Jago_Nyurat\vendor\codeigniter4\framework\system\CodeIgniter.php(479): CodeIgniter\Filters\Filters->run('sekum/surat/rev...', 'before')
#11 C:\xampp\htdocs\Jago_Nyurat\vendor\codeigniter4\framework\system\CodeIgniter.php(354): CodeIgniter\CodeIgniter->handleRequest(NULL, Object(Config\Cache), false)
#12 C:\xampp\htdocs\Jago_Nyurat\vendor\codeigniter4\framework\system\Boot.php(334): CodeIgniter\CodeIgniter->run()
#13 C:\xampp\htdocs\Jago_Nyurat\vendor\codeigniter4\framework\system\Boot.php(67): CodeIgniter\Boot::runCodeIgniter(Object(CodeIgniter\CodeIgniter))
#14 C:\xampp\htdocs\Jago_Nyurat\public\index.php(56): CodeIgniter\Boot::bootWeb(Object(Config\Paths))
#15 C:\xampp\htdocs\Jago_Nyurat\vendor\codeigniter4\framework\system\rewrite.php(44): require_once('C:\\xampp\\htdocs...')
#16 {main}
CRITICAL - 2026-04-04 14:48:30 --> CodeIgniter\Database\Exceptions\DatabaseException: Unable to connect to the database.
Main connection [MySQLi]: No connection could be made because the target machine actively refused it
[Method: GET, Route: sekum/surat/review/5]
in SYSTEMPATH\Database\BaseConnection.php on line 467.
 1 SYSTEMPATH\Database\BaseConnection.php(620): CodeIgniter\Database\BaseConnection->initialize()
 2 SYSTEMPATH\Database\BaseBuilder.php(1649): CodeIgniter\Database\BaseConnection->query('SELECT *
FROM `users`
WHERE `users`.`deleted_at` IS NULL
AND `users`.`id` = :users.id:', [...], false)
 3 SYSTEMPATH\Model.php(210): CodeIgniter\Database\BaseBuilder->get()
 4 SYSTEMPATH\BaseModel.php(609): CodeIgniter\Model->doFind(true, '19')
 5 VENDORPATH\myth\auth\src\Authentication\AuthenticationBase.php(130): CodeIgniter\BaseModel->find('19')
 6 VENDORPATH\myth\auth\src\Authentication\LocalAuthenticator.php(67): Myth\Auth\Authentication\AuthenticationBase->isLoggedIn()
 7 VENDORPATH\myth\auth\src\Filters\LoginFilter.php(29): Myth\Auth\Authentication\LocalAuthenticator->check()
 8 SYSTEMPATH\Filters\Filters.php(241): Myth\Auth\Filters\LoginFilter->before(Object(CodeIgniter\HTTP\IncomingRequest), null)
 9 SYSTEMPATH\Filters\Filters.php(221): CodeIgniter\Filters\Filters->runBefore([...])
10 SYSTEMPATH\CodeIgniter.php(479): CodeIgniter\Filters\Filters->run('sekum/surat/review/5', 'before')
11 SYSTEMPATH\CodeIgniter.php(354): CodeIgniter\CodeIgniter->handleRequest(null, Object(Config\Cache), false)
12 SYSTEMPATH\Boot.php(334): CodeIgniter\CodeIgniter->run()
13 SYSTEMPATH\Boot.php(67): CodeIgniter\Boot::runCodeIgniter(Object(CodeIgniter\CodeIgniter))
14 FCPATH\index.php(56): CodeIgniter\Boot::bootWeb(Object(Config\Paths))
15 SYSTEMPATH\rewrite.php(44): require_once('C:\\xampp\\htdocs\\Jago_Nyurat\\public\\index.php')
DEBUG - 2026-04-04 14:49:43 --> Session: Class initialized using 'CodeIgniter\Session\Handlers\FileHandler' driver.
DEBUG - 2026-04-04 14:50:15 --> Session: Class initialized using 'CodeIgniter\Session\Handlers\FileHandler' driver.
ERROR - 2026-04-04 14:50:19 --> Error connecting to the database: mysqli_sql_exception: No connection could be made because the target machine actively refused it in C:\xampp\htdocs\Jago_Nyurat\vendor\codeigniter4\framework\system\Database\MySQLi\Connection.php:201
Stack trace:
#0 C:\xampp\htdocs\Jago_Nyurat\vendor\codeigniter4\framework\system\Database\MySQLi\Connection.php(201): mysqli->real_connect('localhost', 'root', Object(SensitiveParameterValue), 'jago_nyurat', 3306, '', 0)
#1 C:\xampp\htdocs\Jago_Nyurat\vendor\codeigniter4\framework\system\Database\BaseConnection.php(421): CodeIgniter\Database\MySQLi\Connection->connect(false)
#2 C:\xampp\htdocs\Jago_Nyurat\vendor\codeigniter4\framework\system\Database\BaseConnection.php(620): CodeIgniter\Database\BaseConnection->initialize()
#3 C:\xampp\htdocs\Jago_Nyurat\vendor\codeigniter4\framework\system\Database\BaseBuilder.php(1649): CodeIgniter\Database\BaseConnection->query('SELECT *\nFROM `...', Array, false)
#4 C:\xampp\htdocs\Jago_Nyurat\vendor\codeigniter4\framework\system\Model.php(210): CodeIgniter\Database\BaseBuilder->get()
#5 C:\xampp\htdocs\Jago_Nyurat\vendor\codeigniter4\framework\system\BaseModel.php(609): CodeIgniter\Model->doFind(true, '19')
#6 C:\xampp\htdocs\Jago_Nyurat\vendor\myth\auth\src\Authentication\AuthenticationBase.php(130): CodeIgniter\BaseModel->find('19')
#7 C:\xampp\htdocs\Jago_Nyurat\vendor\myth\auth\src\Authentication\LocalAuthenticator.php(67): Myth\Auth\Authentication\AuthenticationBase->isLoggedIn()
#8 C:\xampp\htdocs\Jago_Nyurat\vendor\myth\auth\src\Filters\LoginFilter.php(29): Myth\Auth\Authentication\LocalAuthenticator->check()
#9 C:\xampp\htdocs\Jago_Nyurat\vendor\codeigniter4\framework\system\Filters\Filters.php(241): Myth\Auth\Filters\LoginFilter->before(Object(CodeIgniter\HTTP\IncomingRequest), NULL)
#10 C:\xampp\htdocs\Jago_Nyurat\vendor\codeigniter4\framework\system\Filters\Filters.php(221): CodeIgniter\Filters\Filters->runBefore(Array)
#11 C:\xampp\htdocs\Jago_Nyurat\vendor\codeigniter4\framework\system\CodeIgniter.php(479): CodeIgniter\Filters\Filters->run('admin', 'before')
#12 C:\xampp\htdocs\Jago_Nyurat\vendor\codeigniter4\framework\system\CodeIgniter.php(354): CodeIgniter\CodeIgniter->handleRequest(NULL, Object(Config\Cache), false)
#13 C:\xampp\htdocs\Jago_Nyurat\vendor\codeigniter4\framework\system\Boot.php(334): CodeIgniter\CodeIgniter->run()
#14 C:\xampp\htdocs\Jago_Nyurat\vendor\codeigniter4\framework\system\Boot.php(67): CodeIgniter\Boot::runCodeIgniter(Object(CodeIgniter\CodeIgniter))
#15 C:\xampp\htdocs\Jago_Nyurat\public\index.php(56): CodeIgniter\Boot::bootWeb(Object(Config\Paths))
#16 C:\xampp\htdocs\Jago_Nyurat\vendor\codeigniter4\framework\system\rewrite.php(44): require_once('C:\\xampp\\htdocs...')
#17 {main}

Next CodeIgniter\Database\Exceptions\DatabaseException: No connection could be made because the target machine actively refused it in C:\xampp\htdocs\Jago_Nyurat\vendor\codeigniter4\framework\system\Database\MySQLi\Connection.php:246
Stack trace:
#0 C:\xampp\htdocs\Jago_Nyurat\vendor\codeigniter4\framework\system\Database\BaseConnection.php(421): CodeIgniter\Database\MySQLi\Connection->connect(false)
#1 C:\xampp\htdocs\Jago_Nyurat\vendor\codeigniter4\framework\system\Database\BaseConnection.php(620): CodeIgniter\Database\BaseConnection->initialize()
#2 C:\xampp\htdocs\Jago_Nyurat\vendor\codeigniter4\framework\system\Database\BaseBuilder.php(1649): CodeIgniter\Database\BaseConnection->query('SELECT *\nFROM `...', Array, false)
#3 C:\xampp\htdocs\Jago_Nyurat\vendor\codeigniter4\framework\system\Model.php(210): CodeIgniter\Database\BaseBuilder->get()
#4 C:\xampp\htdocs\Jago_Nyurat\vendor\codeigniter4\framework\system\BaseModel.php(609): CodeIgniter\Model->doFind(true, '19')
#5 C:\xampp\htdocs\Jago_Nyurat\vendor\myth\auth\src\Authentication\AuthenticationBase.php(130): CodeIgniter\BaseModel->find('19')
#6 C:\xampp\htdocs\Jago_Nyurat\vendor\myth\auth\src\Authentication\LocalAuthenticator.php(67): Myth\Auth\Authentication\AuthenticationBase->isLoggedIn()
#7 C:\xampp\htdocs\Jago_Nyurat\vendor\myth\auth\src\Filters\LoginFilter.php(29): Myth\Auth\Authentication\LocalAuthenticator->check()
#8 C:\xampp\htdocs\Jago_Nyurat\vendor\codeigniter4\framework\system\Filters\Filters.php(241): Myth\Auth\Filters\LoginFilter->before(Object(CodeIgniter\HTTP\IncomingRequest), NULL)
#9 C:\xampp\htdocs\Jago_Nyurat\vendor\codeigniter4\framework\system\Filters\Filters.php(221): CodeIgniter\Filters\Filters->runBefore(Array)
#10 C:\xampp\htdocs\Jago_Nyurat\vendor\codeigniter4\framework\system\CodeIgniter.php(479): CodeIgniter\Filters\Filters->run('admin', 'before')
#11 C:\xampp\htdocs\Jago_Nyurat\vendor\codeigniter4\framework\system\CodeIgniter.php(354): CodeIgniter\CodeIgniter->handleRequest(NULL, Object(Config\Cache), false)
#12 C:\xampp\htdocs\Jago_Nyurat\vendor\codeigniter4\framework\system\Boot.php(334): CodeIgniter\CodeIgniter->run()
#13 C:\xampp\htdocs\Jago_Nyurat\vendor\codeigniter4\framework\system\Boot.php(67): CodeIgniter\Boot::runCodeIgniter(Object(CodeIgniter\CodeIgniter))
#14 C:\xampp\htdocs\Jago_Nyurat\public\index.php(56): CodeIgniter\Boot::bootWeb(Object(Config\Paths))
#15 C:\xampp\htdocs\Jago_Nyurat\vendor\codeigniter4\framework\system\rewrite.php(44): require_once('C:\\xampp\\htdocs...')
#16 {main}
CRITICAL - 2026-04-04 14:50:19 --> CodeIgniter\Database\Exceptions\DatabaseException: Unable to connect to the database.
Main connection [MySQLi]: No connection could be made because the target machine actively refused it
[Method: GET, Route: admin]
in SYSTEMPATH\Database\BaseConnection.php on line 467.
 1 SYSTEMPATH\Database\BaseConnection.php(620): CodeIgniter\Database\BaseConnection->initialize()
 2 SYSTEMPATH\Database\BaseBuilder.php(1649): CodeIgniter\Database\BaseConnection->query('SELECT *
FROM `users`
WHERE `users`.`deleted_at` IS NULL
AND `users`.`id` = :users.id:', [...], false)
 3 SYSTEMPATH\Model.php(210): CodeIgniter\Database\BaseBuilder->get()
 4 SYSTEMPATH\BaseModel.php(609): CodeIgniter\Model->doFind(true, '19')
 5 VENDORPATH\myth\auth\src\Authentication\AuthenticationBase.php(130): CodeIgniter\BaseModel->find('19')
 6 VENDORPATH\myth\auth\src\Authentication\LocalAuthenticator.php(67): Myth\Auth\Authentication\AuthenticationBase->isLoggedIn()
 7 VENDORPATH\myth\auth\src\Filters\LoginFilter.php(29): Myth\Auth\Authentication\LocalAuthenticator->check()
 8 SYSTEMPATH\Filters\Filters.php(241): Myth\Auth\Filters\LoginFilter->before(Object(CodeIgniter\HTTP\IncomingRequest), null)
 9 SYSTEMPATH\Filters\Filters.php(221): CodeIgniter\Filters\Filters->runBefore([...])
10 SYSTEMPATH\CodeIgniter.php(479): CodeIgniter\Filters\Filters->run('admin', 'before')
11 SYSTEMPATH\CodeIgniter.php(354): CodeIgniter\CodeIgniter->handleRequest(null, Object(Config\Cache), false)
12 SYSTEMPATH\Boot.php(334): CodeIgniter\CodeIgniter->run()
13 SYSTEMPATH\Boot.php(67): CodeIgniter\Boot::runCodeIgniter(Object(CodeIgniter\CodeIgniter))
14 FCPATH\index.php(56): CodeIgniter\Boot::bootWeb(Object(Config\Paths))
15 SYSTEMPATH\rewrite.php(44): require_once('C:\\xampp\\htdocs\\Jago_Nyurat\\public\\index.php')
DEBUG - 2026-04-04 14:50:22 --> Session: Class initialized using 'CodeIgniter\Session\Handlers\FileHandler' driver.
ERROR - 2026-04-04 14:50:26 --> Error connecting to the database: mysqli_sql_exception: No connection could be made because the target machine actively refused it in C:\xampp\htdocs\Jago_Nyurat\vendor\codeigniter4\framework\system\Database\MySQLi\Connection.php:201
Stack trace:
#0 C:\xampp\htdocs\Jago_Nyurat\vendor\codeigniter4\framework\system\Database\MySQLi\Connection.php(201): mysqli->real_connect('localhost', 'root', Object(SensitiveParameterValue), 'jago_nyurat', 3306, '', 0)
#1 C:\xampp\htdocs\Jago_Nyurat\vendor\codeigniter4\framework\system\Database\BaseConnection.php(421): CodeIgniter\Database\MySQLi\Connection->connect(false)
#2 C:\xampp\htdocs\Jago_Nyurat\vendor\codeigniter4\framework\system\Database\BaseConnection.php(620): CodeIgniter\Database\BaseConnection->initialize()
#3 C:\xampp\htdocs\Jago_Nyurat\vendor\codeigniter4\framework\system\Database\BaseBuilder.php(1649): CodeIgniter\Database\BaseConnection->query('SELECT *\nFROM `...', Array, false)
#4 C:\xampp\htdocs\Jago_Nyurat\vendor\codeigniter4\framework\system\Model.php(210): CodeIgniter\Database\BaseBuilder->get()
#5 C:\xampp\htdocs\Jago_Nyurat\vendor\codeigniter4\framework\system\BaseModel.php(609): CodeIgniter\Model->doFind(true, '19')
#6 C:\xampp\htdocs\Jago_Nyurat\vendor\myth\auth\src\Authentication\AuthenticationBase.php(130): CodeIgniter\BaseModel->find('19')
#7 C:\xampp\htdocs\Jago_Nyurat\vendor\myth\auth\src\Authentication\LocalAuthenticator.php(67): Myth\Auth\Authentication\AuthenticationBase->isLoggedIn()
#8 C:\xampp\htdocs\Jago_Nyurat\vendor\myth\auth\src\Filters\LoginFilter.php(29): Myth\Auth\Authentication\LocalAuthenticator->check()
#9 C:\xampp\htdocs\Jago_Nyurat\vendor\codeigniter4\framework\system\Filters\Filters.php(241): Myth\Auth\Filters\LoginFilter->before(Object(CodeIgniter\HTTP\IncomingRequest), NULL)
#10 C:\xampp\htdocs\Jago_Nyurat\vendor\codeigniter4\framework\system\Filters\Filters.php(221): CodeIgniter\Filters\Filters->runBefore(Array)
#11 C:\xampp\htdocs\Jago_Nyurat\vendor\codeigniter4\framework\system\CodeIgniter.php(479): CodeIgniter\Filters\Filters->run('sekum/surat/rev...', 'before')
#12 C:\xampp\htdocs\Jago_Nyurat\vendor\codeigniter4\framework\system\CodeIgniter.php(354): CodeIgniter\CodeIgniter->handleRequest(NULL, Object(Config\Cache), false)
#13 C:\xampp\htdocs\Jago_Nyurat\vendor\codeigniter4\framework\system\Boot.php(334): CodeIgniter\CodeIgniter->run()
#14 C:\xampp\htdocs\Jago_Nyurat\vendor\codeigniter4\framework\system\Boot.php(67): CodeIgniter\Boot::runCodeIgniter(Object(CodeIgniter\CodeIgniter))
#15 C:\xampp\htdocs\Jago_Nyurat\public\index.php(56): CodeIgniter\Boot::bootWeb(Object(Config\Paths))
#16 C:\xampp\htdocs\Jago_Nyurat\vendor\codeigniter4\framework\system\rewrite.php(44): require_once('C:\\xampp\\htdocs...')
#17 {main}

Next CodeIgniter\Database\Exceptions\DatabaseException: No connection could be made because the target machine actively refused it in C:\xampp\htdocs\Jago_Nyurat\vendor\codeigniter4\framework\system\Database\MySQLi\Connection.php:246
Stack trace:
#0 C:\xampp\htdocs\Jago_Nyurat\vendor\codeigniter4\framework\system\Database\BaseConnection.php(421): CodeIgniter\Database\MySQLi\Connection->connect(false)
#1 C:\xampp\htdocs\Jago_Nyurat\vendor\codeigniter4\framework\system\Database\BaseConnection.php(620): CodeIgniter\Database\BaseConnection->initialize()
#2 C:\xampp\htdocs\Jago_Nyurat\vendor\codeigniter4\framework\system\Database\BaseBuilder.php(1649): CodeIgniter\Database\BaseConnection->query('SELECT *\nFROM `...', Array, false)
#3 C:\xampp\htdocs\Jago_Nyurat\vendor\codeigniter4\framework\system\Model.php(210): CodeIgniter\Database\BaseBuilder->get()
#4 C:\xampp\htdocs\Jago_Nyurat\vendor\codeigniter4\framework\system\BaseModel.php(609): CodeIgniter\Model->doFind(true, '19')
#5 C:\xampp\htdocs\Jago_Nyurat\vendor\myth\auth\src\Authentication\AuthenticationBase.php(130): CodeIgniter\BaseModel->find('19')
#6 C:\xampp\htdocs\Jago_Nyurat\vendor\myth\auth\src\Authentication\LocalAuthenticator.php(67): Myth\Auth\Authentication\AuthenticationBase->isLoggedIn()
#7 C:\xampp\htdocs\Jago_Nyurat\vendor\myth\auth\src\Filters\LoginFilter.php(29): Myth\Auth\Authentication\LocalAuthenticator->check()
#8 C:\xampp\htdocs\Jago_Nyurat\vendor\codeigniter4\framework\system\Filters\Filters.php(241): Myth\Auth\Filters\LoginFilter->before(Object(CodeIgniter\HTTP\IncomingRequest), NULL)
#9 C:\xampp\htdocs\Jago_Nyurat\vendor\codeigniter4\framework\system\Filters\Filters.php(221): CodeIgniter\Filters\Filters->runBefore(Array)
#10 C:\xampp\htdocs\Jago_Nyurat\vendor\codeigniter4\framework\system\CodeIgniter.php(479): CodeIgniter\Filters\Filters->run('sekum/surat/rev...', 'before')
#11 C:\xampp\htdocs\Jago_Nyurat\vendor\codeigniter4\framework\system\CodeIgniter.php(354): CodeIgniter\CodeIgniter->handleRequest(NULL, Object(Config\Cache), false)
#12 C:\xampp\htdocs\Jago_Nyurat\vendor\codeigniter4\framework\system\Boot.php(334): CodeIgniter\CodeIgniter->run()
#13 C:\xampp\htdocs\Jago_Nyurat\vendor\codeigniter4\framework\system\Boot.php(67): CodeIgniter\Boot::runCodeIgniter(Object(CodeIgniter\CodeIgniter))
#14 C:\xampp\htdocs\Jago_Nyurat\public\index.php(56): CodeIgniter\Boot::bootWeb(Object(Config\Paths))
#15 C:\xampp\htdocs\Jago_Nyurat\vendor\codeigniter4\framework\system\rewrite.php(44): require_once('C:\\xampp\\htdocs...')
#16 {main}
CRITICAL - 2026-04-04 14:50:26 --> CodeIgniter\Database\Exceptions\DatabaseException: Unable to connect to the database.
Main connection [MySQLi]: No connection could be made because the target machine actively refused it
[Method: GET, Route: sekum/surat/review/5]
in SYSTEMPATH\Database\BaseConnection.php on line 467.
 1 SYSTEMPATH\Database\BaseConnection.php(620): CodeIgniter\Database\BaseConnection->initialize()
 2 SYSTEMPATH\Database\BaseBuilder.php(1649): CodeIgniter\Database\BaseConnection->query('SELECT *
FROM `users`
WHERE `users`.`deleted_at` IS NULL
AND `users`.`id` = :users.id:', [...], false)
 3 SYSTEMPATH\Model.php(210): CodeIgniter\Database\BaseBuilder->get()
 4 SYSTEMPATH\BaseModel.php(609): CodeIgniter\Model->doFind(true, '19')
 5 VENDORPATH\myth\auth\src\Authentication\AuthenticationBase.php(130): CodeIgniter\BaseModel->find('19')
 6 VENDORPATH\myth\auth\src\Authentication\LocalAuthenticator.php(67): Myth\Auth\Authentication\AuthenticationBase->isLoggedIn()
 7 VENDORPATH\myth\auth\src\Filters\LoginFilter.php(29): Myth\Auth\Authentication\LocalAuthenticator->check()
 8 SYSTEMPATH\Filters\Filters.php(241): Myth\Auth\Filters\LoginFilter->before(Object(CodeIgniter\HTTP\IncomingRequest), null)
 9 SYSTEMPATH\Filters\Filters.php(221): CodeIgniter\Filters\Filters->runBefore([...])
10 SYSTEMPATH\CodeIgniter.php(479): CodeIgniter\Filters\Filters->run('sekum/surat/review/5', 'before')
11 SYSTEMPATH\CodeIgniter.php(354): CodeIgniter\CodeIgniter->handleRequest(null, Object(Config\Cache), false)
12 SYSTEMPATH\Boot.php(334): CodeIgniter\CodeIgniter->run()
13 SYSTEMPATH\Boot.php(67): CodeIgniter\Boot::runCodeIgniter(Object(CodeIgniter\CodeIgniter))
14 FCPATH\index.php(56): CodeIgniter\Boot::bootWeb(Object(Config\Paths))
15 SYSTEMPATH\rewrite.php(44): require_once('C:\\xampp\\htdocs\\Jago_Nyurat\\public\\index.php')
DEBUG - 2026-04-04 14:50:28 --> Session: Class initialized using 'CodeIgniter\Session\Handlers\FileHandler' driver.
ERROR - 2026-04-04 14:50:32 --> Error connecting to the database: mysqli_sql_exception: No connection could be made because the target machine actively refused it in C:\xampp\htdocs\Jago_Nyurat\vendor\codeigniter4\framework\system\Database\MySQLi\Connection.php:201
Stack trace:
#0 C:\xampp\htdocs\Jago_Nyurat\vendor\codeigniter4\framework\system\Database\MySQLi\Connection.php(201): mysqli->real_connect('localhost', 'root', Object(SensitiveParameterValue), 'jago_nyurat', 3306, '', 0)
#1 C:\xampp\htdocs\Jago_Nyurat\vendor\codeigniter4\framework\system\Database\BaseConnection.php(421): CodeIgniter\Database\MySQLi\Connection->connect(false)
#2 C:\xampp\htdocs\Jago_Nyurat\vendor\codeigniter4\framework\system\Database\BaseConnection.php(620): CodeIgniter\Database\BaseConnection->initialize()
#3 C:\xampp\htdocs\Jago_Nyurat\vendor\codeigniter4\framework\system\Database\BaseBuilder.php(1649): CodeIgniter\Database\BaseConnection->query('SELECT *\nFROM `...', Array, false)
#4 C:\xampp\htdocs\Jago_Nyurat\vendor\codeigniter4\framework\system\Model.php(210): CodeIgniter\Database\BaseBuilder->get()
#5 C:\xampp\htdocs\Jago_Nyurat\vendor\codeigniter4\framework\system\BaseModel.php(609): CodeIgniter\Model->doFind(true, '19')
#6 C:\xampp\htdocs\Jago_Nyurat\vendor\myth\auth\src\Authentication\AuthenticationBase.php(130): CodeIgniter\BaseModel->find('19')
#7 C:\xampp\htdocs\Jago_Nyurat\vendor\myth\auth\src\Authentication\LocalAuthenticator.php(67): Myth\Auth\Authentication\AuthenticationBase->isLoggedIn()
#8 C:\xampp\htdocs\Jago_Nyurat\vendor\myth\auth\src\Filters\LoginFilter.php(29): Myth\Auth\Authentication\LocalAuthenticator->check()
#9 C:\xampp\htdocs\Jago_Nyurat\vendor\codeigniter4\framework\system\Filters\Filters.php(241): Myth\Auth\Filters\LoginFilter->before(Object(CodeIgniter\HTTP\IncomingRequest), NULL)
#10 C:\xampp\htdocs\Jago_Nyurat\vendor\codeigniter4\framework\system\Filters\Filters.php(221): CodeIgniter\Filters\Filters->runBefore(Array)
#11 C:\xampp\htdocs\Jago_Nyurat\vendor\codeigniter4\framework\system\CodeIgniter.php(479): CodeIgniter\Filters\Filters->run('', 'before')
#12 C:\xampp\htdocs\Jago_Nyurat\vendor\codeigniter4\framework\system\CodeIgniter.php(354): CodeIgniter\CodeIgniter->handleRequest(NULL, Object(Config\Cache), false)
#13 C:\xampp\htdocs\Jago_Nyurat\vendor\codeigniter4\framework\system\Boot.php(334): CodeIgniter\CodeIgniter->run()
#14 C:\xampp\htdocs\Jago_Nyurat\vendor\codeigniter4\framework\system\Boot.php(67): CodeIgniter\Boot::runCodeIgniter(Object(CodeIgniter\CodeIgniter))
#15 C:\xampp\htdocs\Jago_Nyurat\public\index.php(56): CodeIgniter\Boot::bootWeb(Object(Config\Paths))
#16 C:\xampp\htdocs\Jago_Nyurat\vendor\codeigniter4\framework\system\rewrite.php(44): require_once('C:\\xampp\\htdocs...')
#17 {main}

Next CodeIgniter\Database\Exceptions\DatabaseException: No connection could be made because the target machine actively refused it in C:\xampp\htdocs\Jago_Nyurat\vendor\codeigniter4\framework\system\Database\MySQLi\Connection.php:246
Stack trace:
#0 C:\xampp\htdocs\Jago_Nyurat\vendor\codeigniter4\framework\system\Database\BaseConnection.php(421): CodeIgniter\Database\MySQLi\Connection->connect(false)
#1 C:\xampp\htdocs\Jago_Nyurat\vendor\codeigniter4\framework\system\Database\BaseConnection.php(620): CodeIgniter\Database\BaseConnection->initialize()
#2 C:\xampp\htdocs\Jago_Nyurat\vendor\codeigniter4\framework\system\Database\BaseBuilder.php(1649): CodeIgniter\Database\BaseConnection->query('SELECT *\nFROM `...', Array, false)
#3 C:\xampp\htdocs\Jago_Nyurat\vendor\codeigniter4\framework\system\Model.php(210): CodeIgniter\Database\BaseBuilder->get()
#4 C:\xampp\htdocs\Jago_Nyurat\vendor\codeigniter4\framework\system\BaseModel.php(609): CodeIgniter\Model->doFind(true, '19')
#5 C:\xampp\htdocs\Jago_Nyurat\vendor\myth\auth\src\Authentication\AuthenticationBase.php(130): CodeIgniter\BaseModel->find('19')
#6 C:\xampp\htdocs\Jago_Nyurat\vendor\myth\auth\src\Authentication\LocalAuthenticator.php(67): Myth\Auth\Authentication\AuthenticationBase->isLoggedIn()
#7 C:\xampp\htdocs\Jago_Nyurat\vendor\myth\auth\src\Filters\LoginFilter.php(29): Myth\Auth\Authentication\LocalAuthenticator->check()
#8 C:\xampp\htdocs\Jago_Nyurat\vendor\codeigniter4\framework\system\Filters\Filters.php(241): Myth\Auth\Filters\LoginFilter->before(Object(CodeIgniter\HTTP\IncomingRequest), NULL)
#9 C:\xampp\htdocs\Jago_Nyurat\vendor\codeigniter4\framework\system\Filters\Filters.php(221): CodeIgniter\Filters\Filters->runBefore(Array)
#10 C:\xampp\htdocs\Jago_Nyurat\vendor\codeigniter4\framework\system\CodeIgniter.php(479): CodeIgniter\Filters\Filters->run('', 'before')
#11 C:\xampp\htdocs\Jago_Nyurat\vendor\codeigniter4\framework\system\CodeIgniter.php(354): CodeIgniter\CodeIgniter->handleRequest(NULL, Object(Config\Cache), false)
#12 C:\xampp\htdocs\Jago_Nyurat\vendor\codeigniter4\framework\system\Boot.php(334): CodeIgniter\CodeIgniter->run()
#13 C:\xampp\htdocs\Jago_Nyurat\vendor\codeigniter4\framework\system\Boot.php(67): CodeIgniter\Boot::runCodeIgniter(Object(CodeIgniter\CodeIgniter))
#14 C:\xampp\htdocs\Jago_Nyurat\public\index.php(56): CodeIgniter\Boot::bootWeb(Object(Config\Paths))
#15 C:\xampp\htdocs\Jago_Nyurat\vendor\codeigniter4\framework\system\rewrite.php(44): require_once('C:\\xampp\\htdocs...')
#16 {main}
CRITICAL - 2026-04-04 14:50:32 --> CodeIgniter\Database\Exceptions\DatabaseException: Unable to connect to the database.
Main connection [MySQLi]: No connection could be made because the target machine actively refused it
[Method: GET, Route: /]
in SYSTEMPATH\Database\BaseConnection.php on line 467.
 1 SYSTEMPATH\Database\BaseConnection.php(620): CodeIgniter\Database\BaseConnection->initialize()
 2 SYSTEMPATH\Database\BaseBuilder.php(1649): CodeIgniter\Database\BaseConnection->query('SELECT *
FROM `users`
WHERE `users`.`deleted_at` IS NULL
AND `users`.`id` = :users.id:', [...], false)
 3 SYSTEMPATH\Model.php(210): CodeIgniter\Database\BaseBuilder->get()
 4 SYSTEMPATH\BaseModel.php(609): CodeIgniter\Model->doFind(true, '19')
 5 VENDORPATH\myth\auth\src\Authentication\AuthenticationBase.php(130): CodeIgniter\BaseModel->find('19')
 6 VENDORPATH\myth\auth\src\Authentication\LocalAuthenticator.php(67): Myth\Auth\Authentication\AuthenticationBase->isLoggedIn()
 7 VENDORPATH\myth\auth\src\Filters\LoginFilter.php(29): Myth\Auth\Authentication\LocalAuthenticator->check()
 8 SYSTEMPATH\Filters\Filters.php(241): Myth\Auth\Filters\LoginFilter->before(Object(CodeIgniter\HTTP\IncomingRequest), null)
 9 SYSTEMPATH\Filters\Filters.php(221): CodeIgniter\Filters\Filters->runBefore([...])
10 SYSTEMPATH\CodeIgniter.php(479): CodeIgniter\Filters\Filters->run('', 'before')
11 SYSTEMPATH\CodeIgniter.php(354): CodeIgniter\CodeIgniter->handleRequest(null, Object(Config\Cache), false)
12 SYSTEMPATH\Boot.php(334): CodeIgniter\CodeIgniter->run()
13 SYSTEMPATH\Boot.php(67): CodeIgniter\Boot::runCodeIgniter(Object(CodeIgniter\CodeIgniter))
14 FCPATH\index.php(56): CodeIgniter\Boot::bootWeb(Object(Config\Paths))
15 SYSTEMPATH\rewrite.php(44): require_once('C:\\xampp\\htdocs\\Jago_Nyurat\\public\\index.php')
DEBUG - 2026-04-04 14:50:32 --> Session: Class initialized using 'CodeIgniter\Session\Handlers\FileHandler' driver.
ERROR - 2026-04-04 14:50:36 --> Error connecting to the database: mysqli_sql_exception: No connection could be made because the target machine actively refused it in C:\xampp\htdocs\Jago_Nyurat\vendor\codeigniter4\framework\system\Database\MySQLi\Connection.php:201
Stack trace:
#0 C:\xampp\htdocs\Jago_Nyurat\vendor\codeigniter4\framework\system\Database\MySQLi\Connection.php(201): mysqli->real_connect('localhost', 'root', Object(SensitiveParameterValue), 'jago_nyurat', 3306, '', 0)
#1 C:\xampp\htdocs\Jago_Nyurat\vendor\codeigniter4\framework\system\Database\BaseConnection.php(421): CodeIgniter\Database\MySQLi\Connection->connect(false)
#2 C:\xampp\htdocs\Jago_Nyurat\vendor\codeigniter4\framework\system\Database\BaseConnection.php(620): CodeIgniter\Database\BaseConnection->initialize()
#3 C:\xampp\htdocs\Jago_Nyurat\vendor\codeigniter4\framework\system\Database\BaseBuilder.php(1649): CodeIgniter\Database\BaseConnection->query('SELECT *\nFROM `...', Array, false)
#4 C:\xampp\htdocs\Jago_Nyurat\vendor\codeigniter4\framework\system\Model.php(210): CodeIgniter\Database\BaseBuilder->get()
#5 C:\xampp\htdocs\Jago_Nyurat\vendor\codeigniter4\framework\system\BaseModel.php(609): CodeIgniter\Model->doFind(true, '19')
#6 C:\xampp\htdocs\Jago_Nyurat\vendor\myth\auth\src\Authentication\AuthenticationBase.php(130): CodeIgniter\BaseModel->find('19')
#7 C:\xampp\htdocs\Jago_Nyurat\vendor\myth\auth\src\Authentication\LocalAuthenticator.php(67): Myth\Auth\Authentication\AuthenticationBase->isLoggedIn()
#8 C:\xampp\htdocs\Jago_Nyurat\vendor\myth\auth\src\Controllers\AuthController.php(48): Myth\Auth\Authentication\LocalAuthenticator->check()
#9 C:\xampp\htdocs\Jago_Nyurat\vendor\codeigniter4\framework\system\CodeIgniter.php(933): Myth\Auth\Controllers\AuthController->login()
#10 C:\xampp\htdocs\Jago_Nyurat\vendor\codeigniter4\framework\system\CodeIgniter.php(507): CodeIgniter\CodeIgniter->runController(Object(Myth\Auth\Controllers\AuthController))
#11 C:\xampp\htdocs\Jago_Nyurat\vendor\codeigniter4\framework\system\CodeIgniter.php(354): CodeIgniter\CodeIgniter->handleRequest(NULL, Object(Config\Cache), false)
#12 C:\xampp\htdocs\Jago_Nyurat\vendor\codeigniter4\framework\system\Boot.php(334): CodeIgniter\CodeIgniter->run()
#13 C:\xampp\htdocs\Jago_Nyurat\vendor\codeigniter4\framework\system\Boot.php(67): CodeIgniter\Boot::runCodeIgniter(Object(CodeIgniter\CodeIgniter))
#14 C:\xampp\htdocs\Jago_Nyurat\public\index.php(56): CodeIgniter\Boot::bootWeb(Object(Config\Paths))
#15 C:\xampp\htdocs\Jago_Nyurat\vendor\codeigniter4\framework\system\rewrite.php(44): require_once('C:\\xampp\\htdocs...')
#16 {main}

Next CodeIgniter\Database\Exceptions\DatabaseException: No connection could be made because the target machine actively refused it in C:\xampp\htdocs\Jago_Nyurat\vendor\codeigniter4\framework\system\Database\MySQLi\Connection.php:246
Stack trace:
#0 C:\xampp\htdocs\Jago_Nyurat\vendor\codeigniter4\framework\system\Database\BaseConnection.php(421): CodeIgniter\Database\MySQLi\Connection->connect(false)
#1 C:\xampp\htdocs\Jago_Nyurat\vendor\codeigniter4\framework\system\Database\BaseConnection.php(620): CodeIgniter\Database\BaseConnection->initialize()
#2 C:\xampp\htdocs\Jago_Nyurat\vendor\codeigniter4\framework\system\Database\BaseBuilder.php(1649): CodeIgniter\Database\BaseConnection->query('SELECT *\nFROM `...', Array, false)
#3 C:\xampp\htdocs\Jago_Nyurat\vendor\codeigniter4\framework\system\Model.php(210): CodeIgniter\Database\BaseBuilder->get()
#4 C:\xampp\htdocs\Jago_Nyurat\vendor\codeigniter4\framework\system\BaseModel.php(609): CodeIgniter\Model->doFind(true, '19')
#5 C:\xampp\htdocs\Jago_Nyurat\vendor\myth\auth\src\Authentication\AuthenticationBase.php(130): CodeIgniter\BaseModel->find('19')
#6 C:\xampp\htdocs\Jago_Nyurat\vendor\myth\auth\src\Authentication\LocalAuthenticator.php(67): Myth\Auth\Authentication\AuthenticationBase->isLoggedIn()
#7 C:\xampp\htdocs\Jago_Nyurat\vendor\myth\auth\src\Controllers\AuthController.php(48): Myth\Auth\Authentication\LocalAuthenticator->check()
#8 C:\xampp\htdocs\Jago_Nyurat\vendor\codeigniter4\framework\system\CodeIgniter.php(933): Myth\Auth\Controllers\AuthController->login()
#9 C:\xampp\htdocs\Jago_Nyurat\vendor\codeigniter4\framework\system\CodeIgniter.php(507): CodeIgniter\CodeIgniter->runController(Object(Myth\Auth\Controllers\AuthController))
#10 C:\xampp\htdocs\Jago_Nyurat\vendor\codeigniter4\framework\system\CodeIgniter.php(354): CodeIgniter\CodeIgniter->handleRequest(NULL, Object(Config\Cache), false)
#11 C:\xampp\htdocs\Jago_Nyurat\vendor\codeigniter4\framework\system\Boot.php(334): CodeIgniter\CodeIgniter->run()
#12 C:\xampp\htdocs\Jago_Nyurat\vendor\codeigniter4\framework\system\Boot.php(67): CodeIgniter\Boot::runCodeIgniter(Object(CodeIgniter\CodeIgniter))
#13 C:\xampp\htdocs\Jago_Nyurat\public\index.php(56): CodeIgniter\Boot::bootWeb(Object(Config\Paths))
#14 C:\xampp\htdocs\Jago_Nyurat\vendor\codeigniter4\framework\system\rewrite.php(44): require_once('C:\\xampp\\htdocs...')
#15 {main}
CRITICAL - 2026-04-04 14:50:36 --> CodeIgniter\Database\Exceptions\DatabaseException: Unable to connect to the database.
Main connection [MySQLi]: No connection could be made because the target machine actively refused it
[Method: GET, Route: login]
in SYSTEMPATH\Database\BaseConnection.php on line 467.
 1 SYSTEMPATH\Database\BaseConnection.php(620): CodeIgniter\Database\BaseConnection->initialize()
 2 SYSTEMPATH\Database\BaseBuilder.php(1649): CodeIgniter\Database\BaseConnection->query('SELECT *
FROM `users`
WHERE `users`.`deleted_at` IS NULL
AND `users`.`id` = :users.id:', [...], false)
 3 SYSTEMPATH\Model.php(210): CodeIgniter\Database\BaseBuilder->get()
 4 SYSTEMPATH\BaseModel.php(609): CodeIgniter\Model->doFind(true, '19')
 5 VENDORPATH\myth\auth\src\Authentication\AuthenticationBase.php(130): CodeIgniter\BaseModel->find('19')
 6 VENDORPATH\myth\auth\src\Authentication\LocalAuthenticator.php(67): Myth\Auth\Authentication\AuthenticationBase->isLoggedIn()
 7 VENDORPATH\myth\auth\src\Controllers\AuthController.php(48): Myth\Auth\Authentication\LocalAuthenticator->check()
 8 SYSTEMPATH\CodeIgniter.php(933): Myth\Auth\Controllers\AuthController->login()
 9 SYSTEMPATH\CodeIgniter.php(507): CodeIgniter\CodeIgniter->runController(Object(Myth\Auth\Controllers\AuthController))
10 SYSTEMPATH\CodeIgniter.php(354): CodeIgniter\CodeIgniter->handleRequest(null, Object(Config\Cache), false)
11 SYSTEMPATH\Boot.php(334): CodeIgniter\CodeIgniter->run()
12 SYSTEMPATH\Boot.php(67): CodeIgniter\Boot::runCodeIgniter(Object(CodeIgniter\CodeIgniter))
13 FCPATH\index.php(56): CodeIgniter\Boot::bootWeb(Object(Config\Paths))
14 SYSTEMPATH\rewrite.php(44): require_once('C:\\xampp\\htdocs\\Jago_Nyurat\\public\\index.php')
DEBUG - 2026-04-04 14:50:45 --> Session: Class initialized using 'CodeIgniter\Session\Handlers\FileHandler' driver.
ERROR - 2026-04-04 14:50:49 --> Error connecting to the database: mysqli_sql_exception: No connection could be made because the target machine actively refused it in C:\xampp\htdocs\Jago_Nyurat\vendor\codeigniter4\framework\system\Database\MySQLi\Connection.php:201
Stack trace:
#0 C:\xampp\htdocs\Jago_Nyurat\vendor\codeigniter4\framework\system\Database\MySQLi\Connection.php(201): mysqli->real_connect('localhost', 'root', Object(SensitiveParameterValue), 'jago_nyurat', 3306, '', 0)
#1 C:\xampp\htdocs\Jago_Nyurat\vendor\codeigniter4\framework\system\Database\BaseConnection.php(421): CodeIgniter\Database\MySQLi\Connection->connect(false)
#2 C:\xampp\htdocs\Jago_Nyurat\vendor\codeigniter4\framework\system\Database\BaseConnection.php(620): CodeIgniter\Database\BaseConnection->initialize()
#3 C:\xampp\htdocs\Jago_Nyurat\vendor\codeigniter4\framework\system\Database\BaseBuilder.php(1649): CodeIgniter\Database\BaseConnection->query('SELECT *\nFROM `...', Array, false)
#4 C:\xampp\htdocs\Jago_Nyurat\vendor\codeigniter4\framework\system\Model.php(210): CodeIgniter\Database\BaseBuilder->get()
#5 C:\xampp\htdocs\Jago_Nyurat\vendor\codeigniter4\framework\system\BaseModel.php(609): CodeIgniter\Model->doFind(true, '19')
#6 C:\xampp\htdocs\Jago_Nyurat\vendor\myth\auth\src\Authentication\AuthenticationBase.php(130): CodeIgniter\BaseModel->find('19')
#7 C:\xampp\htdocs\Jago_Nyurat\vendor\myth\auth\src\Authentication\LocalAuthenticator.php(67): Myth\Auth\Authentication\AuthenticationBase->isLoggedIn()
#8 C:\xampp\htdocs\Jago_Nyurat\vendor\myth\auth\src\Filters\LoginFilter.php(29): Myth\Auth\Authentication\LocalAuthenticator->check()
#9 C:\xampp\htdocs\Jago_Nyurat\vendor\codeigniter4\framework\system\Filters\Filters.php(241): Myth\Auth\Filters\LoginFilter->before(Object(CodeIgniter\HTTP\IncomingRequest), NULL)
#10 C:\xampp\htdocs\Jago_Nyurat\vendor\codeigniter4\framework\system\Filters\Filters.php(221): CodeIgniter\Filters\Filters->runBefore(Array)
#11 C:\xampp\htdocs\Jago_Nyurat\vendor\codeigniter4\framework\system\CodeIgniter.php(479): CodeIgniter\Filters\Filters->run('', 'before')
#12 C:\xampp\htdocs\Jago_Nyurat\vendor\codeigniter4\framework\system\CodeIgniter.php(354): CodeIgniter\CodeIgniter->handleRequest(NULL, Object(Config\Cache), false)
#13 C:\xampp\htdocs\Jago_Nyurat\vendor\codeigniter4\framework\system\Boot.php(334): CodeIgniter\CodeIgniter->run()
#14 C:\xampp\htdocs\Jago_Nyurat\vendor\codeigniter4\framework\system\Boot.php(67): CodeIgniter\Boot::runCodeIgniter(Object(CodeIgniter\CodeIgniter))
#15 C:\xampp\htdocs\Jago_Nyurat\public\index.php(56): CodeIgniter\Boot::bootWeb(Object(Config\Paths))
#16 C:\xampp\htdocs\Jago_Nyurat\vendor\codeigniter4\framework\system\rewrite.php(44): require_once('C:\\xampp\\htdocs...')
#17 {main}

Next CodeIgniter\Database\Exceptions\DatabaseException: No connection could be made because the target machine actively refused it in C:\xampp\htdocs\Jago_Nyurat\vendor\codeigniter4\framework\system\Database\MySQLi\Connection.php:246
Stack trace:
#0 C:\xampp\htdocs\Jago_Nyurat\vendor\codeigniter4\framework\system\Database\BaseConnection.php(421): CodeIgniter\Database\MySQLi\Connection->connect(false)
#1 C:\xampp\htdocs\Jago_Nyurat\vendor\codeigniter4\framework\system\Database\BaseConnection.php(620): CodeIgniter\Database\BaseConnection->initialize()
#2 C:\xampp\htdocs\Jago_Nyurat\vendor\codeigniter4\framework\system\Database\BaseBuilder.php(1649): CodeIgniter\Database\BaseConnection->query('SELECT *\nFROM `...', Array, false)
#3 C:\xampp\htdocs\Jago_Nyurat\vendor\codeigniter4\framework\system\Model.php(210): CodeIgniter\Database\BaseBuilder->get()
#4 C:\xampp\htdocs\Jago_Nyurat\vendor\codeigniter4\framework\system\BaseModel.php(609): CodeIgniter\Model->doFind(true, '19')
#5 C:\xampp\htdocs\Jago_Nyurat\vendor\myth\auth\src\Authentication\AuthenticationBase.php(130): CodeIgniter\BaseModel->find('19')
#6 C:\xampp\htdocs\Jago_Nyurat\vendor\myth\auth\src\Authentication\LocalAuthenticator.php(67): Myth\Auth\Authentication\AuthenticationBase->isLoggedIn()
#7 C:\xampp\htdocs\Jago_Nyurat\vendor\myth\auth\src\Filters\LoginFilter.php(29): Myth\Auth\Authentication\LocalAuthenticator->check()
#8 C:\xampp\htdocs\Jago_Nyurat\vendor\codeigniter4\framework\system\Filters\Filters.php(241): Myth\Auth\Filters\LoginFilter->before(Object(CodeIgniter\HTTP\IncomingRequest), NULL)
#9 C:\xampp\htdocs\Jago_Nyurat\vendor\codeigniter4\framework\system\Filters\Filters.php(221): CodeIgniter\Filters\Filters->runBefore(Array)
#10 C:\xampp\htdocs\Jago_Nyurat\vendor\codeigniter4\framework\system\CodeIgniter.php(479): CodeIgniter\Filters\Filters->run('', 'before')
#11 C:\xampp\htdocs\Jago_Nyurat\vendor\codeigniter4\framework\system\CodeIgniter.php(354): CodeIgniter\CodeIgniter->handleRequest(NULL, Object(Config\Cache), false)
#12 C:\xampp\htdocs\Jago_Nyurat\vendor\codeigniter4\framework\system\Boot.php(334): CodeIgniter\CodeIgniter->run()
#13 C:\xampp\htdocs\Jago_Nyurat\vendor\codeigniter4\framework\system\Boot.php(67): CodeIgniter\Boot::runCodeIgniter(Object(CodeIgniter\CodeIgniter))
#14 C:\xampp\htdocs\Jago_Nyurat\public\index.php(56): CodeIgniter\Boot::bootWeb(Object(Config\Paths))
#15 C:\xampp\htdocs\Jago_Nyurat\vendor\codeigniter4\framework\system\rewrite.php(44): require_once('C:\\xampp\\htdocs...')
#16 {main}
CRITICAL - 2026-04-04 14:50:49 --> CodeIgniter\Database\Exceptions\DatabaseException: Unable to connect to the database.
Main connection [MySQLi]: No connection could be made because the target machine actively refused it
[Method: GET, Route: /]
in SYSTEMPATH\Database\BaseConnection.php on line 467.
 1 SYSTEMPATH\Database\BaseConnection.php(620): CodeIgniter\Database\BaseConnection->initialize()
 2 SYSTEMPATH\Database\BaseBuilder.php(1649): CodeIgniter\Database\BaseConnection->query('SELECT *
FROM `users`
WHERE `users`.`deleted_at` IS NULL
AND `users`.`id` = :users.id:', [...], false)
 3 SYSTEMPATH\Model.php(210): CodeIgniter\Database\BaseBuilder->get()
 4 SYSTEMPATH\BaseModel.php(609): CodeIgniter\Model->doFind(true, '19')
 5 VENDORPATH\myth\auth\src\Authentication\AuthenticationBase.php(130): CodeIgniter\BaseModel->find('19')
 6 VENDORPATH\myth\auth\src\Authentication\LocalAuthenticator.php(67): Myth\Auth\Authentication\AuthenticationBase->isLoggedIn()
 7 VENDORPATH\myth\auth\src\Filters\LoginFilter.php(29): Myth\Auth\Authentication\LocalAuthenticator->check()
 8 SYSTEMPATH\Filters\Filters.php(241): Myth\Auth\Filters\LoginFilter->before(Object(CodeIgniter\HTTP\IncomingRequest), null)
 9 SYSTEMPATH\Filters\Filters.php(221): CodeIgniter\Filters\Filters->runBefore([...])
10 SYSTEMPATH\CodeIgniter.php(479): CodeIgniter\Filters\Filters->run('', 'before')
11 SYSTEMPATH\CodeIgniter.php(354): CodeIgniter\CodeIgniter->handleRequest(null, Object(Config\Cache), false)
12 SYSTEMPATH\Boot.php(334): CodeIgniter\CodeIgniter->run()
13 SYSTEMPATH\Boot.php(67): CodeIgniter\Boot::runCodeIgniter(Object(CodeIgniter\CodeIgniter))
14 FCPATH\index.php(56): CodeIgniter\Boot::bootWeb(Object(Config\Paths))
15 SYSTEMPATH\rewrite.php(44): require_once('C:\\xampp\\htdocs\\Jago_Nyurat\\public\\index.php')
DEBUG - 2026-04-04 14:50:49 --> Session: Class initialized using 'CodeIgniter\Session\Handlers\FileHandler' driver.
ERROR - 2026-04-04 14:50:53 --> Error connecting to the database: mysqli_sql_exception: No connection could be made because the target machine actively refused it in C:\xampp\htdocs\Jago_Nyurat\vendor\codeigniter4\framework\system\Database\MySQLi\Connection.php:201
Stack trace:
#0 C:\xampp\htdocs\Jago_Nyurat\vendor\codeigniter4\framework\system\Database\MySQLi\Connection.php(201): mysqli->real_connect('localhost', 'root', Object(SensitiveParameterValue), 'jago_nyurat', 3306, '', 0)
#1 C:\xampp\htdocs\Jago_Nyurat\vendor\codeigniter4\framework\system\Database\BaseConnection.php(421): CodeIgniter\Database\MySQLi\Connection->connect(false)
#2 C:\xampp\htdocs\Jago_Nyurat\vendor\codeigniter4\framework\system\Database\BaseConnection.php(620): CodeIgniter\Database\BaseConnection->initialize()
#3 C:\xampp\htdocs\Jago_Nyurat\vendor\codeigniter4\framework\system\Database\BaseBuilder.php(1649): CodeIgniter\Database\BaseConnection->query('SELECT *\nFROM `...', Array, false)
#4 C:\xampp\htdocs\Jago_Nyurat\vendor\codeigniter4\framework\system\Model.php(210): CodeIgniter\Database\BaseBuilder->get()
#5 C:\xampp\htdocs\Jago_Nyurat\vendor\codeigniter4\framework\system\BaseModel.php(609): CodeIgniter\Model->doFind(true, '19')
#6 C:\xampp\htdocs\Jago_Nyurat\vendor\myth\auth\src\Authentication\AuthenticationBase.php(130): CodeIgniter\BaseModel->find('19')
#7 C:\xampp\htdocs\Jago_Nyurat\vendor\myth\auth\src\Authentication\LocalAuthenticator.php(67): Myth\Auth\Authentication\AuthenticationBase->isLoggedIn()
#8 C:\xampp\htdocs\Jago_Nyurat\vendor\myth\auth\src\Filters\LoginFilter.php(29): Myth\Auth\Authentication\LocalAuthenticator->check()
#9 C:\xampp\htdocs\Jago_Nyurat\vendor\codeigniter4\framework\system\Filters\Filters.php(241): Myth\Auth\Filters\LoginFilter->before(Object(CodeIgniter\HTTP\IncomingRequest), NULL)
#10 C:\xampp\htdocs\Jago_Nyurat\vendor\codeigniter4\framework\system\Filters\Filters.php(221): CodeIgniter\Filters\Filters->runBefore(Array)
#11 C:\xampp\htdocs\Jago_Nyurat\vendor\codeigniter4\framework\system\CodeIgniter.php(479): CodeIgniter\Filters\Filters->run('', 'before')
#12 C:\xampp\htdocs\Jago_Nyurat\vendor\codeigniter4\framework\system\CodeIgniter.php(354): CodeIgniter\CodeIgniter->handleRequest(NULL, Object(Config\Cache), false)
#13 C:\xampp\htdocs\Jago_Nyurat\vendor\codeigniter4\framework\system\Boot.php(334): CodeIgniter\CodeIgniter->run()
#14 C:\xampp\htdocs\Jago_Nyurat\vendor\codeigniter4\framework\system\Boot.php(67): CodeIgniter\Boot::runCodeIgniter(Object(CodeIgniter\CodeIgniter))
#15 C:\xampp\htdocs\Jago_Nyurat\public\index.php(56): CodeIgniter\Boot::bootWeb(Object(Config\Paths))
#16 C:\xampp\htdocs\Jago_Nyurat\vendor\codeigniter4\framework\system\rewrite.php(44): require_once('C:\\xampp\\htdocs...')
#17 {main}

Next CodeIgniter\Database\Exceptions\DatabaseException: No connection could be made because the target machine actively refused it in C:\xampp\htdocs\Jago_Nyurat\vendor\codeigniter4\framework\system\Database\MySQLi\Connection.php:246
Stack trace:
#0 C:\xampp\htdocs\Jago_Nyurat\vendor\codeigniter4\framework\system\Database\BaseConnection.php(421): CodeIgniter\Database\MySQLi\Connection->connect(false)
#1 C:\xampp\htdocs\Jago_Nyurat\vendor\codeigniter4\framework\system\Database\BaseConnection.php(620): CodeIgniter\Database\BaseConnection->initialize()
#2 C:\xampp\htdocs\Jago_Nyurat\vendor\codeigniter4\framework\system\Database\BaseBuilder.php(1649): CodeIgniter\Database\BaseConnection->query('SELECT *\nFROM `...', Array, false)
#3 C:\xampp\htdocs\Jago_Nyurat\vendor\codeigniter4\framework\system\Model.php(210): CodeIgniter\Database\BaseBuilder->get()
#4 C:\xampp\htdocs\Jago_Nyurat\vendor\codeigniter4\framework\system\BaseModel.php(609): CodeIgniter\Model->doFind(true, '19')
#5 C:\xampp\htdocs\Jago_Nyurat\vendor\myth\auth\src\Authentication\AuthenticationBase.php(130): CodeIgniter\BaseModel->find('19')
#6 C:\xampp\htdocs\Jago_Nyurat\vendor\myth\auth\src\Authentication\LocalAuthenticator.php(67): Myth\Auth\Authentication\AuthenticationBase->isLoggedIn()
#7 C:\xampp\htdocs\Jago_Nyurat\vendor\myth\auth\src\Filters\LoginFilter.php(29): Myth\Auth\Authentication\LocalAuthenticator->check()
#8 C:\xampp\htdocs\Jago_Nyurat\vendor\codeigniter4\framework\system\Filters\Filters.php(241): Myth\Auth\Filters\LoginFilter->before(Object(CodeIgniter\HTTP\IncomingRequest), NULL)
#9 C:\xampp\htdocs\Jago_Nyurat\vendor\codeigniter4\framework\system\Filters\Filters.php(221): CodeIgniter\Filters\Filters->runBefore(Array)
#10 C:\xampp\htdocs\Jago_Nyurat\vendor\codeigniter4\framework\system\CodeIgniter.php(479): CodeIgniter\Filters\Filters->run('', 'before')
#11 C:\xampp\htdocs\Jago_Nyurat\vendor\codeigniter4\framework\system\CodeIgniter.php(354): CodeIgniter\CodeIgniter->handleRequest(NULL, Object(Config\Cache), false)
#12 C:\xampp\htdocs\Jago_Nyurat\vendor\codeigniter4\framework\system\Boot.php(334): CodeIgniter\CodeIgniter->run()
#13 C:\xampp\htdocs\Jago_Nyurat\vendor\codeigniter4\framework\system\Boot.php(67): CodeIgniter\Boot::runCodeIgniter(Object(CodeIgniter\CodeIgniter))
#14 C:\xampp\htdocs\Jago_Nyurat\public\index.php(56): CodeIgniter\Boot::bootWeb(Object(Config\Paths))
#15 C:\xampp\htdocs\Jago_Nyurat\vendor\codeigniter4\framework\system\rewrite.php(44): require_once('C:\\xampp\\htdocs...')
#16 {main}
CRITICAL - 2026-04-04 14:50:53 --> CodeIgniter\Database\Exceptions\DatabaseException: Unable to connect to the database.
Main connection [MySQLi]: No connection could be made because the target machine actively refused it
[Method: GET, Route: /]
in SYSTEMPATH\Database\BaseConnection.php on line 467.
 1 SYSTEMPATH\Database\BaseConnection.php(620): CodeIgniter\Database\BaseConnection->initialize()
 2 SYSTEMPATH\Database\BaseBuilder.php(1649): CodeIgniter\Database\BaseConnection->query('SELECT *
FROM `users`
WHERE `users`.`deleted_at` IS NULL
AND `users`.`id` = :users.id:', [...], false)
 3 SYSTEMPATH\Model.php(210): CodeIgniter\Database\BaseBuilder->get()
 4 SYSTEMPATH\BaseModel.php(609): CodeIgniter\Model->doFind(true, '19')
 5 VENDORPATH\myth\auth\src\Authentication\AuthenticationBase.php(130): CodeIgniter\BaseModel->find('19')
 6 VENDORPATH\myth\auth\src\Authentication\LocalAuthenticator.php(67): Myth\Auth\Authentication\AuthenticationBase->isLoggedIn()
 7 VENDORPATH\myth\auth\src\Filters\LoginFilter.php(29): Myth\Auth\Authentication\LocalAuthenticator->check()
 8 SYSTEMPATH\Filters\Filters.php(241): Myth\Auth\Filters\LoginFilter->before(Object(CodeIgniter\HTTP\IncomingRequest), null)
 9 SYSTEMPATH\Filters\Filters.php(221): CodeIgniter\Filters\Filters->runBefore([...])
10 SYSTEMPATH\CodeIgniter.php(479): CodeIgniter\Filters\Filters->run('', 'before')
11 SYSTEMPATH\CodeIgniter.php(354): CodeIgniter\CodeIgniter->handleRequest(null, Object(Config\Cache), false)
12 SYSTEMPATH\Boot.php(334): CodeIgniter\CodeIgniter->run()
13 SYSTEMPATH\Boot.php(67): CodeIgniter\Boot::runCodeIgniter(Object(CodeIgniter\CodeIgniter))
14 FCPATH\index.php(56): CodeIgniter\Boot::bootWeb(Object(Config\Paths))
15 SYSTEMPATH\rewrite.php(44): require_once('C:\\xampp\\htdocs\\Jago_Nyurat\\public\\index.php')
DEBUG - 2026-04-04 14:53:10 --> Session: Class initialized using 'CodeIgniter\Session\Handlers\FileHandler' driver.
DEBUG - 2026-04-04 14:53:13 --> Session: Class initialized using 'CodeIgniter\Session\Handlers\FileHandler' driver.
DEBUG - 2026-04-04 14:56:01 --> Session: Class initialized using 'CodeIgniter\Session\Handlers\FileHandler' driver.
DEBUG - 2026-04-04 15:05:18 --> Session: Class initialized using 'CodeIgniter\Session\Handlers\FileHandler' driver.
ERROR - 2026-04-04 15:05:23 --> Error connecting to the database: mysqli_sql_exception: No connection could be made because the target machine actively refused it in C:\xampp\htdocs\Jago_Nyurat\vendor\codeigniter4\framework\system\Database\MySQLi\Connection.php:201
Stack trace:
#0 C:\xampp\htdocs\Jago_Nyurat\vendor\codeigniter4\framework\system\Database\MySQLi\Connection.php(201): mysqli->real_connect('localhost', 'root', Object(SensitiveParameterValue), 'jago_nyurat', 3306, '', 0)
#1 C:\xampp\htdocs\Jago_Nyurat\vendor\codeigniter4\framework\system\Database\BaseConnection.php(421): CodeIgniter\Database\MySQLi\Connection->connect(false)
#2 C:\xampp\htdocs\Jago_Nyurat\vendor\codeigniter4\framework\system\Database\BaseConnection.php(620): CodeIgniter\Database\BaseConnection->initialize()
#3 C:\xampp\htdocs\Jago_Nyurat\vendor\codeigniter4\framework\system\Database\BaseBuilder.php(1649): CodeIgniter\Database\BaseConnection->query('SELECT *\nFROM `...', Array, false)
#4 C:\xampp\htdocs\Jago_Nyurat\vendor\codeigniter4\framework\system\Model.php(210): CodeIgniter\Database\BaseBuilder->get()
#5 C:\xampp\htdocs\Jago_Nyurat\vendor\codeigniter4\framework\system\BaseModel.php(609): CodeIgniter\Model->doFind(true, '19')
#6 C:\xampp\htdocs\Jago_Nyurat\vendor\myth\auth\src\Authentication\AuthenticationBase.php(130): CodeIgniter\BaseModel->find('19')
#7 C:\xampp\htdocs\Jago_Nyurat\vendor\myth\auth\src\Authentication\LocalAuthenticator.php(67): Myth\Auth\Authentication\AuthenticationBase->isLoggedIn()
#8 C:\xampp\htdocs\Jago_Nyurat\vendor\myth\auth\src\Filters\LoginFilter.php(29): Myth\Auth\Authentication\LocalAuthenticator->check()
#9 C:\xampp\htdocs\Jago_Nyurat\vendor\codeigniter4\framework\system\Filters\Filters.php(241): Myth\Auth\Filters\LoginFilter->before(Object(CodeIgniter\HTTP\IncomingRequest), NULL)
#10 C:\xampp\htdocs\Jago_Nyurat\vendor\codeigniter4\framework\system\Filters\Filters.php(221): CodeIgniter\Filters\Filters->runBefore(Array)
#11 C:\xampp\htdocs\Jago_Nyurat\vendor\codeigniter4\framework\system\CodeIgniter.php(479): CodeIgniter\Filters\Filters->run('sekum/surat/rev...', 'before')
#12 C:\xampp\htdocs\Jago_Nyurat\vendor\codeigniter4\framework\system\CodeIgniter.php(354): CodeIgniter\CodeIgniter->handleRequest(NULL, Object(Config\Cache), false)
#13 C:\xampp\htdocs\Jago_Nyurat\vendor\codeigniter4\framework\system\Boot.php(334): CodeIgniter\CodeIgniter->run()
#14 C:\xampp\htdocs\Jago_Nyurat\vendor\codeigniter4\framework\system\Boot.php(67): CodeIgniter\Boot::runCodeIgniter(Object(CodeIgniter\CodeIgniter))
#15 C:\xampp\htdocs\Jago_Nyurat\public\index.php(56): CodeIgniter\Boot::bootWeb(Object(Config\Paths))
#16 C:\xampp\htdocs\Jago_Nyurat\vendor\codeigniter4\framework\system\rewrite.php(44): require_once('C:\\xampp\\htdocs...')
#17 {main}

Next CodeIgniter\Database\Exceptions\DatabaseException: No connection could be made because the target machine actively refused it in C:\xampp\htdocs\Jago_Nyurat\vendor\codeigniter4\framework\system\Database\MySQLi\Connection.php:246
Stack trace:
#0 C:\xampp\htdocs\Jago_Nyurat\vendor\codeigniter4\framework\system\Database\BaseConnection.php(421): CodeIgniter\Database\MySQLi\Connection->connect(false)
#1 C:\xampp\htdocs\Jago_Nyurat\vendor\codeigniter4\framework\system\Database\BaseConnection.php(620): CodeIgniter\Database\BaseConnection->initialize()
#2 C:\xampp\htdocs\Jago_Nyurat\vendor\codeigniter4\framework\system\Database\BaseBuilder.php(1649): CodeIgniter\Database\BaseConnection->query('SELECT *\nFROM `...', Array, false)
#3 C:\xampp\htdocs\Jago_Nyurat\vendor\codeigniter4\framework\system\Model.php(210): CodeIgniter\Database\BaseBuilder->get()
#4 C:\xampp\htdocs\Jago_Nyurat\vendor\codeigniter4\framework\system\BaseModel.php(609): CodeIgniter\Model->doFind(true, '19')
#5 C:\xampp\htdocs\Jago_Nyurat\vendor\myth\auth\src\Authentication\AuthenticationBase.php(130): CodeIgniter\BaseModel->find('19')
#6 C:\xampp\htdocs\Jago_Nyurat\vendor\myth\auth\src\Authentication\LocalAuthenticator.php(67): Myth\Auth\Authentication\AuthenticationBase->isLoggedIn()
#7 C:\xampp\htdocs\Jago_Nyurat\vendor\myth\auth\src\Filters\LoginFilter.php(29): Myth\Auth\Authentication\LocalAuthenticator->check()
#8 C:\xampp\htdocs\Jago_Nyurat\vendor\codeigniter4\framework\system\Filters\Filters.php(241): Myth\Auth\Filters\LoginFilter->before(Object(CodeIgniter\HTTP\IncomingRequest), NULL)
#9 C:\xampp\htdocs\Jago_Nyurat\vendor\codeigniter4\framework\system\Filters\Filters.php(221): CodeIgniter\Filters\Filters->runBefore(Array)
#10 C:\xampp\htdocs\Jago_Nyurat\vendor\codeigniter4\framework\system\CodeIgniter.php(479): CodeIgniter\Filters\Filters->run('sekum/surat/rev...', 'before')
#11 C:\xampp\htdocs\Jago_Nyurat\vendor\codeigniter4\framework\system\CodeIgniter.php(354): CodeIgniter\CodeIgniter->handleRequest(NULL, Object(Config\Cache), false)
#12 C:\xampp\htdocs\Jago_Nyurat\vendor\codeigniter4\framework\system\Boot.php(334): CodeIgniter\CodeIgniter->run()
#13 C:\xampp\htdocs\Jago_Nyurat\vendor\codeigniter4\framework\system\Boot.php(67): CodeIgniter\Boot::runCodeIgniter(Object(CodeIgniter\CodeIgniter))
#14 C:\xampp\htdocs\Jago_Nyurat\public\index.php(56): CodeIgniter\Boot::bootWeb(Object(Config\Paths))
#15 C:\xampp\htdocs\Jago_Nyurat\vendor\codeigniter4\framework\system\rewrite.php(44): require_once('C:\\xampp\\htdocs...')
#16 {main}
CRITICAL - 2026-04-04 15:05:23 --> CodeIgniter\Database\Exceptions\DatabaseException: Unable to connect to the database.
Main connection [MySQLi]: No connection could be made because the target machine actively refused it
[Method: GET, Route: sekum/surat/review/5]
in SYSTEMPATH\Database\BaseConnection.php on line 467.
 1 SYSTEMPATH\Database\BaseConnection.php(620): CodeIgniter\Database\BaseConnection->initialize()
 2 SYSTEMPATH\Database\BaseBuilder.php(1649): CodeIgniter\Database\BaseConnection->query('SELECT *
FROM `users`
WHERE `users`.`deleted_at` IS NULL
AND `users`.`id` = :users.id:', [...], false)
 3 SYSTEMPATH\Model.php(210): CodeIgniter\Database\BaseBuilder->get()
 4 SYSTEMPATH\BaseModel.php(609): CodeIgniter\Model->doFind(true, '19')
 5 VENDORPATH\myth\auth\src\Authentication\AuthenticationBase.php(130): CodeIgniter\BaseModel->find('19')
 6 VENDORPATH\myth\auth\src\Authentication\LocalAuthenticator.php(67): Myth\Auth\Authentication\AuthenticationBase->isLoggedIn()
 7 VENDORPATH\myth\auth\src\Filters\LoginFilter.php(29): Myth\Auth\Authentication\LocalAuthenticator->check()
 8 SYSTEMPATH\Filters\Filters.php(241): Myth\Auth\Filters\LoginFilter->before(Object(CodeIgniter\HTTP\IncomingRequest), null)
 9 SYSTEMPATH\Filters\Filters.php(221): CodeIgniter\Filters\Filters->runBefore([...])
10 SYSTEMPATH\CodeIgniter.php(479): CodeIgniter\Filters\Filters->run('sekum/surat/review/5', 'before')
11 SYSTEMPATH\CodeIgniter.php(354): CodeIgniter\CodeIgniter->handleRequest(null, Object(Config\Cache), false)
12 SYSTEMPATH\Boot.php(334): CodeIgniter\CodeIgniter->run()
13 SYSTEMPATH\Boot.php(67): CodeIgniter\Boot::runCodeIgniter(Object(CodeIgniter\CodeIgniter))
14 FCPATH\index.php(56): CodeIgniter\Boot::bootWeb(Object(Config\Paths))
15 SYSTEMPATH\rewrite.php(44): require_once('C:\\xampp\\htdocs\\Jago_Nyurat\\public\\index.php')
DEBUG - 2026-04-04 15:05:25 --> Session: Class initialized using 'CodeIgniter\Session\Handlers\FileHandler' driver.
ERROR - 2026-04-04 15:05:29 --> Error connecting to the database: mysqli_sql_exception: No connection could be made because the target machine actively refused it in C:\xampp\htdocs\Jago_Nyurat\vendor\codeigniter4\framework\system\Database\MySQLi\Connection.php:201
Stack trace:
#0 C:\xampp\htdocs\Jago_Nyurat\vendor\codeigniter4\framework\system\Database\MySQLi\Connection.php(201): mysqli->real_connect('localhost', 'root', Object(SensitiveParameterValue), 'jago_nyurat', 3306, '', 0)
#1 C:\xampp\htdocs\Jago_Nyurat\vendor\codeigniter4\framework\system\Database\BaseConnection.php(421): CodeIgniter\Database\MySQLi\Connection->connect(false)
#2 C:\xampp\htdocs\Jago_Nyurat\vendor\codeigniter4\framework\system\Database\BaseConnection.php(620): CodeIgniter\Database\BaseConnection->initialize()
#3 C:\xampp\htdocs\Jago_Nyurat\vendor\codeigniter4\framework\system\Database\BaseBuilder.php(1649): CodeIgniter\Database\BaseConnection->query('SELECT *\nFROM `...', Array, false)
#4 C:\xampp\htdocs\Jago_Nyurat\vendor\codeigniter4\framework\system\Model.php(210): CodeIgniter\Database\BaseBuilder->get()
#5 C:\xampp\htdocs\Jago_Nyurat\vendor\codeigniter4\framework\system\BaseModel.php(609): CodeIgniter\Model->doFind(true, '19')
#6 C:\xampp\htdocs\Jago_Nyurat\vendor\myth\auth\src\Authentication\AuthenticationBase.php(130): CodeIgniter\BaseModel->find('19')
#7 C:\xampp\htdocs\Jago_Nyurat\vendor\myth\auth\src\Authentication\LocalAuthenticator.php(67): Myth\Auth\Authentication\AuthenticationBase->isLoggedIn()
#8 C:\xampp\htdocs\Jago_Nyurat\vendor\myth\auth\src\Filters\LoginFilter.php(29): Myth\Auth\Authentication\LocalAuthenticator->check()
#9 C:\xampp\htdocs\Jago_Nyurat\vendor\codeigniter4\framework\system\Filters\Filters.php(241): Myth\Auth\Filters\LoginFilter->before(Object(CodeIgniter\HTTP\IncomingRequest), NULL)
#10 C:\xampp\htdocs\Jago_Nyurat\vendor\codeigniter4\framework\system\Filters\Filters.php(221): CodeIgniter\Filters\Filters->runBefore(Array)
#11 C:\xampp\htdocs\Jago_Nyurat\vendor\codeigniter4\framework\system\CodeIgniter.php(479): CodeIgniter\Filters\Filters->run('sekum/surat/rev...', 'before')
#12 C:\xampp\htdocs\Jago_Nyurat\vendor\codeigniter4\framework\system\CodeIgniter.php(354): CodeIgniter\CodeIgniter->handleRequest(NULL, Object(Config\Cache), false)
#13 C:\xampp\htdocs\Jago_Nyurat\vendor\codeigniter4\framework\system\Boot.php(334): CodeIgniter\CodeIgniter->run()
#14 C:\xampp\htdocs\Jago_Nyurat\vendor\codeigniter4\framework\system\Boot.php(67): CodeIgniter\Boot::runCodeIgniter(Object(CodeIgniter\CodeIgniter))
#15 C:\xampp\htdocs\Jago_Nyurat\public\index.php(56): CodeIgniter\Boot::bootWeb(Object(Config\Paths))
#16 C:\xampp\htdocs\Jago_Nyurat\vendor\codeigniter4\framework\system\rewrite.php(44): require_once('C:\\xampp\\htdocs...')
#17 {main}

Next CodeIgniter\Database\Exceptions\DatabaseException: No connection could be made because the target machine actively refused it in C:\xampp\htdocs\Jago_Nyurat\vendor\codeigniter4\framework\system\Database\MySQLi\Connection.php:246
Stack trace:
#0 C:\xampp\htdocs\Jago_Nyurat\vendor\codeigniter4\framework\system\Database\BaseConnection.php(421): CodeIgniter\Database\MySQLi\Connection->connect(false)
#1 C:\xampp\htdocs\Jago_Nyurat\vendor\codeigniter4\framework\system\Database\BaseConnection.php(620): CodeIgniter\Database\BaseConnection->initialize()
#2 C:\xampp\htdocs\Jago_Nyurat\vendor\codeigniter4\framework\system\Database\BaseBuilder.php(1649): CodeIgniter\Database\BaseConnection->query('SELECT *\nFROM `...', Array, false)
#3 C:\xampp\htdocs\Jago_Nyurat\vendor\codeigniter4\framework\system\Model.php(210): CodeIgniter\Database\BaseBuilder->get()
#4 C:\xampp\htdocs\Jago_Nyurat\vendor\codeigniter4\framework\system\BaseModel.php(609): CodeIgniter\Model->doFind(true, '19')
#5 C:\xampp\htdocs\Jago_Nyurat\vendor\myth\auth\src\Authentication\AuthenticationBase.php(130): CodeIgniter\BaseModel->find('19')
#6 C:\xampp\htdocs\Jago_Nyurat\vendor\myth\auth\src\Authentication\LocalAuthenticator.php(67): Myth\Auth\Authentication\AuthenticationBase->isLoggedIn()
#7 C:\xampp\htdocs\Jago_Nyurat\vendor\myth\auth\src\Filters\LoginFilter.php(29): Myth\Auth\Authentication\LocalAuthenticator->check()
#8 C:\xampp\htdocs\Jago_Nyurat\vendor\codeigniter4\framework\system\Filters\Filters.php(241): Myth\Auth\Filters\LoginFilter->before(Object(CodeIgniter\HTTP\IncomingRequest), NULL)
#9 C:\xampp\htdocs\Jago_Nyurat\vendor\codeigniter4\framework\system\Filters\Filters.php(221): CodeIgniter\Filters\Filters->runBefore(Array)
#10 C:\xampp\htdocs\Jago_Nyurat\vendor\codeigniter4\framework\system\CodeIgniter.php(479): CodeIgniter\Filters\Filters->run('sekum/surat/rev...', 'before')
#11 C:\xampp\htdocs\Jago_Nyurat\vendor\codeigniter4\framework\system\CodeIgniter.php(354): CodeIgniter\CodeIgniter->handleRequest(NULL, Object(Config\Cache), false)
#12 C:\xampp\htdocs\Jago_Nyurat\vendor\codeigniter4\framework\system\Boot.php(334): CodeIgniter\CodeIgniter->run()
#13 C:\xampp\htdocs\Jago_Nyurat\vendor\codeigniter4\framework\system\Boot.php(67): CodeIgniter\Boot::runCodeIgniter(Object(CodeIgniter\CodeIgniter))
#14 C:\xampp\htdocs\Jago_Nyurat\public\index.php(56): CodeIgniter\Boot::bootWeb(Object(Config\Paths))
#15 C:\xampp\htdocs\Jago_Nyurat\vendor\codeigniter4\framework\system\rewrite.php(44): require_once('C:\\xampp\\htdocs...')
#16 {main}
CRITICAL - 2026-04-04 15:05:29 --> CodeIgniter\Database\Exceptions\DatabaseException: Unable to connect to the database.
Main connection [MySQLi]: No connection could be made because the target machine actively refused it
[Method: GET, Route: sekum/surat/review/5]
in SYSTEMPATH\Database\BaseConnection.php on line 467.
 1 SYSTEMPATH\Database\BaseConnection.php(620): CodeIgniter\Database\BaseConnection->initialize()
 2 SYSTEMPATH\Database\BaseBuilder.php(1649): CodeIgniter\Database\BaseConnection->query('SELECT *
FROM `users`
WHERE `users`.`deleted_at` IS NULL
AND `users`.`id` = :users.id:', [...], false)
 3 SYSTEMPATH\Model.php(210): CodeIgniter\Database\BaseBuilder->get()
 4 SYSTEMPATH\BaseModel.php(609): CodeIgniter\Model->doFind(true, '19')
 5 VENDORPATH\myth\auth\src\Authentication\AuthenticationBase.php(130): CodeIgniter\BaseModel->find('19')
 6 VENDORPATH\myth\auth\src\Authentication\LocalAuthenticator.php(67): Myth\Auth\Authentication\AuthenticationBase->isLoggedIn()
 7 VENDORPATH\myth\auth\src\Filters\LoginFilter.php(29): Myth\Auth\Authentication\LocalAuthenticator->check()
 8 SYSTEMPATH\Filters\Filters.php(241): Myth\Auth\Filters\LoginFilter->before(Object(CodeIgniter\HTTP\IncomingRequest), null)
 9 SYSTEMPATH\Filters\Filters.php(221): CodeIgniter\Filters\Filters->runBefore([...])
10 SYSTEMPATH\CodeIgniter.php(479): CodeIgniter\Filters\Filters->run('sekum/surat/review/5', 'before')
11 SYSTEMPATH\CodeIgniter.php(354): CodeIgniter\CodeIgniter->handleRequest(null, Object(Config\Cache), false)
12 SYSTEMPATH\Boot.php(334): CodeIgniter\CodeIgniter->run()
13 SYSTEMPATH\Boot.php(67): CodeIgniter\Boot::runCodeIgniter(Object(CodeIgniter\CodeIgniter))
14 FCPATH\index.php(56): CodeIgniter\Boot::bootWeb(Object(Config\Paths))
15 SYSTEMPATH\rewrite.php(44): require_once('C:\\xampp\\htdocs\\Jago_Nyurat\\public\\index.php')
DEBUG - 2026-04-04 15:05:39 --> Session: Class initialized using 'CodeIgniter\Session\Handlers\FileHandler' driver.
ERROR - 2026-04-04 15:05:43 --> Error connecting to the database: mysqli_sql_exception: No connection could be made because the target machine actively refused it in C:\xampp\htdocs\Jago_Nyurat\vendor\codeigniter4\framework\system\Database\MySQLi\Connection.php:201
Stack trace:
#0 C:\xampp\htdocs\Jago_Nyurat\vendor\codeigniter4\framework\system\Database\MySQLi\Connection.php(201): mysqli->real_connect('localhost', 'root', Object(SensitiveParameterValue), 'jago_nyurat', 3306, '', 0)
#1 C:\xampp\htdocs\Jago_Nyurat\vendor\codeigniter4\framework\system\Database\BaseConnection.php(421): CodeIgniter\Database\MySQLi\Connection->connect(false)
#2 C:\xampp\htdocs\Jago_Nyurat\vendor\codeigniter4\framework\system\Database\BaseConnection.php(620): CodeIgniter\Database\BaseConnection->initialize()
#3 C:\xampp\htdocs\Jago_Nyurat\vendor\codeigniter4\framework\system\Database\BaseBuilder.php(1649): CodeIgniter\Database\BaseConnection->query('SELECT *\nFROM `...', Array, false)
#4 C:\xampp\htdocs\Jago_Nyurat\vendor\codeigniter4\framework\system\Model.php(210): CodeIgniter\Database\BaseBuilder->get()
#5 C:\xampp\htdocs\Jago_Nyurat\vendor\codeigniter4\framework\system\BaseModel.php(609): CodeIgniter\Model->doFind(true, '19')
#6 C:\xampp\htdocs\Jago_Nyurat\vendor\myth\auth\src\Authentication\AuthenticationBase.php(130): CodeIgniter\BaseModel->find('19')
#7 C:\xampp\htdocs\Jago_Nyurat\vendor\myth\auth\src\Authentication\LocalAuthenticator.php(67): Myth\Auth\Authentication\AuthenticationBase->isLoggedIn()
#8 C:\xampp\htdocs\Jago_Nyurat\vendor\myth\auth\src\Filters\LoginFilter.php(29): Myth\Auth\Authentication\LocalAuthenticator->check()
#9 C:\xampp\htdocs\Jago_Nyurat\vendor\codeigniter4\framework\system\Filters\Filters.php(241): Myth\Auth\Filters\LoginFilter->before(Object(CodeIgniter\HTTP\IncomingRequest), NULL)
#10 C:\xampp\htdocs\Jago_Nyurat\vendor\codeigniter4\framework\system\Filters\Filters.php(221): CodeIgniter\Filters\Filters->runBefore(Array)
#11 C:\xampp\htdocs\Jago_Nyurat\vendor\codeigniter4\framework\system\CodeIgniter.php(479): CodeIgniter\Filters\Filters->run('sekum/surat/rev...', 'before')
#12 C:\xampp\htdocs\Jago_Nyurat\vendor\codeigniter4\framework\system\CodeIgniter.php(354): CodeIgniter\CodeIgniter->handleRequest(NULL, Object(Config\Cache), false)
#13 C:\xampp\htdocs\Jago_Nyurat\vendor\codeigniter4\framework\system\Boot.php(334): CodeIgniter\CodeIgniter->run()
#14 C:\xampp\htdocs\Jago_Nyurat\vendor\codeigniter4\framework\system\Boot.php(67): CodeIgniter\Boot::runCodeIgniter(Object(CodeIgniter\CodeIgniter))
#15 C:\xampp\htdocs\Jago_Nyurat\public\index.php(56): CodeIgniter\Boot::bootWeb(Object(Config\Paths))
#16 C:\xampp\htdocs\Jago_Nyurat\vendor\codeigniter4\framework\system\rewrite.php(44): require_once('C:\\xampp\\htdocs...')
#17 {main}

Next CodeIgniter\Database\Exceptions\DatabaseException: No connection could be made because the target machine actively refused it in C:\xampp\htdocs\Jago_Nyurat\vendor\codeigniter4\framework\system\Database\MySQLi\Connection.php:246
Stack trace:
#0 C:\xampp\htdocs\Jago_Nyurat\vendor\codeigniter4\framework\system\Database\BaseConnection.php(421): CodeIgniter\Database\MySQLi\Connection->connect(false)
#1 C:\xampp\htdocs\Jago_Nyurat\vendor\codeigniter4\framework\system\Database\BaseConnection.php(620): CodeIgniter\Database\BaseConnection->initialize()
#2 C:\xampp\htdocs\Jago_Nyurat\vendor\codeigniter4\framework\system\Database\BaseBuilder.php(1649): CodeIgniter\Database\BaseConnection->query('SELECT *\nFROM `...', Array, false)
#3 C:\xampp\htdocs\Jago_Nyurat\vendor\codeigniter4\framework\system\Model.php(210): CodeIgniter\Database\BaseBuilder->get()
#4 C:\xampp\htdocs\Jago_Nyurat\vendor\codeigniter4\framework\system\BaseModel.php(609): CodeIgniter\Model->doFind(true, '19')
#5 C:\xampp\htdocs\Jago_Nyurat\vendor\myth\auth\src\Authentication\AuthenticationBase.php(130): CodeIgniter\BaseModel->find('19')
#6 C:\xampp\htdocs\Jago_Nyurat\vendor\myth\auth\src\Authentication\LocalAuthenticator.php(67): Myth\Auth\Authentication\AuthenticationBase->isLoggedIn()
#7 C:\xampp\htdocs\Jago_Nyurat\vendor\myth\auth\src\Filters\LoginFilter.php(29): Myth\Auth\Authentication\LocalAuthenticator->check()
#8 C:\xampp\htdocs\Jago_Nyurat\vendor\codeigniter4\framework\system\Filters\Filters.php(241): Myth\Auth\Filters\LoginFilter->before(Object(CodeIgniter\HTTP\IncomingRequest), NULL)
#9 C:\xampp\htdocs\Jago_Nyurat\vendor\codeigniter4\framework\system\Filters\Filters.php(221): CodeIgniter\Filters\Filters->runBefore(Array)
#10 C:\xampp\htdocs\Jago_Nyurat\vendor\codeigniter4\framework\system\CodeIgniter.php(479): CodeIgniter\Filters\Filters->run('sekum/surat/rev...', 'before')
#11 C:\xampp\htdocs\Jago_Nyurat\vendor\codeigniter4\framework\system\CodeIgniter.php(354): CodeIgniter\CodeIgniter->handleRequest(NULL, Object(Config\Cache), false)
#12 C:\xampp\htdocs\Jago_Nyurat\vendor\codeigniter4\framework\system\Boot.php(334): CodeIgniter\CodeIgniter->run()
#13 C:\xampp\htdocs\Jago_Nyurat\vendor\codeigniter4\framework\system\Boot.php(67): CodeIgniter\Boot::runCodeIgniter(Object(CodeIgniter\CodeIgniter))
#14 C:\xampp\htdocs\Jago_Nyurat\public\index.php(56): CodeIgniter\Boot::bootWeb(Object(Config\Paths))
#15 C:\xampp\htdocs\Jago_Nyurat\vendor\codeigniter4\framework\system\rewrite.php(44): require_once('C:\\xampp\\htdocs...')
#16 {main}
CRITICAL - 2026-04-04 15:05:43 --> CodeIgniter\Database\Exceptions\DatabaseException: Unable to connect to the database.
Main connection [MySQLi]: No connection could be made because the target machine actively refused it
[Method: GET, Route: sekum/surat/review/5]
in SYSTEMPATH\Database\BaseConnection.php on line 467.
 1 SYSTEMPATH\Database\BaseConnection.php(620): CodeIgniter\Database\BaseConnection->initialize()
 2 SYSTEMPATH\Database\BaseBuilder.php(1649): CodeIgniter\Database\BaseConnection->query('SELECT *
FROM `users`
WHERE `users`.`deleted_at` IS NULL
AND `users`.`id` = :users.id:', [...], false)
 3 SYSTEMPATH\Model.php(210): CodeIgniter\Database\BaseBuilder->get()
 4 SYSTEMPATH\BaseModel.php(609): CodeIgniter\Model->doFind(true, '19')
 5 VENDORPATH\myth\auth\src\Authentication\AuthenticationBase.php(130): CodeIgniter\BaseModel->find('19')
 6 VENDORPATH\myth\auth\src\Authentication\LocalAuthenticator.php(67): Myth\Auth\Authentication\AuthenticationBase->isLoggedIn()
 7 VENDORPATH\myth\auth\src\Filters\LoginFilter.php(29): Myth\Auth\Authentication\LocalAuthenticator->check()
 8 SYSTEMPATH\Filters\Filters.php(241): Myth\Auth\Filters\LoginFilter->before(Object(CodeIgniter\HTTP\IncomingRequest), null)
 9 SYSTEMPATH\Filters\Filters.php(221): CodeIgniter\Filters\Filters->runBefore([...])
10 SYSTEMPATH\CodeIgniter.php(479): CodeIgniter\Filters\Filters->run('sekum/surat/review/5', 'before')
11 SYSTEMPATH\CodeIgniter.php(354): CodeIgniter\CodeIgniter->handleRequest(null, Object(Config\Cache), false)
12 SYSTEMPATH\Boot.php(334): CodeIgniter\CodeIgniter->run()
13 SYSTEMPATH\Boot.php(67): CodeIgniter\Boot::runCodeIgniter(Object(CodeIgniter\CodeIgniter))
14 FCPATH\index.php(56): CodeIgniter\Boot::bootWeb(Object(Config\Paths))
15 SYSTEMPATH\rewrite.php(44): require_once('C:\\xampp\\htdocs\\Jago_Nyurat\\public\\index.php')
