DEBUG - 2025-01-27 16:07:58 --> Session: Class initialized using 'CodeIgniter\Session\Handlers\FileHandler' driver.
DEBUG - 2025-01-27 16:07:59 --> Session: Class initialized using 'CodeIgniter\Session\Handlers\FileHandler' driver.
DEBUG - 2025-01-27 16:08:08 --> Session: Class initialized using 'CodeIgniter\Session\Handlers\FileHandler' driver.
DEBUG - 2025-01-27 16:08:08 --> Session: Class initialized using 'CodeIgniter\Session\Handlers\FileHandler' driver.
DEBUG - 2025-01-27 16:08:11 --> Session: Class initialized using 'CodeIgniter\Session\Handlers\FileHandler' driver.
DEBUG - 2025-01-27 16:08:29 --> Session: Class initialized using 'CodeIgniter\Session\Handlers\FileHandler' driver.
DEBUG - 2025-01-27 16:08:47 --> Session: Class initialized using 'CodeIgniter\Session\Handlers\FileHandler' driver.
DEBUG - 2025-01-27 16:08:54 --> Session: Class initialized using 'CodeIgniter\Session\Handlers\FileHandler' driver.
DEBUG - 2025-01-27 16:09:08 --> Session: Class initialized using 'CodeIgniter\Session\Handlers\FileHandler' driver.
DEBUG - 2025-01-27 16:09:09 --> Session: Class initialized using 'CodeIgniter\Session\Handlers\FileHandler' driver.
DEBUG - 2025-01-27 16:20:31 --> Session: Class initialized using 'CodeIgniter\Session\Handlers\FileHandler' driver.
DEBUG - 2025-01-27 16:21:07 --> Session: Class initialized using 'CodeIgniter\Session\Handlers\FileHandler' driver.
DEBUG - 2025-01-27 16:21:08 --> Session: Class initialized using 'CodeIgniter\Session\Handlers\FileHandler' driver.
DEBUG - 2025-01-27 16:21:10 --> Session: Class initialized using 'CodeIgniter\Session\Handlers\FileHandler' driver.
DEBUG - 2025-01-27 16:22:30 --> Session: Class initialized using 'CodeIgniter\Session\Handlers\FileHandler' driver.
DEBUG - 2025-01-27 16:22:31 --> Session: Class initialized using 'CodeIgniter\Session\Handlers\FileHandler' driver.
DEBUG - 2025-01-27 16:22:33 --> Session: Class initialized using 'CodeIgniter\Session\Handlers\FileHandler' driver.
DEBUG - 2025-01-27 16:23:18 --> Session: Class initialized using 'CodeIgniter\Session\Handlers\FileHandler' driver.
DEBUG - 2025-01-27 16:23:19 --> Session: Class initialized using 'CodeIgniter\Session\Handlers\FileHandler' driver.
DEBUG - 2025-01-27 16:23:21 --> Session: Class initialized using 'CodeIgniter\Session\Handlers\FileHandler' driver.
DEBUG - 2025-01-27 16:25:14 --> Session: Class initialized using 'CodeIgniter\Session\Handlers\FileHandler' driver.
DEBUG - 2025-01-27 16:25:15 --> Session: Class initialized using 'CodeIgniter\Session\Handlers\FileHandler' driver.
DEBUG - 2025-01-27 16:25:17 --> Session: Class initialized using 'CodeIgniter\Session\Handlers\FileHandler' driver.
DEBUG - 2025-01-27 16:26:00 --> Session: Class initialized using 'CodeIgniter\Session\Handlers\FileHandler' driver.
DEBUG - 2025-01-27 16:26:02 --> Session: Class initialized using 'CodeIgniter\Session\Handlers\FileHandler' driver.
DEBUG - 2025-01-27 16:26:19 --> Session: Class initialized using 'CodeIgniter\Session\Handlers\FileHandler' driver.
DEBUG - 2025-01-27 16:27:01 --> Session: Class initialized using 'CodeIgniter\Session\Handlers\FileHandler' driver.
DEBUG - 2025-01-27 16:27:04 --> Session: Class initialized using 'CodeIgniter\Session\Handlers\FileHandler' driver.
DEBUG - 2025-01-27 16:27:30 --> Session: Class initialized using 'CodeIgniter\Session\Handlers\FileHandler' driver.
DEBUG - 2025-01-27 16:27:30 --> Session: Class initialized using 'CodeIgniter\Session\Handlers\FileHandler' driver.
DEBUG - 2025-01-27 16:27:34 --> Session: Class initialized using 'CodeIgniter\Session\Handlers\FileHandler' driver.
DEBUG - 2025-01-27 16:28:23 --> Session: Class initialized using 'CodeIgniter\Session\Handlers\FileHandler' driver.
DEBUG - 2025-01-27 16:28:24 --> Session: Class initialized using 'CodeIgniter\Session\Handlers\FileHandler' driver.
DEBUG - 2025-01-27 16:28:41 --> Session: Class initialized using 'CodeIgniter\Session\Handlers\FileHandler' driver.
DEBUG - 2025-01-27 16:28:41 --> Session: Class initialized using 'CodeIgniter\Session\Handlers\FileHandler' driver.
DEBUG - 2025-01-27 16:28:58 --> Session: Class initialized using 'CodeIgniter\Session\Handlers\FileHandler' driver.
DEBUG - 2025-01-27 16:28:59 --> Session: Class initialized using 'CodeIgniter\Session\Handlers\FileHandler' driver.
DEBUG - 2025-01-27 16:34:17 --> Session: Class initialized using 'CodeIgniter\Session\Handlers\FileHandler' driver.
DEBUG - 2025-01-27 16:34:18 --> Session: Class initialized using 'CodeIgniter\Session\Handlers\FileHandler' driver.
DEBUG - 2025-01-27 16:34:32 --> Session: Class initialized using 'CodeIgniter\Session\Handlers\FileHandler' driver.
DEBUG - 2025-01-27 16:34:48 --> Session: Class initialized using 'CodeIgniter\Session\Handlers\FileHandler' driver.
DEBUG - 2025-01-27 16:34:55 --> Session: Class initialized using 'CodeIgniter\Session\Handlers\FileHandler' driver.
DEBUG - 2025-01-27 16:35:20 --> Session: Class initialized using 'CodeIgniter\Session\Handlers\FileHandler' driver.
CRITICAL - 2025-01-27 16:35:20 --> Error: Call to undefined method Myth\Auth\Authorization\FlatAuthorization::getGroupsForUser()
[Method: POST, Route: admin/register]
in APPPATH\Controllers\Admin.php on line 141.
 1 SYSTEMPATH\CodeIgniter.php(933): App\Controllers\Admin->register()
 2 SYSTEMPATH\CodeIgniter.php(507): CodeIgniter\CodeIgniter->runController(Object(App\Controllers\Admin))
 3 SYSTEMPATH\CodeIgniter.php(354): CodeIgniter\CodeIgniter->handleRequest(null, Object(Config\Cache), false)
 4 SYSTEMPATH\Boot.php(334): CodeIgniter\CodeIgniter->run()
 5 SYSTEMPATH\Boot.php(67): CodeIgniter\Boot::runCodeIgniter(Object(CodeIgniter\CodeIgniter))
 6 FCPATH\index.php(56): CodeIgniter\Boot::bootWeb(Object(Config\Paths))
 7 SYSTEMPATH\rewrite.php(44): require_once('C:\\xampp\\htdocs\\ci4login\\public\\index.php')
DEBUG - 2025-01-27 16:39:08 --> Session: Class initialized using 'CodeIgniter\Session\Handlers\FileHandler' driver.
DEBUG - 2025-01-27 16:39:17 --> Session: Class initialized using 'CodeIgniter\Session\Handlers\FileHandler' driver.
DEBUG - 2025-01-27 16:39:18 --> Session: Class initialized using 'CodeIgniter\Session\Handlers\FileHandler' driver.
DEBUG - 2025-01-27 16:39:51 --> Session: Class initialized using 'CodeIgniter\Session\Handlers\FileHandler' driver.
DEBUG - 2025-01-27 16:39:52 --> Session: Class initialized using 'CodeIgniter\Session\Handlers\FileHandler' driver.
DEBUG - 2025-01-27 16:39:52 --> Session: Class initialized using 'CodeIgniter\Session\Handlers\FileHandler' driver.
DEBUG - 2025-01-27 16:39:55 --> Session: Class initialized using 'CodeIgniter\Session\Handlers\FileHandler' driver.
DEBUG - 2025-01-27 16:40:34 --> Session: Class initialized using 'CodeIgniter\Session\Handlers\FileHandler' driver.
DEBUG - 2025-01-27 16:40:45 --> Session: Class initialized using 'CodeIgniter\Session\Handlers\FileHandler' driver.
DEBUG - 2025-01-27 16:40:45 --> Session: Class initialized using 'CodeIgniter\Session\Handlers\FileHandler' driver.
DEBUG - 2025-01-27 16:40:58 --> Session: Class initialized using 'CodeIgniter\Session\Handlers\FileHandler' driver.
DEBUG - 2025-01-27 16:40:59 --> Session: Class initialized using 'CodeIgniter\Session\Handlers\FileHandler' driver.
DEBUG - 2025-01-27 16:41:48 --> Session: Class initialized using 'CodeIgniter\Session\Handlers\FileHandler' driver.
DEBUG - 2025-01-27 16:41:49 --> Session: Class initialized using 'CodeIgniter\Session\Handlers\FileHandler' driver.
DEBUG - 2025-01-27 16:42:16 --> Session: Class initialized using 'CodeIgniter\Session\Handlers\FileHandler' driver.
DEBUG - 2025-01-27 16:42:39 --> Session: Class initialized using 'CodeIgniter\Session\Handlers\FileHandler' driver.
DEBUG - 2025-01-27 16:42:39 --> Session: Class initialized using 'CodeIgniter\Session\Handlers\FileHandler' driver.
DEBUG - 2025-01-27 16:42:39 --> Session: Class initialized using 'CodeIgniter\Session\Handlers\FileHandler' driver.
DEBUG - 2025-01-27 16:42:46 --> Session: Class initialized using 'CodeIgniter\Session\Handlers\FileHandler' driver.
DEBUG - 2025-01-27 16:42:52 --> Session: Class initialized using 'CodeIgniter\Session\Handlers\FileHandler' driver.
DEBUG - 2025-01-27 16:43:30 --> Session: Class initialized using 'CodeIgniter\Session\Handlers\FileHandler' driver.
DEBUG - 2025-01-27 16:43:31 --> Session: Class initialized using 'CodeIgniter\Session\Handlers\FileHandler' driver.
DEBUG - 2025-01-27 16:43:31 --> Session: Class initialized using 'CodeIgniter\Session\Handlers\FileHandler' driver.
DEBUG - 2025-01-27 16:44:05 --> Session: Class initialized using 'CodeIgniter\Session\Handlers\FileHandler' driver.
DEBUG - 2025-01-27 16:44:09 --> Session: Class initialized using 'CodeIgniter\Session\Handlers\FileHandler' driver.
DEBUG - 2025-01-27 16:44:36 --> Session: Class initialized using 'CodeIgniter\Session\Handlers\FileHandler' driver.
DEBUG - 2025-01-27 16:44:36 --> Session: Class initialized using 'CodeIgniter\Session\Handlers\FileHandler' driver.
DEBUG - 2025-01-27 16:45:37 --> Session: Class initialized using 'CodeIgniter\Session\Handlers\FileHandler' driver.
DEBUG - 2025-01-27 16:46:13 --> Session: Class initialized using 'CodeIgniter\Session\Handlers\FileHandler' driver.
DEBUG - 2025-01-27 16:46:13 --> Session: Class initialized using 'CodeIgniter\Session\Handlers\FileHandler' driver.
DEBUG - 2025-01-27 16:47:43 --> Session: Class initialized using 'CodeIgniter\Session\Handlers\FileHandler' driver.
DEBUG - 2025-01-27 16:47:48 --> Session: Class initialized using 'CodeIgniter\Session\Handlers\FileHandler' driver.
DEBUG - 2025-01-27 16:47:48 --> Session: Class initialized using 'CodeIgniter\Session\Handlers\FileHandler' driver.
DEBUG - 2025-01-27 16:47:48 --> Session: Class initialized using 'CodeIgniter\Session\Handlers\FileHandler' driver.
DEBUG - 2025-01-27 16:47:54 --> Session: Class initialized using 'CodeIgniter\Session\Handlers\FileHandler' driver.
DEBUG - 2025-01-27 16:47:54 --> Session: Class initialized using 'CodeIgniter\Session\Handlers\FileHandler' driver.
DEBUG - 2025-01-27 16:47:56 --> Session: Class initialized using 'CodeIgniter\Session\Handlers\FileHandler' driver.
DEBUG - 2025-01-27 16:47:56 --> Session: Class initialized using 'CodeIgniter\Session\Handlers\FileHandler' driver.
DEBUG - 2025-01-27 16:47:57 --> Session: Class initialized using 'CodeIgniter\Session\Handlers\FileHandler' driver.
DEBUG - 2025-01-27 16:47:58 --> Session: Class initialized using 'CodeIgniter\Session\Handlers\FileHandler' driver.
DEBUG - 2025-01-27 16:47:58 --> Session: Class initialized using 'CodeIgniter\Session\Handlers\FileHandler' driver.
DEBUG - 2025-01-27 16:47:59 --> Session: Class initialized using 'CodeIgniter\Session\Handlers\FileHandler' driver.
DEBUG - 2025-01-27 16:48:43 --> Session: Class initialized using 'CodeIgniter\Session\Handlers\FileHandler' driver.
DEBUG - 2025-01-27 16:48:45 --> Session: Class initialized using 'CodeIgniter\Session\Handlers\FileHandler' driver.
DEBUG - 2025-01-27 16:48:48 --> Session: Class initialized using 'CodeIgniter\Session\Handlers\FileHandler' driver.
DEBUG - 2025-01-27 16:49:19 --> Session: Class initialized using 'CodeIgniter\Session\Handlers\FileHandler' driver.
DEBUG - 2025-01-27 16:49:19 --> Session: Class initialized using 'CodeIgniter\Session\Handlers\FileHandler' driver.
DEBUG - 2025-01-27 16:51:42 --> Session: Class initialized using 'CodeIgniter\Session\Handlers\FileHandler' driver.
DEBUG - 2025-01-27 16:52:45 --> Session: Class initialized using 'CodeIgniter\Session\Handlers\FileHandler' driver.
DEBUG - 2025-01-27 16:52:45 --> Session: Class initialized using 'CodeIgniter\Session\Handlers\FileHandler' driver.
DEBUG - 2025-01-27 16:52:55 --> Session: Class initialized using 'CodeIgniter\Session\Handlers\FileHandler' driver.
DEBUG - 2025-01-27 16:52:58 --> Session: Class initialized using 'CodeIgniter\Session\Handlers\FileHandler' driver.
DEBUG - 2025-01-27 16:52:58 --> Session: Class initialized using 'CodeIgniter\Session\Handlers\FileHandler' driver.
DEBUG - 2025-01-27 16:52:58 --> Session: Class initialized using 'CodeIgniter\Session\Handlers\FileHandler' driver.
DEBUG - 2025-01-27 16:53:07 --> Session: Class initialized using 'CodeIgniter\Session\Handlers\FileHandler' driver.
DEBUG - 2025-01-27 16:53:07 --> Session: Class initialized using 'CodeIgniter\Session\Handlers\FileHandler' driver.
DEBUG - 2025-01-27 16:53:08 --> Session: Class initialized using 'CodeIgniter\Session\Handlers\FileHandler' driver.
DEBUG - 2025-01-27 16:53:11 --> Session: Class initialized using 'CodeIgniter\Session\Handlers\FileHandler' driver.
DEBUG - 2025-01-27 16:53:43 --> Session: Class initialized using 'CodeIgniter\Session\Handlers\FileHandler' driver.
DEBUG - 2025-01-27 16:53:43 --> Session: Class initialized using 'CodeIgniter\Session\Handlers\FileHandler' driver.
DEBUG - 2025-01-27 16:54:02 --> Session: Class initialized using 'CodeIgniter\Session\Handlers\FileHandler' driver.
DEBUG - 2025-01-27 16:54:06 --> Session: Class initialized using 'CodeIgniter\Session\Handlers\FileHandler' driver.
ERROR - 2025-01-27 20:10:55 --> mysqli_sql_exception: You have an error in your SQL syntax; check the manual that corresponds to your MariaDB server version for the right syntax to use near ')
) DEFAULT CHARACTER SET = utf8mb4 COLLATE = utf8mb4_general_ci' at line 21 in C:\xampp\htdocs\Jago_Nyurat\vendor\codeigniter4\framework\system\Database\MySQLi\Connection.php:327
Stack trace:
#0 C:\xampp\htdocs\Jago_Nyurat\vendor\codeigniter4\framework\system\Database\MySQLi\Connection.php(327): mysqli->query('CREATE TABLE `u...', 0)
#1 C:\xampp\htdocs\Jago_Nyurat\vendor\codeigniter4\framework\system\Database\BaseConnection.php(738): CodeIgniter\Database\MySQLi\Connection->execute('CREATE TABLE `u...')
#2 C:\xampp\htdocs\Jago_Nyurat\vendor\codeigniter4\framework\system\Database\BaseConnection.php(652): CodeIgniter\Database\BaseConnection->simpleQuery('CREATE TABLE `u...')
#3 C:\xampp\htdocs\Jago_Nyurat\vendor\codeigniter4\framework\system\Database\Forge.php(570): CodeIgniter\Database\BaseConnection->query('CREATE TABLE `u...')
#4 C:\xampp\htdocs\Jago_Nyurat\vendor\myth\auth\src\Database\Migrations\2017-11-20-223112_create_auth_tables.php(37): CodeIgniter\Database\Forge->createTable('users', true)
#5 C:\xampp\htdocs\Jago_Nyurat\vendor\codeigniter4\framework\system\Database\MigrationRunner.php(866): Myth\Auth\Database\Migrations\CreateAuthTables->up()
#6 C:\xampp\htdocs\Jago_Nyurat\vendor\codeigniter4\framework\system\Database\MigrationRunner.php(182): CodeIgniter\Database\MigrationRunner->migrate('up', Object(stdClass))
#7 C:\xampp\htdocs\Jago_Nyurat\vendor\codeigniter4\framework\system\Commands\Database\Migrate.php(85): CodeIgniter\Database\MigrationRunner->latest(NULL)
#8 C:\xampp\htdocs\Jago_Nyurat\vendor\codeigniter4\framework\system\CLI\Commands.php(70): CodeIgniter\Commands\Database\Migrate->run(Array)
#9 C:\xampp\htdocs\Jago_Nyurat\vendor\codeigniter4\framework\system\CLI\Console.php(48): CodeIgniter\CLI\Commands->run('migrate', Array)
#10 C:\xampp\htdocs\Jago_Nyurat\vendor\codeigniter4\framework\system\Boot.php(360): CodeIgniter\CLI\Console->run()
#11 C:\xampp\htdocs\Jago_Nyurat\vendor\codeigniter4\framework\system\Boot.php(104): CodeIgniter\Boot::runCommand(Object(CodeIgniter\CLI\Console))
#12 C:\xampp\htdocs\Jago_Nyurat\spark(84): CodeIgniter\Boot::bootSpark(Object(Config\Paths))
#13 {main}
DEBUG - 2025-01-27 20:26:45 --> Session: Class initialized using 'CodeIgniter\Session\Handlers\FileHandler' driver.
DEBUG - 2025-01-27 20:26:46 --> Session: Class initialized using 'CodeIgniter\Session\Handlers\FileHandler' driver.
DEBUG - 2025-01-27 20:27:52 --> Session: Class initialized using 'CodeIgniter\Session\Handlers\FileHandler' driver.
DEBUG - 2025-01-27 20:28:11 --> Session: Class initialized using 'CodeIgniter\Session\Handlers\FileHandler' driver.
DEBUG - 2025-01-27 20:28:11 --> Session: Class initialized using 'CodeIgniter\Session\Handlers\FileHandler' driver.
DEBUG - 2025-01-27 20:28:21 --> Session: Class initialized using 'CodeIgniter\Session\Handlers\FileHandler' driver.
DEBUG - 2025-01-27 20:28:21 --> Session: Class initialized using 'CodeIgniter\Session\Handlers\FileHandler' driver.
DEBUG - 2025-01-27 20:28:33 --> Session: Class initialized using 'CodeIgniter\Session\Handlers\FileHandler' driver.
DEBUG - 2025-01-27 20:28:33 --> Session: Class initialized using 'CodeIgniter\Session\Handlers\FileHandler' driver.
DEBUG - 2025-01-27 20:28:36 --> Session: Class initialized using 'CodeIgniter\Session\Handlers\FileHandler' driver.
DEBUG - 2025-01-27 20:28:37 --> Session: Class initialized using 'CodeIgniter\Session\Handlers\FileHandler' driver.
DEBUG - 2025-01-27 20:28:55 --> Session: Class initialized using 'CodeIgniter\Session\Handlers\FileHandler' driver.
DEBUG - 2025-01-27 20:28:56 --> Session: Class initialized using 'CodeIgniter\Session\Handlers\FileHandler' driver.
DEBUG - 2025-01-27 20:28:56 --> Session: Class initialized using 'CodeIgniter\Session\Handlers\FileHandler' driver.
DEBUG - 2025-01-27 20:29:08 --> Session: Class initialized using 'CodeIgniter\Session\Handlers\FileHandler' driver.
DEBUG - 2025-01-27 20:29:09 --> Session: Class initialized using 'CodeIgniter\Session\Handlers\FileHandler' driver.
DEBUG - 2025-01-27 20:31:12 --> Session: Class initialized using 'CodeIgniter\Session\Handlers\FileHandler' driver.
DEBUG - 2025-01-27 20:31:13 --> Session: Class initialized using 'CodeIgniter\Session\Handlers\FileHandler' driver.
ERROR - 2025-01-27 20:31:13 --> mysqli_sql_exception: Unknown column 'username' in 'field list' in C:\xampp\htdocs\Jago_Nyurat\vendor\codeigniter4\framework\system\Database\MySQLi\Connection.php:327
Stack trace:
#0 C:\xampp\htdocs\Jago_Nyurat\vendor\codeigniter4\framework\system\Database\MySQLi\Connection.php(327): mysqli->query('SELECT `users`....', 0)
#1 C:\xampp\htdocs\Jago_Nyurat\vendor\codeigniter4\framework\system\Database\BaseConnection.php(738): CodeIgniter\Database\MySQLi\Connection->execute('SELECT `users`....')
#2 C:\xampp\htdocs\Jago_Nyurat\vendor\codeigniter4\framework\system\Database\BaseConnection.php(652): CodeIgniter\Database\BaseConnection->simpleQuery('SELECT `users`....')
#3 C:\xampp\htdocs\Jago_Nyurat\vendor\codeigniter4\framework\system\Database\BaseBuilder.php(1649): CodeIgniter\Database\BaseConnection->query('SELECT `users`....', Array, false)
#4 C:\xampp\htdocs\Jago_Nyurat\app\Controllers\Admin.php(25): CodeIgniter\Database\BaseBuilder->get()
#5 C:\xampp\htdocs\Jago_Nyurat\vendor\codeigniter4\framework\system\CodeIgniter.php(933): App\Controllers\Admin->index()
#6 C:\xampp\htdocs\Jago_Nyurat\vendor\codeigniter4\framework\system\CodeIgniter.php(507): CodeIgniter\CodeIgniter->runController(Object(App\Controllers\Admin))
#7 C:\xampp\htdocs\Jago_Nyurat\vendor\codeigniter4\framework\system\CodeIgniter.php(354): CodeIgniter\CodeIgniter->handleRequest(NULL, Object(Config\Cache), false)
#8 C:\xampp\htdocs\Jago_Nyurat\vendor\codeigniter4\framework\system\Boot.php(334): CodeIgniter\CodeIgniter->run()
#9 C:\xampp\htdocs\Jago_Nyurat\vendor\codeigniter4\framework\system\Boot.php(67): CodeIgniter\Boot::runCodeIgniter(Object(CodeIgniter\CodeIgniter))
#10 C:\xampp\htdocs\Jago_Nyurat\public\index.php(56): CodeIgniter\Boot::bootWeb(Object(Config\Paths))
#11 C:\xampp\htdocs\Jago_Nyurat\vendor\codeigniter4\framework\system\rewrite.php(44): require_once('C:\\xampp\\htdocs...')
#12 {main}
CRITICAL - 2025-01-27 20:31:13 --> CodeIgniter\Database\Exceptions\DatabaseException: Unknown column 'username' in 'field list'
[Method: GET, Route: admin]
in SYSTEMPATH\Database\BaseConnection.php on line 692.
 1 SYSTEMPATH\Database\BaseBuilder.php(1649): CodeIgniter\Database\BaseConnection->query('SELECT `users`.`id` as `userid`, `username`, `email`, `name`
FROM `users`
JOIN `auth_groups_users` ON `auth_groups_users`.`user_id` = `users`.`id`
JOIN `auth_groups` ON `auth_groups`.`id` = `auth_groups_users`.`group_id`', [], false)
 2 APPPATH\Controllers\Admin.php(25): CodeIgniter\Database\BaseBuilder->get()
 3 SYSTEMPATH\CodeIgniter.php(933): App\Controllers\Admin->index()
 4 SYSTEMPATH\CodeIgniter.php(507): CodeIgniter\CodeIgniter->runController(Object(App\Controllers\Admin))
 5 SYSTEMPATH\CodeIgniter.php(354): CodeIgniter\CodeIgniter->handleRequest(null, Object(Config\Cache), false)
 6 SYSTEMPATH\Boot.php(334): CodeIgniter\CodeIgniter->run()
 7 SYSTEMPATH\Boot.php(67): CodeIgniter\Boot::runCodeIgniter(Object(CodeIgniter\CodeIgniter))
 8 FCPATH\index.php(56): CodeIgniter\Boot::bootWeb(Object(Config\Paths))
 9 SYSTEMPATH\rewrite.php(44): require_once('C:\\xampp\\htdocs\\Jago_Nyurat\\public\\index.php')
CRITICAL - 2025-01-27 20:31:13 --> [Caused by] CodeIgniter\Database\Exceptions\DatabaseException: Unknown column 'username' in 'field list'
in SYSTEMPATH\Database\MySQLi\Connection.php on line 332.
 1 SYSTEMPATH\Database\BaseConnection.php(738): CodeIgniter\Database\MySQLi\Connection->execute('SELECT `users`.`id` as `userid`, `username`, `email`, `name`
FROM `users`
JOIN `auth_groups_users` ON `auth_groups_users`.`user_id` = `users`.`id`
JOIN `auth_groups` ON `auth_groups`.`id` = `auth_groups_users`.`group_id`')
 2 SYSTEMPATH\Database\BaseConnection.php(652): CodeIgniter\Database\BaseConnection->simpleQuery('SELECT `users`.`id` as `userid`, `username`, `email`, `name`
FROM `users`
JOIN `auth_groups_users` ON `auth_groups_users`.`user_id` = `users`.`id`
JOIN `auth_groups` ON `auth_groups`.`id` = `auth_groups_users`.`group_id`')
 3 SYSTEMPATH\Database\BaseBuilder.php(1649): CodeIgniter\Database\BaseConnection->query('SELECT `users`.`id` as `userid`, `username`, `email`, `name`
FROM `users`
JOIN `auth_groups_users` ON `auth_groups_users`.`user_id` = `users`.`id`
JOIN `auth_groups` ON `auth_groups`.`id` = `auth_groups_users`.`group_id`', [], false)
 4 APPPATH\Controllers\Admin.php(25): CodeIgniter\Database\BaseBuilder->get()
 5 SYSTEMPATH\CodeIgniter.php(933): App\Controllers\Admin->index()
 6 SYSTEMPATH\CodeIgniter.php(507): CodeIgniter\CodeIgniter->runController(Object(App\Controllers\Admin))
 7 SYSTEMPATH\CodeIgniter.php(354): CodeIgniter\CodeIgniter->handleRequest(null, Object(Config\Cache), false)
 8 SYSTEMPATH\Boot.php(334): CodeIgniter\CodeIgniter->run()
 9 SYSTEMPATH\Boot.php(67): CodeIgniter\Boot::runCodeIgniter(Object(CodeIgniter\CodeIgniter))
10 FCPATH\index.php(56): CodeIgniter\Boot::bootWeb(Object(Config\Paths))
11 SYSTEMPATH\rewrite.php(44): require_once('C:\\xampp\\htdocs\\Jago_Nyurat\\public\\index.php')
CRITICAL - 2025-01-27 20:31:13 --> [Caused by] mysqli_sql_exception: Unknown column 'username' in 'field list'
in SYSTEMPATH\Database\MySQLi\Connection.php on line 327.
 1 SYSTEMPATH\Database\MySQLi\Connection.php(327): mysqli->query('SELECT `users`.`id` as `userid`, `username`, `email`, `name`
FROM `users`
JOIN `auth_groups_users` ON `auth_groups_users`.`user_id` = `users`.`id`
JOIN `auth_groups` ON `auth_groups`.`id` = `auth_groups_users`.`group_id`', 0)
 2 SYSTEMPATH\Database\BaseConnection.php(738): CodeIgniter\Database\MySQLi\Connection->execute('SELECT `users`.`id` as `userid`, `username`, `email`, `name`
FROM `users`
JOIN `auth_groups_users` ON `auth_groups_users`.`user_id` = `users`.`id`
JOIN `auth_groups` ON `auth_groups`.`id` = `auth_groups_users`.`group_id`')
 3 SYSTEMPATH\Database\BaseConnection.php(652): CodeIgniter\Database\BaseConnection->simpleQuery('SELECT `users`.`id` as `userid`, `username`, `email`, `name`
FROM `users`
JOIN `auth_groups_users` ON `auth_groups_users`.`user_id` = `users`.`id`
JOIN `auth_groups` ON `auth_groups`.`id` = `auth_groups_users`.`group_id`')
 4 SYSTEMPATH\Database\BaseBuilder.php(1649): CodeIgniter\Database\BaseConnection->query('SELECT `users`.`id` as `userid`, `username`, `email`, `name`
FROM `users`
JOIN `auth_groups_users` ON `auth_groups_users`.`user_id` = `users`.`id`
JOIN `auth_groups` ON `auth_groups`.`id` = `auth_groups_users`.`group_id`', [], false)
 5 APPPATH\Controllers\Admin.php(25): CodeIgniter\Database\BaseBuilder->get()
 6 SYSTEMPATH\CodeIgniter.php(933): App\Controllers\Admin->index()
 7 SYSTEMPATH\CodeIgniter.php(507): CodeIgniter\CodeIgniter->runController(Object(App\Controllers\Admin))
 8 SYSTEMPATH\CodeIgniter.php(354): CodeIgniter\CodeIgniter->handleRequest(null, Object(Config\Cache), false)
 9 SYSTEMPATH\Boot.php(334): CodeIgniter\CodeIgniter->run()
10 SYSTEMPATH\Boot.php(67): CodeIgniter\Boot::runCodeIgniter(Object(CodeIgniter\CodeIgniter))
11 FCPATH\index.php(56): CodeIgniter\Boot::bootWeb(Object(Config\Paths))
12 SYSTEMPATH\rewrite.php(44): require_once('C:\\xampp\\htdocs\\Jago_Nyurat\\public\\index.php')
DEBUG - 2025-01-27 20:31:19 --> Session: Class initialized using 'CodeIgniter\Session\Handlers\FileHandler' driver.
DEBUG - 2025-01-27 20:31:21 --> Session: Class initialized using 'CodeIgniter\Session\Handlers\FileHandler' driver.
ERROR - 2025-01-27 20:31:21 --> mysqli_sql_exception: Unknown column 'username' in 'field list' in C:\xampp\htdocs\Jago_Nyurat\vendor\codeigniter4\framework\system\Database\MySQLi\Connection.php:327
Stack trace:
#0 C:\xampp\htdocs\Jago_Nyurat\vendor\codeigniter4\framework\system\Database\MySQLi\Connection.php(327): mysqli->query('SELECT `users`....', 0)
#1 C:\xampp\htdocs\Jago_Nyurat\vendor\codeigniter4\framework\system\Database\BaseConnection.php(738): CodeIgniter\Database\MySQLi\Connection->execute('SELECT `users`....')
#2 C:\xampp\htdocs\Jago_Nyurat\vendor\codeigniter4\framework\system\Database\BaseConnection.php(652): CodeIgniter\Database\BaseConnection->simpleQuery('SELECT `users`....')
#3 C:\xampp\htdocs\Jago_Nyurat\vendor\codeigniter4\framework\system\Database\BaseBuilder.php(1649): CodeIgniter\Database\BaseConnection->query('SELECT `users`....', Array, false)
#4 C:\xampp\htdocs\Jago_Nyurat\app\Controllers\Admin.php(25): CodeIgniter\Database\BaseBuilder->get()
#5 C:\xampp\htdocs\Jago_Nyurat\vendor\codeigniter4\framework\system\CodeIgniter.php(933): App\Controllers\Admin->index()
#6 C:\xampp\htdocs\Jago_Nyurat\vendor\codeigniter4\framework\system\CodeIgniter.php(507): CodeIgniter\CodeIgniter->runController(Object(App\Controllers\Admin))
#7 C:\xampp\htdocs\Jago_Nyurat\vendor\codeigniter4\framework\system\CodeIgniter.php(354): CodeIgniter\CodeIgniter->handleRequest(NULL, Object(Config\Cache), false)
#8 C:\xampp\htdocs\Jago_Nyurat\vendor\codeigniter4\framework\system\Boot.php(334): CodeIgniter\CodeIgniter->run()
#9 C:\xampp\htdocs\Jago_Nyurat\vendor\codeigniter4\framework\system\Boot.php(67): CodeIgniter\Boot::runCodeIgniter(Object(CodeIgniter\CodeIgniter))
#10 C:\xampp\htdocs\Jago_Nyurat\public\index.php(56): CodeIgniter\Boot::bootWeb(Object(Config\Paths))
#11 C:\xampp\htdocs\Jago_Nyurat\vendor\codeigniter4\framework\system\rewrite.php(44): require_once('C:\\xampp\\htdocs...')
#12 {main}
CRITICAL - 2025-01-27 20:31:21 --> CodeIgniter\Database\Exceptions\DatabaseException: Unknown column 'username' in 'field list'
[Method: GET, Route: admin]
in SYSTEMPATH\Database\BaseConnection.php on line 692.
 1 SYSTEMPATH\Database\BaseBuilder.php(1649): CodeIgniter\Database\BaseConnection->query('SELECT `users`.`id` as `userid`, `username`, `email`, `name`
FROM `users`
JOIN `auth_groups_users` ON `auth_groups_users`.`user_id` = `users`.`id`
JOIN `auth_groups` ON `auth_groups`.`id` = `auth_groups_users`.`group_id`', [], false)
 2 APPPATH\Controllers\Admin.php(25): CodeIgniter\Database\BaseBuilder->get()
 3 SYSTEMPATH\CodeIgniter.php(933): App\Controllers\Admin->index()
 4 SYSTEMPATH\CodeIgniter.php(507): CodeIgniter\CodeIgniter->runController(Object(App\Controllers\Admin))
 5 SYSTEMPATH\CodeIgniter.php(354): CodeIgniter\CodeIgniter->handleRequest(null, Object(Config\Cache), false)
 6 SYSTEMPATH\Boot.php(334): CodeIgniter\CodeIgniter->run()
 7 SYSTEMPATH\Boot.php(67): CodeIgniter\Boot::runCodeIgniter(Object(CodeIgniter\CodeIgniter))
 8 FCPATH\index.php(56): CodeIgniter\Boot::bootWeb(Object(Config\Paths))
 9 SYSTEMPATH\rewrite.php(44): require_once('C:\\xampp\\htdocs\\Jago_Nyurat\\public\\index.php')
CRITICAL - 2025-01-27 20:31:21 --> [Caused by] CodeIgniter\Database\Exceptions\DatabaseException: Unknown column 'username' in 'field list'
in SYSTEMPATH\Database\MySQLi\Connection.php on line 332.
 1 SYSTEMPATH\Database\BaseConnection.php(738): CodeIgniter\Database\MySQLi\Connection->execute('SELECT `users`.`id` as `userid`, `username`, `email`, `name`
FROM `users`
JOIN `auth_groups_users` ON `auth_groups_users`.`user_id` = `users`.`id`
JOIN `auth_groups` ON `auth_groups`.`id` = `auth_groups_users`.`group_id`')
 2 SYSTEMPATH\Database\BaseConnection.php(652): CodeIgniter\Database\BaseConnection->simpleQuery('SELECT `users`.`id` as `userid`, `username`, `email`, `name`
FROM `users`
JOIN `auth_groups_users` ON `auth_groups_users`.`user_id` = `users`.`id`
JOIN `auth_groups` ON `auth_groups`.`id` = `auth_groups_users`.`group_id`')
 3 SYSTEMPATH\Database\BaseBuilder.php(1649): CodeIgniter\Database\BaseConnection->query('SELECT `users`.`id` as `userid`, `username`, `email`, `name`
FROM `users`
JOIN `auth_groups_users` ON `auth_groups_users`.`user_id` = `users`.`id`
JOIN `auth_groups` ON `auth_groups`.`id` = `auth_groups_users`.`group_id`', [], false)
 4 APPPATH\Controllers\Admin.php(25): CodeIgniter\Database\BaseBuilder->get()
 5 SYSTEMPATH\CodeIgniter.php(933): App\Controllers\Admin->index()
 6 SYSTEMPATH\CodeIgniter.php(507): CodeIgniter\CodeIgniter->runController(Object(App\Controllers\Admin))
 7 SYSTEMPATH\CodeIgniter.php(354): CodeIgniter\CodeIgniter->handleRequest(null, Object(Config\Cache), false)
 8 SYSTEMPATH\Boot.php(334): CodeIgniter\CodeIgniter->run()
 9 SYSTEMPATH\Boot.php(67): CodeIgniter\Boot::runCodeIgniter(Object(CodeIgniter\CodeIgniter))
10 FCPATH\index.php(56): CodeIgniter\Boot::bootWeb(Object(Config\Paths))
11 SYSTEMPATH\rewrite.php(44): require_once('C:\\xampp\\htdocs\\Jago_Nyurat\\public\\index.php')
CRITICAL - 2025-01-27 20:31:21 --> [Caused by] mysqli_sql_exception: Unknown column 'username' in 'field list'
in SYSTEMPATH\Database\MySQLi\Connection.php on line 327.
 1 SYSTEMPATH\Database\MySQLi\Connection.php(327): mysqli->query('SELECT `users`.`id` as `userid`, `username`, `email`, `name`
FROM `users`
JOIN `auth_groups_users` ON `auth_groups_users`.`user_id` = `users`.`id`
JOIN `auth_groups` ON `auth_groups`.`id` = `auth_groups_users`.`group_id`', 0)
 2 SYSTEMPATH\Database\BaseConnection.php(738): CodeIgniter\Database\MySQLi\Connection->execute('SELECT `users`.`id` as `userid`, `username`, `email`, `name`
FROM `users`
JOIN `auth_groups_users` ON `auth_groups_users`.`user_id` = `users`.`id`
JOIN `auth_groups` ON `auth_groups`.`id` = `auth_groups_users`.`group_id`')
 3 SYSTEMPATH\Database\BaseConnection.php(652): CodeIgniter\Database\BaseConnection->simpleQuery('SELECT `users`.`id` as `userid`, `username`, `email`, `name`
FROM `users`
JOIN `auth_groups_users` ON `auth_groups_users`.`user_id` = `users`.`id`
JOIN `auth_groups` ON `auth_groups`.`id` = `auth_groups_users`.`group_id`')
 4 SYSTEMPATH\Database\BaseBuilder.php(1649): CodeIgniter\Database\BaseConnection->query('SELECT `users`.`id` as `userid`, `username`, `email`, `name`
FROM `users`
JOIN `auth_groups_users` ON `auth_groups_users`.`user_id` = `users`.`id`
JOIN `auth_groups` ON `auth_groups`.`id` = `auth_groups_users`.`group_id`', [], false)
 5 APPPATH\Controllers\Admin.php(25): CodeIgniter\Database\BaseBuilder->get()
 6 SYSTEMPATH\CodeIgniter.php(933): App\Controllers\Admin->index()
 7 SYSTEMPATH\CodeIgniter.php(507): CodeIgniter\CodeIgniter->runController(Object(App\Controllers\Admin))
 8 SYSTEMPATH\CodeIgniter.php(354): CodeIgniter\CodeIgniter->handleRequest(null, Object(Config\Cache), false)
 9 SYSTEMPATH\Boot.php(334): CodeIgniter\CodeIgniter->run()
10 SYSTEMPATH\Boot.php(67): CodeIgniter\Boot::runCodeIgniter(Object(CodeIgniter\CodeIgniter))
11 FCPATH\index.php(56): CodeIgniter\Boot::bootWeb(Object(Config\Paths))
12 SYSTEMPATH\rewrite.php(44): require_once('C:\\xampp\\htdocs\\Jago_Nyurat\\public\\index.php')
DEBUG - 2025-01-27 20:31:48 --> Session: Class initialized using 'CodeIgniter\Session\Handlers\FileHandler' driver.
ERROR - 2025-01-27 20:31:48 --> mysqli_sql_exception: Unknown column 'username' in 'field list' in C:\xampp\htdocs\Jago_Nyurat\vendor\codeigniter4\framework\system\Database\MySQLi\Connection.php:327
Stack trace:
#0 C:\xampp\htdocs\Jago_Nyurat\vendor\codeigniter4\framework\system\Database\MySQLi\Connection.php(327): mysqli->query('SELECT `users`....', 0)
#1 C:\xampp\htdocs\Jago_Nyurat\vendor\codeigniter4\framework\system\Database\BaseConnection.php(738): CodeIgniter\Database\MySQLi\Connection->execute('SELECT `users`....')
#2 C:\xampp\htdocs\Jago_Nyurat\vendor\codeigniter4\framework\system\Database\BaseConnection.php(652): CodeIgniter\Database\BaseConnection->simpleQuery('SELECT `users`....')
#3 C:\xampp\htdocs\Jago_Nyurat\vendor\codeigniter4\framework\system\Database\BaseBuilder.php(1649): CodeIgniter\Database\BaseConnection->query('SELECT `users`....', Array, false)
#4 C:\xampp\htdocs\Jago_Nyurat\app\Controllers\Admin.php(25): CodeIgniter\Database\BaseBuilder->get()
#5 C:\xampp\htdocs\Jago_Nyurat\vendor\codeigniter4\framework\system\CodeIgniter.php(933): App\Controllers\Admin->index()
#6 C:\xampp\htdocs\Jago_Nyurat\vendor\codeigniter4\framework\system\CodeIgniter.php(507): CodeIgniter\CodeIgniter->runController(Object(App\Controllers\Admin))
#7 C:\xampp\htdocs\Jago_Nyurat\vendor\codeigniter4\framework\system\CodeIgniter.php(354): CodeIgniter\CodeIgniter->handleRequest(NULL, Object(Config\Cache), false)
#8 C:\xampp\htdocs\Jago_Nyurat\vendor\codeigniter4\framework\system\Boot.php(334): CodeIgniter\CodeIgniter->run()
#9 C:\xampp\htdocs\Jago_Nyurat\vendor\codeigniter4\framework\system\Boot.php(67): CodeIgniter\Boot::runCodeIgniter(Object(CodeIgniter\CodeIgniter))
#10 C:\xampp\htdocs\Jago_Nyurat\public\index.php(56): CodeIgniter\Boot::bootWeb(Object(Config\Paths))
#11 C:\xampp\htdocs\Jago_Nyurat\vendor\codeigniter4\framework\system\rewrite.php(44): require_once('C:\\xampp\\htdocs...')
#12 {main}
CRITICAL - 2025-01-27 20:31:48 --> CodeIgniter\Database\Exceptions\DatabaseException: Unknown column 'username' in 'field list'
[Method: GET, Route: admin]
in SYSTEMPATH\Database\BaseConnection.php on line 692.
 1 SYSTEMPATH\Database\BaseBuilder.php(1649): CodeIgniter\Database\BaseConnection->query('SELECT `users`.`id` as `userid`, `username`, `email`, `name`
FROM `users`
JOIN `auth_groups_users` ON `auth_groups_users`.`user_id` = `users`.`id`
JOIN `auth_groups` ON `auth_groups`.`id` = `auth_groups_users`.`group_id`', [], false)
 2 APPPATH\Controllers\Admin.php(25): CodeIgniter\Database\BaseBuilder->get()
 3 SYSTEMPATH\CodeIgniter.php(933): App\Controllers\Admin->index()
 4 SYSTEMPATH\CodeIgniter.php(507): CodeIgniter\CodeIgniter->runController(Object(App\Controllers\Admin))
 5 SYSTEMPATH\CodeIgniter.php(354): CodeIgniter\CodeIgniter->handleRequest(null, Object(Config\Cache), false)
 6 SYSTEMPATH\Boot.php(334): CodeIgniter\CodeIgniter->run()
 7 SYSTEMPATH\Boot.php(67): CodeIgniter\Boot::runCodeIgniter(Object(CodeIgniter\CodeIgniter))
 8 FCPATH\index.php(56): CodeIgniter\Boot::bootWeb(Object(Config\Paths))
 9 SYSTEMPATH\rewrite.php(44): require_once('C:\\xampp\\htdocs\\Jago_Nyurat\\public\\index.php')
CRITICAL - 2025-01-27 20:31:48 --> [Caused by] CodeIgniter\Database\Exceptions\DatabaseException: Unknown column 'username' in 'field list'
in SYSTEMPATH\Database\MySQLi\Connection.php on line 332.
 1 SYSTEMPATH\Database\BaseConnection.php(738): CodeIgniter\Database\MySQLi\Connection->execute('SELECT `users`.`id` as `userid`, `username`, `email`, `name`
FROM `users`
JOIN `auth_groups_users` ON `auth_groups_users`.`user_id` = `users`.`id`
JOIN `auth_groups` ON `auth_groups`.`id` = `auth_groups_users`.`group_id`')
 2 SYSTEMPATH\Database\BaseConnection.php(652): CodeIgniter\Database\BaseConnection->simpleQuery('SELECT `users`.`id` as `userid`, `username`, `email`, `name`
FROM `users`
JOIN `auth_groups_users` ON `auth_groups_users`.`user_id` = `users`.`id`
JOIN `auth_groups` ON `auth_groups`.`id` = `auth_groups_users`.`group_id`')
 3 SYSTEMPATH\Database\BaseBuilder.php(1649): CodeIgniter\Database\BaseConnection->query('SELECT `users`.`id` as `userid`, `username`, `email`, `name`
FROM `users`
JOIN `auth_groups_users` ON `auth_groups_users`.`user_id` = `users`.`id`
JOIN `auth_groups` ON `auth_groups`.`id` = `auth_groups_users`.`group_id`', [], false)
 4 APPPATH\Controllers\Admin.php(25): CodeIgniter\Database\BaseBuilder->get()
 5 SYSTEMPATH\CodeIgniter.php(933): App\Controllers\Admin->index()
 6 SYSTEMPATH\CodeIgniter.php(507): CodeIgniter\CodeIgniter->runController(Object(App\Controllers\Admin))
 7 SYSTEMPATH\CodeIgniter.php(354): CodeIgniter\CodeIgniter->handleRequest(null, Object(Config\Cache), false)
 8 SYSTEMPATH\Boot.php(334): CodeIgniter\CodeIgniter->run()
 9 SYSTEMPATH\Boot.php(67): CodeIgniter\Boot::runCodeIgniter(Object(CodeIgniter\CodeIgniter))
10 FCPATH\index.php(56): CodeIgniter\Boot::bootWeb(Object(Config\Paths))
11 SYSTEMPATH\rewrite.php(44): require_once('C:\\xampp\\htdocs\\Jago_Nyurat\\public\\index.php')
CRITICAL - 2025-01-27 20:31:48 --> [Caused by] mysqli_sql_exception: Unknown column 'username' in 'field list'
in SYSTEMPATH\Database\MySQLi\Connection.php on line 327.
 1 SYSTEMPATH\Database\MySQLi\Connection.php(327): mysqli->query('SELECT `users`.`id` as `userid`, `username`, `email`, `name`
FROM `users`
JOIN `auth_groups_users` ON `auth_groups_users`.`user_id` = `users`.`id`
JOIN `auth_groups` ON `auth_groups`.`id` = `auth_groups_users`.`group_id`', 0)
 2 SYSTEMPATH\Database\BaseConnection.php(738): CodeIgniter\Database\MySQLi\Connection->execute('SELECT `users`.`id` as `userid`, `username`, `email`, `name`
FROM `users`
JOIN `auth_groups_users` ON `auth_groups_users`.`user_id` = `users`.`id`
JOIN `auth_groups` ON `auth_groups`.`id` = `auth_groups_users`.`group_id`')
 3 SYSTEMPATH\Database\BaseConnection.php(652): CodeIgniter\Database\BaseConnection->simpleQuery('SELECT `users`.`id` as `userid`, `username`, `email`, `name`
FROM `users`
JOIN `auth_groups_users` ON `auth_groups_users`.`user_id` = `users`.`id`
JOIN `auth_groups` ON `auth_groups`.`id` = `auth_groups_users`.`group_id`')
 4 SYSTEMPATH\Database\BaseBuilder.php(1649): CodeIgniter\Database\BaseConnection->query('SELECT `users`.`id` as `userid`, `username`, `email`, `name`
FROM `users`
JOIN `auth_groups_users` ON `auth_groups_users`.`user_id` = `users`.`id`
JOIN `auth_groups` ON `auth_groups`.`id` = `auth_groups_users`.`group_id`', [], false)
 5 APPPATH\Controllers\Admin.php(25): CodeIgniter\Database\BaseBuilder->get()
 6 SYSTEMPATH\CodeIgniter.php(933): App\Controllers\Admin->index()
 7 SYSTEMPATH\CodeIgniter.php(507): CodeIgniter\CodeIgniter->runController(Object(App\Controllers\Admin))
 8 SYSTEMPATH\CodeIgniter.php(354): CodeIgniter\CodeIgniter->handleRequest(null, Object(Config\Cache), false)
 9 SYSTEMPATH\Boot.php(334): CodeIgniter\CodeIgniter->run()
10 SYSTEMPATH\Boot.php(67): CodeIgniter\Boot::runCodeIgniter(Object(CodeIgniter\CodeIgniter))
11 FCPATH\index.php(56): CodeIgniter\Boot::bootWeb(Object(Config\Paths))
12 SYSTEMPATH\rewrite.php(44): require_once('C:\\xampp\\htdocs\\Jago_Nyurat\\public\\index.php')
DEBUG - 2025-01-27 20:31:50 --> Session: Class initialized using 'CodeIgniter\Session\Handlers\FileHandler' driver.
DEBUG - 2025-01-27 20:31:51 --> Session: Class initialized using 'CodeIgniter\Session\Handlers\FileHandler' driver.
ERROR - 2025-01-27 20:31:51 --> mysqli_sql_exception: Unknown column 'username' in 'field list' in C:\xampp\htdocs\Jago_Nyurat\vendor\codeigniter4\framework\system\Database\MySQLi\Connection.php:327
Stack trace:
#0 C:\xampp\htdocs\Jago_Nyurat\vendor\codeigniter4\framework\system\Database\MySQLi\Connection.php(327): mysqli->query('SELECT `users`....', 0)
#1 C:\xampp\htdocs\Jago_Nyurat\vendor\codeigniter4\framework\system\Database\BaseConnection.php(738): CodeIgniter\Database\MySQLi\Connection->execute('SELECT `users`....')
#2 C:\xampp\htdocs\Jago_Nyurat\vendor\codeigniter4\framework\system\Database\BaseConnection.php(652): CodeIgniter\Database\BaseConnection->simpleQuery('SELECT `users`....')
#3 C:\xampp\htdocs\Jago_Nyurat\vendor\codeigniter4\framework\system\Database\BaseBuilder.php(1649): CodeIgniter\Database\BaseConnection->query('SELECT `users`....', Array, false)
#4 C:\xampp\htdocs\Jago_Nyurat\app\Controllers\Admin.php(25): CodeIgniter\Database\BaseBuilder->get()
#5 C:\xampp\htdocs\Jago_Nyurat\vendor\codeigniter4\framework\system\CodeIgniter.php(933): App\Controllers\Admin->index()
#6 C:\xampp\htdocs\Jago_Nyurat\vendor\codeigniter4\framework\system\CodeIgniter.php(507): CodeIgniter\CodeIgniter->runController(Object(App\Controllers\Admin))
#7 C:\xampp\htdocs\Jago_Nyurat\vendor\codeigniter4\framework\system\CodeIgniter.php(354): CodeIgniter\CodeIgniter->handleRequest(NULL, Object(Config\Cache), false)
#8 C:\xampp\htdocs\Jago_Nyurat\vendor\codeigniter4\framework\system\Boot.php(334): CodeIgniter\CodeIgniter->run()
#9 C:\xampp\htdocs\Jago_Nyurat\vendor\codeigniter4\framework\system\Boot.php(67): CodeIgniter\Boot::runCodeIgniter(Object(CodeIgniter\CodeIgniter))
#10 C:\xampp\htdocs\Jago_Nyurat\public\index.php(56): CodeIgniter\Boot::bootWeb(Object(Config\Paths))
#11 C:\xampp\htdocs\Jago_Nyurat\vendor\codeigniter4\framework\system\rewrite.php(44): require_once('C:\\xampp\\htdocs...')
#12 {main}
CRITICAL - 2025-01-27 20:31:51 --> CodeIgniter\Database\Exceptions\DatabaseException: Unknown column 'username' in 'field list'
[Method: GET, Route: admin]
in SYSTEMPATH\Database\BaseConnection.php on line 692.
 1 SYSTEMPATH\Database\BaseBuilder.php(1649): CodeIgniter\Database\BaseConnection->query('SELECT `users`.`id` as `userid`, `username`, `email`, `name`
FROM `users`
JOIN `auth_groups_users` ON `auth_groups_users`.`user_id` = `users`.`id`
JOIN `auth_groups` ON `auth_groups`.`id` = `auth_groups_users`.`group_id`', [], false)
 2 APPPATH\Controllers\Admin.php(25): CodeIgniter\Database\BaseBuilder->get()
 3 SYSTEMPATH\CodeIgniter.php(933): App\Controllers\Admin->index()
 4 SYSTEMPATH\CodeIgniter.php(507): CodeIgniter\CodeIgniter->runController(Object(App\Controllers\Admin))
 5 SYSTEMPATH\CodeIgniter.php(354): CodeIgniter\CodeIgniter->handleRequest(null, Object(Config\Cache), false)
 6 SYSTEMPATH\Boot.php(334): CodeIgniter\CodeIgniter->run()
 7 SYSTEMPATH\Boot.php(67): CodeIgniter\Boot::runCodeIgniter(Object(CodeIgniter\CodeIgniter))
 8 FCPATH\index.php(56): CodeIgniter\Boot::bootWeb(Object(Config\Paths))
 9 SYSTEMPATH\rewrite.php(44): require_once('C:\\xampp\\htdocs\\Jago_Nyurat\\public\\index.php')
CRITICAL - 2025-01-27 20:31:51 --> [Caused by] CodeIgniter\Database\Exceptions\DatabaseException: Unknown column 'username' in 'field list'
in SYSTEMPATH\Database\MySQLi\Connection.php on line 332.
 1 SYSTEMPATH\Database\BaseConnection.php(738): CodeIgniter\Database\MySQLi\Connection->execute('SELECT `users`.`id` as `userid`, `username`, `email`, `name`
FROM `users`
JOIN `auth_groups_users` ON `auth_groups_users`.`user_id` = `users`.`id`
JOIN `auth_groups` ON `auth_groups`.`id` = `auth_groups_users`.`group_id`')
 2 SYSTEMPATH\Database\BaseConnection.php(652): CodeIgniter\Database\BaseConnection->simpleQuery('SELECT `users`.`id` as `userid`, `username`, `email`, `name`
FROM `users`
JOIN `auth_groups_users` ON `auth_groups_users`.`user_id` = `users`.`id`
JOIN `auth_groups` ON `auth_groups`.`id` = `auth_groups_users`.`group_id`')
 3 SYSTEMPATH\Database\BaseBuilder.php(1649): CodeIgniter\Database\BaseConnection->query('SELECT `users`.`id` as `userid`, `username`, `email`, `name`
FROM `users`
JOIN `auth_groups_users` ON `auth_groups_users`.`user_id` = `users`.`id`
JOIN `auth_groups` ON `auth_groups`.`id` = `auth_groups_users`.`group_id`', [], false)
 4 APPPATH\Controllers\Admin.php(25): CodeIgniter\Database\BaseBuilder->get()
 5 SYSTEMPATH\CodeIgniter.php(933): App\Controllers\Admin->index()
 6 SYSTEMPATH\CodeIgniter.php(507): CodeIgniter\CodeIgniter->runController(Object(App\Controllers\Admin))
 7 SYSTEMPATH\CodeIgniter.php(354): CodeIgniter\CodeIgniter->handleRequest(null, Object(Config\Cache), false)
 8 SYSTEMPATH\Boot.php(334): CodeIgniter\CodeIgniter->run()
 9 SYSTEMPATH\Boot.php(67): CodeIgniter\Boot::runCodeIgniter(Object(CodeIgniter\CodeIgniter))
10 FCPATH\index.php(56): CodeIgniter\Boot::bootWeb(Object(Config\Paths))
11 SYSTEMPATH\rewrite.php(44): require_once('C:\\xampp\\htdocs\\Jago_Nyurat\\public\\index.php')
CRITICAL - 2025-01-27 20:31:51 --> [Caused by] mysqli_sql_exception: Unknown column 'username' in 'field list'
in SYSTEMPATH\Database\MySQLi\Connection.php on line 327.
 1 SYSTEMPATH\Database\MySQLi\Connection.php(327): mysqli->query('SELECT `users`.`id` as `userid`, `username`, `email`, `name`
FROM `users`
JOIN `auth_groups_users` ON `auth_groups_users`.`user_id` = `users`.`id`
JOIN `auth_groups` ON `auth_groups`.`id` = `auth_groups_users`.`group_id`', 0)
 2 SYSTEMPATH\Database\BaseConnection.php(738): CodeIgniter\Database\MySQLi\Connection->execute('SELECT `users`.`id` as `userid`, `username`, `email`, `name`
FROM `users`
JOIN `auth_groups_users` ON `auth_groups_users`.`user_id` = `users`.`id`
JOIN `auth_groups` ON `auth_groups`.`id` = `auth_groups_users`.`group_id`')
 3 SYSTEMPATH\Database\BaseConnection.php(652): CodeIgniter\Database\BaseConnection->simpleQuery('SELECT `users`.`id` as `userid`, `username`, `email`, `name`
FROM `users`
JOIN `auth_groups_users` ON `auth_groups_users`.`user_id` = `users`.`id`
JOIN `auth_groups` ON `auth_groups`.`id` = `auth_groups_users`.`group_id`')
 4 SYSTEMPATH\Database\BaseBuilder.php(1649): CodeIgniter\Database\BaseConnection->query('SELECT `users`.`id` as `userid`, `username`, `email`, `name`
FROM `users`
JOIN `auth_groups_users` ON `auth_groups_users`.`user_id` = `users`.`id`
JOIN `auth_groups` ON `auth_groups`.`id` = `auth_groups_users`.`group_id`', [], false)
 5 APPPATH\Controllers\Admin.php(25): CodeIgniter\Database\BaseBuilder->get()
 6 SYSTEMPATH\CodeIgniter.php(933): App\Controllers\Admin->index()
 7 SYSTEMPATH\CodeIgniter.php(507): CodeIgniter\CodeIgniter->runController(Object(App\Controllers\Admin))
 8 SYSTEMPATH\CodeIgniter.php(354): CodeIgniter\CodeIgniter->handleRequest(null, Object(Config\Cache), false)
 9 SYSTEMPATH\Boot.php(334): CodeIgniter\CodeIgniter->run()
10 SYSTEMPATH\Boot.php(67): CodeIgniter\Boot::runCodeIgniter(Object(CodeIgniter\CodeIgniter))
11 FCPATH\index.php(56): CodeIgniter\Boot::bootWeb(Object(Config\Paths))
12 SYSTEMPATH\rewrite.php(44): require_once('C:\\xampp\\htdocs\\Jago_Nyurat\\public\\index.php')
DEBUG - 2025-01-27 20:32:07 --> Session: Class initialized using 'CodeIgniter\Session\Handlers\FileHandler' driver.
ERROR - 2025-01-27 20:32:07 --> mysqli_sql_exception: Unknown column 'username' in 'field list' in C:\xampp\htdocs\Jago_Nyurat\vendor\codeigniter4\framework\system\Database\MySQLi\Connection.php:327
Stack trace:
#0 C:\xampp\htdocs\Jago_Nyurat\vendor\codeigniter4\framework\system\Database\MySQLi\Connection.php(327): mysqli->query('SELECT `users`....', 0)
#1 C:\xampp\htdocs\Jago_Nyurat\vendor\codeigniter4\framework\system\Database\BaseConnection.php(738): CodeIgniter\Database\MySQLi\Connection->execute('SELECT `users`....')
#2 C:\xampp\htdocs\Jago_Nyurat\vendor\codeigniter4\framework\system\Database\BaseConnection.php(652): CodeIgniter\Database\BaseConnection->simpleQuery('SELECT `users`....')
#3 C:\xampp\htdocs\Jago_Nyurat\vendor\codeigniter4\framework\system\Database\BaseBuilder.php(1649): CodeIgniter\Database\BaseConnection->query('SELECT `users`....', Array, false)
#4 C:\xampp\htdocs\Jago_Nyurat\app\Controllers\Admin.php(25): CodeIgniter\Database\BaseBuilder->get()
#5 C:\xampp\htdocs\Jago_Nyurat\vendor\codeigniter4\framework\system\CodeIgniter.php(933): App\Controllers\Admin->index()
#6 C:\xampp\htdocs\Jago_Nyurat\vendor\codeigniter4\framework\system\CodeIgniter.php(507): CodeIgniter\CodeIgniter->runController(Object(App\Controllers\Admin))
#7 C:\xampp\htdocs\Jago_Nyurat\vendor\codeigniter4\framework\system\CodeIgniter.php(354): CodeIgniter\CodeIgniter->handleRequest(NULL, Object(Config\Cache), false)
#8 C:\xampp\htdocs\Jago_Nyurat\vendor\codeigniter4\framework\system\Boot.php(334): CodeIgniter\CodeIgniter->run()
#9 C:\xampp\htdocs\Jago_Nyurat\vendor\codeigniter4\framework\system\Boot.php(67): CodeIgniter\Boot::runCodeIgniter(Object(CodeIgniter\CodeIgniter))
#10 C:\xampp\htdocs\Jago_Nyurat\public\index.php(56): CodeIgniter\Boot::bootWeb(Object(Config\Paths))
#11 C:\xampp\htdocs\Jago_Nyurat\vendor\codeigniter4\framework\system\rewrite.php(44): require_once('C:\\xampp\\htdocs...')
#12 {main}
CRITICAL - 2025-01-27 20:32:07 --> CodeIgniter\Database\Exceptions\DatabaseException: Unknown column 'username' in 'field list'
[Method: GET, Route: admin]
in SYSTEMPATH\Database\BaseConnection.php on line 692.
 1 SYSTEMPATH\Database\BaseBuilder.php(1649): CodeIgniter\Database\BaseConnection->query('SELECT `users`.`id` as `userid`, `username`, `email`, `name`
FROM `users`
JOIN `auth_groups_users` ON `auth_groups_users`.`user_id` = `users`.`id`
JOIN `auth_groups` ON `auth_groups`.`id` = `auth_groups_users`.`group_id`', [], false)
 2 APPPATH\Controllers\Admin.php(25): CodeIgniter\Database\BaseBuilder->get()
 3 SYSTEMPATH\CodeIgniter.php(933): App\Controllers\Admin->index()
 4 SYSTEMPATH\CodeIgniter.php(507): CodeIgniter\CodeIgniter->runController(Object(App\Controllers\Admin))
 5 SYSTEMPATH\CodeIgniter.php(354): CodeIgniter\CodeIgniter->handleRequest(null, Object(Config\Cache), false)
 6 SYSTEMPATH\Boot.php(334): CodeIgniter\CodeIgniter->run()
 7 SYSTEMPATH\Boot.php(67): CodeIgniter\Boot::runCodeIgniter(Object(CodeIgniter\CodeIgniter))
 8 FCPATH\index.php(56): CodeIgniter\Boot::bootWeb(Object(Config\Paths))
 9 SYSTEMPATH\rewrite.php(44): require_once('C:\\xampp\\htdocs\\Jago_Nyurat\\public\\index.php')
CRITICAL - 2025-01-27 20:32:07 --> [Caused by] CodeIgniter\Database\Exceptions\DatabaseException: Unknown column 'username' in 'field list'
in SYSTEMPATH\Database\MySQLi\Connection.php on line 332.
 1 SYSTEMPATH\Database\BaseConnection.php(738): CodeIgniter\Database\MySQLi\Connection->execute('SELECT `users`.`id` as `userid`, `username`, `email`, `name`
FROM `users`
JOIN `auth_groups_users` ON `auth_groups_users`.`user_id` = `users`.`id`
JOIN `auth_groups` ON `auth_groups`.`id` = `auth_groups_users`.`group_id`')
 2 SYSTEMPATH\Database\BaseConnection.php(652): CodeIgniter\Database\BaseConnection->simpleQuery('SELECT `users`.`id` as `userid`, `username`, `email`, `name`
FROM `users`
JOIN `auth_groups_users` ON `auth_groups_users`.`user_id` = `users`.`id`
JOIN `auth_groups` ON `auth_groups`.`id` = `auth_groups_users`.`group_id`')
 3 SYSTEMPATH\Database\BaseBuilder.php(1649): CodeIgniter\Database\BaseConnection->query('SELECT `users`.`id` as `userid`, `username`, `email`, `name`
FROM `users`
JOIN `auth_groups_users` ON `auth_groups_users`.`user_id` = `users`.`id`
JOIN `auth_groups` ON `auth_groups`.`id` = `auth_groups_users`.`group_id`', [], false)
 4 APPPATH\Controllers\Admin.php(25): CodeIgniter\Database\BaseBuilder->get()
 5 SYSTEMPATH\CodeIgniter.php(933): App\Controllers\Admin->index()
 6 SYSTEMPATH\CodeIgniter.php(507): CodeIgniter\CodeIgniter->runController(Object(App\Controllers\Admin))
 7 SYSTEMPATH\CodeIgniter.php(354): CodeIgniter\CodeIgniter->handleRequest(null, Object(Config\Cache), false)
 8 SYSTEMPATH\Boot.php(334): CodeIgniter\CodeIgniter->run()
 9 SYSTEMPATH\Boot.php(67): CodeIgniter\Boot::runCodeIgniter(Object(CodeIgniter\CodeIgniter))
10 FCPATH\index.php(56): CodeIgniter\Boot::bootWeb(Object(Config\Paths))
11 SYSTEMPATH\rewrite.php(44): require_once('C:\\xampp\\htdocs\\Jago_Nyurat\\public\\index.php')
CRITICAL - 2025-01-27 20:32:07 --> [Caused by] mysqli_sql_exception: Unknown column 'username' in 'field list'
in SYSTEMPATH\Database\MySQLi\Connection.php on line 327.
 1 SYSTEMPATH\Database\MySQLi\Connection.php(327): mysqli->query('SELECT `users`.`id` as `userid`, `username`, `email`, `name`
FROM `users`
JOIN `auth_groups_users` ON `auth_groups_users`.`user_id` = `users`.`id`
JOIN `auth_groups` ON `auth_groups`.`id` = `auth_groups_users`.`group_id`', 0)
 2 SYSTEMPATH\Database\BaseConnection.php(738): CodeIgniter\Database\MySQLi\Connection->execute('SELECT `users`.`id` as `userid`, `username`, `email`, `name`
FROM `users`
JOIN `auth_groups_users` ON `auth_groups_users`.`user_id` = `users`.`id`
JOIN `auth_groups` ON `auth_groups`.`id` = `auth_groups_users`.`group_id`')
 3 SYSTEMPATH\Database\BaseConnection.php(652): CodeIgniter\Database\BaseConnection->simpleQuery('SELECT `users`.`id` as `userid`, `username`, `email`, `name`
FROM `users`
JOIN `auth_groups_users` ON `auth_groups_users`.`user_id` = `users`.`id`
JOIN `auth_groups` ON `auth_groups`.`id` = `auth_groups_users`.`group_id`')
 4 SYSTEMPATH\Database\BaseBuilder.php(1649): CodeIgniter\Database\BaseConnection->query('SELECT `users`.`id` as `userid`, `username`, `email`, `name`
FROM `users`
JOIN `auth_groups_users` ON `auth_groups_users`.`user_id` = `users`.`id`
JOIN `auth_groups` ON `auth_groups`.`id` = `auth_groups_users`.`group_id`', [], false)
 5 APPPATH\Controllers\Admin.php(25): CodeIgniter\Database\BaseBuilder->get()
 6 SYSTEMPATH\CodeIgniter.php(933): App\Controllers\Admin->index()
 7 SYSTEMPATH\CodeIgniter.php(507): CodeIgniter\CodeIgniter->runController(Object(App\Controllers\Admin))
 8 SYSTEMPATH\CodeIgniter.php(354): CodeIgniter\CodeIgniter->handleRequest(null, Object(Config\Cache), false)
 9 SYSTEMPATH\Boot.php(334): CodeIgniter\CodeIgniter->run()
10 SYSTEMPATH\Boot.php(67): CodeIgniter\Boot::runCodeIgniter(Object(CodeIgniter\CodeIgniter))
11 FCPATH\index.php(56): CodeIgniter\Boot::bootWeb(Object(Config\Paths))
12 SYSTEMPATH\rewrite.php(44): require_once('C:\\xampp\\htdocs\\Jago_Nyurat\\public\\index.php')
DEBUG - 2025-01-27 20:32:08 --> Session: Class initialized using 'CodeIgniter\Session\Handlers\FileHandler' driver.
ERROR - 2025-01-27 20:32:08 --> mysqli_sql_exception: Unknown column 'username' in 'field list' in C:\xampp\htdocs\Jago_Nyurat\vendor\codeigniter4\framework\system\Database\MySQLi\Connection.php:327
Stack trace:
#0 C:\xampp\htdocs\Jago_Nyurat\vendor\codeigniter4\framework\system\Database\MySQLi\Connection.php(327): mysqli->query('SELECT `users`....', 0)
#1 C:\xampp\htdocs\Jago_Nyurat\vendor\codeigniter4\framework\system\Database\BaseConnection.php(738): CodeIgniter\Database\MySQLi\Connection->execute('SELECT `users`....')
#2 C:\xampp\htdocs\Jago_Nyurat\vendor\codeigniter4\framework\system\Database\BaseConnection.php(652): CodeIgniter\Database\BaseConnection->simpleQuery('SELECT `users`....')
#3 C:\xampp\htdocs\Jago_Nyurat\vendor\codeigniter4\framework\system\Database\BaseBuilder.php(1649): CodeIgniter\Database\BaseConnection->query('SELECT `users`....', Array, false)
#4 C:\xampp\htdocs\Jago_Nyurat\app\Controllers\Admin.php(25): CodeIgniter\Database\BaseBuilder->get()
#5 C:\xampp\htdocs\Jago_Nyurat\vendor\codeigniter4\framework\system\CodeIgniter.php(933): App\Controllers\Admin->index()
#6 C:\xampp\htdocs\Jago_Nyurat\vendor\codeigniter4\framework\system\CodeIgniter.php(507): CodeIgniter\CodeIgniter->runController(Object(App\Controllers\Admin))
#7 C:\xampp\htdocs\Jago_Nyurat\vendor\codeigniter4\framework\system\CodeIgniter.php(354): CodeIgniter\CodeIgniter->handleRequest(NULL, Object(Config\Cache), false)
#8 C:\xampp\htdocs\Jago_Nyurat\vendor\codeigniter4\framework\system\Boot.php(334): CodeIgniter\CodeIgniter->run()
#9 C:\xampp\htdocs\Jago_Nyurat\vendor\codeigniter4\framework\system\Boot.php(67): CodeIgniter\Boot::runCodeIgniter(Object(CodeIgniter\CodeIgniter))
#10 C:\xampp\htdocs\Jago_Nyurat\public\index.php(56): CodeIgniter\Boot::bootWeb(Object(Config\Paths))
#11 C:\xampp\htdocs\Jago_Nyurat\vendor\codeigniter4\framework\system\rewrite.php(44): require_once('C:\\xampp\\htdocs...')
#12 {main}
CRITICAL - 2025-01-27 20:32:08 --> CodeIgniter\Database\Exceptions\DatabaseException: Unknown column 'username' in 'field list'
[Method: GET, Route: admin]
in SYSTEMPATH\Database\BaseConnection.php on line 692.
 1 SYSTEMPATH\Database\BaseBuilder.php(1649): CodeIgniter\Database\BaseConnection->query('SELECT `users`.`id` as `userid`, `username`, `email`, `name`
FROM `users`
JOIN `auth_groups_users` ON `auth_groups_users`.`user_id` = `users`.`id`
JOIN `auth_groups` ON `auth_groups`.`id` = `auth_groups_users`.`group_id`', [], false)
 2 APPPATH\Controllers\Admin.php(25): CodeIgniter\Database\BaseBuilder->get()
 3 SYSTEMPATH\CodeIgniter.php(933): App\Controllers\Admin->index()
 4 SYSTEMPATH\CodeIgniter.php(507): CodeIgniter\CodeIgniter->runController(Object(App\Controllers\Admin))
 5 SYSTEMPATH\CodeIgniter.php(354): CodeIgniter\CodeIgniter->handleRequest(null, Object(Config\Cache), false)
 6 SYSTEMPATH\Boot.php(334): CodeIgniter\CodeIgniter->run()
 7 SYSTEMPATH\Boot.php(67): CodeIgniter\Boot::runCodeIgniter(Object(CodeIgniter\CodeIgniter))
 8 FCPATH\index.php(56): CodeIgniter\Boot::bootWeb(Object(Config\Paths))
 9 SYSTEMPATH\rewrite.php(44): require_once('C:\\xampp\\htdocs\\Jago_Nyurat\\public\\index.php')
CRITICAL - 2025-01-27 20:32:08 --> [Caused by] CodeIgniter\Database\Exceptions\DatabaseException: Unknown column 'username' in 'field list'
in SYSTEMPATH\Database\MySQLi\Connection.php on line 332.
 1 SYSTEMPATH\Database\BaseConnection.php(738): CodeIgniter\Database\MySQLi\Connection->execute('SELECT `users`.`id` as `userid`, `username`, `email`, `name`
FROM `users`
JOIN `auth_groups_users` ON `auth_groups_users`.`user_id` = `users`.`id`
JOIN `auth_groups` ON `auth_groups`.`id` = `auth_groups_users`.`group_id`')
 2 SYSTEMPATH\Database\BaseConnection.php(652): CodeIgniter\Database\BaseConnection->simpleQuery('SELECT `users`.`id` as `userid`, `username`, `email`, `name`
FROM `users`
JOIN `auth_groups_users` ON `auth_groups_users`.`user_id` = `users`.`id`
JOIN `auth_groups` ON `auth_groups`.`id` = `auth_groups_users`.`group_id`')
 3 SYSTEMPATH\Database\BaseBuilder.php(1649): CodeIgniter\Database\BaseConnection->query('SELECT `users`.`id` as `userid`, `username`, `email`, `name`
FROM `users`
JOIN `auth_groups_users` ON `auth_groups_users`.`user_id` = `users`.`id`
JOIN `auth_groups` ON `auth_groups`.`id` = `auth_groups_users`.`group_id`', [], false)
 4 APPPATH\Controllers\Admin.php(25): CodeIgniter\Database\BaseBuilder->get()
 5 SYSTEMPATH\CodeIgniter.php(933): App\Controllers\Admin->index()
 6 SYSTEMPATH\CodeIgniter.php(507): CodeIgniter\CodeIgniter->runController(Object(App\Controllers\Admin))
 7 SYSTEMPATH\CodeIgniter.php(354): CodeIgniter\CodeIgniter->handleRequest(null, Object(Config\Cache), false)
 8 SYSTEMPATH\Boot.php(334): CodeIgniter\CodeIgniter->run()
 9 SYSTEMPATH\Boot.php(67): CodeIgniter\Boot::runCodeIgniter(Object(CodeIgniter\CodeIgniter))
10 FCPATH\index.php(56): CodeIgniter\Boot::bootWeb(Object(Config\Paths))
11 SYSTEMPATH\rewrite.php(44): require_once('C:\\xampp\\htdocs\\Jago_Nyurat\\public\\index.php')
CRITICAL - 2025-01-27 20:32:08 --> [Caused by] mysqli_sql_exception: Unknown column 'username' in 'field list'
in SYSTEMPATH\Database\MySQLi\Connection.php on line 327.
 1 SYSTEMPATH\Database\MySQLi\Connection.php(327): mysqli->query('SELECT `users`.`id` as `userid`, `username`, `email`, `name`
FROM `users`
JOIN `auth_groups_users` ON `auth_groups_users`.`user_id` = `users`.`id`
JOIN `auth_groups` ON `auth_groups`.`id` = `auth_groups_users`.`group_id`', 0)
 2 SYSTEMPATH\Database\BaseConnection.php(738): CodeIgniter\Database\MySQLi\Connection->execute('SELECT `users`.`id` as `userid`, `username`, `email`, `name`
FROM `users`
JOIN `auth_groups_users` ON `auth_groups_users`.`user_id` = `users`.`id`
JOIN `auth_groups` ON `auth_groups`.`id` = `auth_groups_users`.`group_id`')
 3 SYSTEMPATH\Database\BaseConnection.php(652): CodeIgniter\Database\BaseConnection->simpleQuery('SELECT `users`.`id` as `userid`, `username`, `email`, `name`
FROM `users`
JOIN `auth_groups_users` ON `auth_groups_users`.`user_id` = `users`.`id`
JOIN `auth_groups` ON `auth_groups`.`id` = `auth_groups_users`.`group_id`')
 4 SYSTEMPATH\Database\BaseBuilder.php(1649): CodeIgniter\Database\BaseConnection->query('SELECT `users`.`id` as `userid`, `username`, `email`, `name`
FROM `users`
JOIN `auth_groups_users` ON `auth_groups_users`.`user_id` = `users`.`id`
JOIN `auth_groups` ON `auth_groups`.`id` = `auth_groups_users`.`group_id`', [], false)
 5 APPPATH\Controllers\Admin.php(25): CodeIgniter\Database\BaseBuilder->get()
 6 SYSTEMPATH\CodeIgniter.php(933): App\Controllers\Admin->index()
 7 SYSTEMPATH\CodeIgniter.php(507): CodeIgniter\CodeIgniter->runController(Object(App\Controllers\Admin))
 8 SYSTEMPATH\CodeIgniter.php(354): CodeIgniter\CodeIgniter->handleRequest(null, Object(Config\Cache), false)
 9 SYSTEMPATH\Boot.php(334): CodeIgniter\CodeIgniter->run()
10 SYSTEMPATH\Boot.php(67): CodeIgniter\Boot::runCodeIgniter(Object(CodeIgniter\CodeIgniter))
11 FCPATH\index.php(56): CodeIgniter\Boot::bootWeb(Object(Config\Paths))
12 SYSTEMPATH\rewrite.php(44): require_once('C:\\xampp\\htdocs\\Jago_Nyurat\\public\\index.php')
DEBUG - 2025-01-27 20:32:09 --> Session: Class initialized using 'CodeIgniter\Session\Handlers\FileHandler' driver.
ERROR - 2025-01-27 20:32:09 --> mysqli_sql_exception: Unknown column 'username' in 'field list' in C:\xampp\htdocs\Jago_Nyurat\vendor\codeigniter4\framework\system\Database\MySQLi\Connection.php:327
Stack trace:
#0 C:\xampp\htdocs\Jago_Nyurat\vendor\codeigniter4\framework\system\Database\MySQLi\Connection.php(327): mysqli->query('SELECT `users`....', 0)
#1 C:\xampp\htdocs\Jago_Nyurat\vendor\codeigniter4\framework\system\Database\BaseConnection.php(738): CodeIgniter\Database\MySQLi\Connection->execute('SELECT `users`....')
#2 C:\xampp\htdocs\Jago_Nyurat\vendor\codeigniter4\framework\system\Database\BaseConnection.php(652): CodeIgniter\Database\BaseConnection->simpleQuery('SELECT `users`....')
#3 C:\xampp\htdocs\Jago_Nyurat\vendor\codeigniter4\framework\system\Database\BaseBuilder.php(1649): CodeIgniter\Database\BaseConnection->query('SELECT `users`....', Array, false)
#4 C:\xampp\htdocs\Jago_Nyurat\app\Controllers\Admin.php(25): CodeIgniter\Database\BaseBuilder->get()
#5 C:\xampp\htdocs\Jago_Nyurat\vendor\codeigniter4\framework\system\CodeIgniter.php(933): App\Controllers\Admin->index()
#6 C:\xampp\htdocs\Jago_Nyurat\vendor\codeigniter4\framework\system\CodeIgniter.php(507): CodeIgniter\CodeIgniter->runController(Object(App\Controllers\Admin))
#7 C:\xampp\htdocs\Jago_Nyurat\vendor\codeigniter4\framework\system\CodeIgniter.php(354): CodeIgniter\CodeIgniter->handleRequest(NULL, Object(Config\Cache), false)
#8 C:\xampp\htdocs\Jago_Nyurat\vendor\codeigniter4\framework\system\Boot.php(334): CodeIgniter\CodeIgniter->run()
#9 C:\xampp\htdocs\Jago_Nyurat\vendor\codeigniter4\framework\system\Boot.php(67): CodeIgniter\Boot::runCodeIgniter(Object(CodeIgniter\CodeIgniter))
#10 C:\xampp\htdocs\Jago_Nyurat\public\index.php(56): CodeIgniter\Boot::bootWeb(Object(Config\Paths))
#11 C:\xampp\htdocs\Jago_Nyurat\vendor\codeigniter4\framework\system\rewrite.php(44): require_once('C:\\xampp\\htdocs...')
#12 {main}
CRITICAL - 2025-01-27 20:32:09 --> CodeIgniter\Database\Exceptions\DatabaseException: Unknown column 'username' in 'field list'
[Method: GET, Route: admin]
in SYSTEMPATH\Database\BaseConnection.php on line 692.
 1 SYSTEMPATH\Database\BaseBuilder.php(1649): CodeIgniter\Database\BaseConnection->query('SELECT `users`.`id` as `userid`, `username`, `email`, `name`
FROM `users`
JOIN `auth_groups_users` ON `auth_groups_users`.`user_id` = `users`.`id`
JOIN `auth_groups` ON `auth_groups`.`id` = `auth_groups_users`.`group_id`', [], false)
 2 APPPATH\Controllers\Admin.php(25): CodeIgniter\Database\BaseBuilder->get()
 3 SYSTEMPATH\CodeIgniter.php(933): App\Controllers\Admin->index()
 4 SYSTEMPATH\CodeIgniter.php(507): CodeIgniter\CodeIgniter->runController(Object(App\Controllers\Admin))
 5 SYSTEMPATH\CodeIgniter.php(354): CodeIgniter\CodeIgniter->handleRequest(null, Object(Config\Cache), false)
 6 SYSTEMPATH\Boot.php(334): CodeIgniter\CodeIgniter->run()
 7 SYSTEMPATH\Boot.php(67): CodeIgniter\Boot::runCodeIgniter(Object(CodeIgniter\CodeIgniter))
 8 FCPATH\index.php(56): CodeIgniter\Boot::bootWeb(Object(Config\Paths))
 9 SYSTEMPATH\rewrite.php(44): require_once('C:\\xampp\\htdocs\\Jago_Nyurat\\public\\index.php')
CRITICAL - 2025-01-27 20:32:09 --> [Caused by] CodeIgniter\Database\Exceptions\DatabaseException: Unknown column 'username' in 'field list'
in SYSTEMPATH\Database\MySQLi\Connection.php on line 332.
 1 SYSTEMPATH\Database\BaseConnection.php(738): CodeIgniter\Database\MySQLi\Connection->execute('SELECT `users`.`id` as `userid`, `username`, `email`, `name`
FROM `users`
JOIN `auth_groups_users` ON `auth_groups_users`.`user_id` = `users`.`id`
JOIN `auth_groups` ON `auth_groups`.`id` = `auth_groups_users`.`group_id`')
 2 SYSTEMPATH\Database\BaseConnection.php(652): CodeIgniter\Database\BaseConnection->simpleQuery('SELECT `users`.`id` as `userid`, `username`, `email`, `name`
FROM `users`
JOIN `auth_groups_users` ON `auth_groups_users`.`user_id` = `users`.`id`
JOIN `auth_groups` ON `auth_groups`.`id` = `auth_groups_users`.`group_id`')
 3 SYSTEMPATH\Database\BaseBuilder.php(1649): CodeIgniter\Database\BaseConnection->query('SELECT `users`.`id` as `userid`, `username`, `email`, `name`
FROM `users`
JOIN `auth_groups_users` ON `auth_groups_users`.`user_id` = `users`.`id`
JOIN `auth_groups` ON `auth_groups`.`id` = `auth_groups_users`.`group_id`', [], false)
 4 APPPATH\Controllers\Admin.php(25): CodeIgniter\Database\BaseBuilder->get()
 5 SYSTEMPATH\CodeIgniter.php(933): App\Controllers\Admin->index()
 6 SYSTEMPATH\CodeIgniter.php(507): CodeIgniter\CodeIgniter->runController(Object(App\Controllers\Admin))
 7 SYSTEMPATH\CodeIgniter.php(354): CodeIgniter\CodeIgniter->handleRequest(null, Object(Config\Cache), false)
 8 SYSTEMPATH\Boot.php(334): CodeIgniter\CodeIgniter->run()
 9 SYSTEMPATH\Boot.php(67): CodeIgniter\Boot::runCodeIgniter(Object(CodeIgniter\CodeIgniter))
10 FCPATH\index.php(56): CodeIgniter\Boot::bootWeb(Object(Config\Paths))
11 SYSTEMPATH\rewrite.php(44): require_once('C:\\xampp\\htdocs\\Jago_Nyurat\\public\\index.php')
CRITICAL - 2025-01-27 20:32:09 --> [Caused by] mysqli_sql_exception: Unknown column 'username' in 'field list'
in SYSTEMPATH\Database\MySQLi\Connection.php on line 327.
 1 SYSTEMPATH\Database\MySQLi\Connection.php(327): mysqli->query('SELECT `users`.`id` as `userid`, `username`, `email`, `name`
FROM `users`
JOIN `auth_groups_users` ON `auth_groups_users`.`user_id` = `users`.`id`
JOIN `auth_groups` ON `auth_groups`.`id` = `auth_groups_users`.`group_id`', 0)
 2 SYSTEMPATH\Database\BaseConnection.php(738): CodeIgniter\Database\MySQLi\Connection->execute('SELECT `users`.`id` as `userid`, `username`, `email`, `name`
FROM `users`
JOIN `auth_groups_users` ON `auth_groups_users`.`user_id` = `users`.`id`
JOIN `auth_groups` ON `auth_groups`.`id` = `auth_groups_users`.`group_id`')
 3 SYSTEMPATH\Database\BaseConnection.php(652): CodeIgniter\Database\BaseConnection->simpleQuery('SELECT `users`.`id` as `userid`, `username`, `email`, `name`
FROM `users`
JOIN `auth_groups_users` ON `auth_groups_users`.`user_id` = `users`.`id`
JOIN `auth_groups` ON `auth_groups`.`id` = `auth_groups_users`.`group_id`')
 4 SYSTEMPATH\Database\BaseBuilder.php(1649): CodeIgniter\Database\BaseConnection->query('SELECT `users`.`id` as `userid`, `username`, `email`, `name`
FROM `users`
JOIN `auth_groups_users` ON `auth_groups_users`.`user_id` = `users`.`id`
JOIN `auth_groups` ON `auth_groups`.`id` = `auth_groups_users`.`group_id`', [], false)
 5 APPPATH\Controllers\Admin.php(25): CodeIgniter\Database\BaseBuilder->get()
 6 SYSTEMPATH\CodeIgniter.php(933): App\Controllers\Admin->index()
 7 SYSTEMPATH\CodeIgniter.php(507): CodeIgniter\CodeIgniter->runController(Object(App\Controllers\Admin))
 8 SYSTEMPATH\CodeIgniter.php(354): CodeIgniter\CodeIgniter->handleRequest(null, Object(Config\Cache), false)
 9 SYSTEMPATH\Boot.php(334): CodeIgniter\CodeIgniter->run()
10 SYSTEMPATH\Boot.php(67): CodeIgniter\Boot::runCodeIgniter(Object(CodeIgniter\CodeIgniter))
11 FCPATH\index.php(56): CodeIgniter\Boot::bootWeb(Object(Config\Paths))
12 SYSTEMPATH\rewrite.php(44): require_once('C:\\xampp\\htdocs\\Jago_Nyurat\\public\\index.php')
DEBUG - 2025-01-27 20:35:23 --> Session: Class initialized using 'CodeIgniter\Session\Handlers\FileHandler' driver.
ERROR - 2025-01-27 20:35:23 --> mysqli_sql_exception: Unknown column 'username' in 'field list' in C:\xampp\htdocs\Jago_Nyurat\vendor\codeigniter4\framework\system\Database\MySQLi\Connection.php:327
Stack trace:
#0 C:\xampp\htdocs\Jago_Nyurat\vendor\codeigniter4\framework\system\Database\MySQLi\Connection.php(327): mysqli->query('SELECT `users`....', 0)
#1 C:\xampp\htdocs\Jago_Nyurat\vendor\codeigniter4\framework\system\Database\BaseConnection.php(738): CodeIgniter\Database\MySQLi\Connection->execute('SELECT `users`....')
#2 C:\xampp\htdocs\Jago_Nyurat\vendor\codeigniter4\framework\system\Database\BaseConnection.php(652): CodeIgniter\Database\BaseConnection->simpleQuery('SELECT `users`....')
#3 C:\xampp\htdocs\Jago_Nyurat\vendor\codeigniter4\framework\system\Database\BaseBuilder.php(1649): CodeIgniter\Database\BaseConnection->query('SELECT `users`....', Array, false)
#4 C:\xampp\htdocs\Jago_Nyurat\app\Controllers\Admin.php(25): CodeIgniter\Database\BaseBuilder->get()
#5 C:\xampp\htdocs\Jago_Nyurat\vendor\codeigniter4\framework\system\CodeIgniter.php(933): App\Controllers\Admin->index()
#6 C:\xampp\htdocs\Jago_Nyurat\vendor\codeigniter4\framework\system\CodeIgniter.php(507): CodeIgniter\CodeIgniter->runController(Object(App\Controllers\Admin))
#7 C:\xampp\htdocs\Jago_Nyurat\vendor\codeigniter4\framework\system\CodeIgniter.php(354): CodeIgniter\CodeIgniter->handleRequest(NULL, Object(Config\Cache), false)
#8 C:\xampp\htdocs\Jago_Nyurat\vendor\codeigniter4\framework\system\Boot.php(334): CodeIgniter\CodeIgniter->run()
#9 C:\xampp\htdocs\Jago_Nyurat\vendor\codeigniter4\framework\system\Boot.php(67): CodeIgniter\Boot::runCodeIgniter(Object(CodeIgniter\CodeIgniter))
#10 C:\xampp\htdocs\Jago_Nyurat\public\index.php(56): CodeIgniter\Boot::bootWeb(Object(Config\Paths))
#11 C:\xampp\htdocs\Jago_Nyurat\vendor\codeigniter4\framework\system\rewrite.php(44): require_once('C:\\xampp\\htdocs...')
#12 {main}
CRITICAL - 2025-01-27 20:35:23 --> CodeIgniter\Database\Exceptions\DatabaseException: Unknown column 'username' in 'field list'
[Method: GET, Route: admin]
in SYSTEMPATH\Database\BaseConnection.php on line 692.
 1 SYSTEMPATH\Database\BaseBuilder.php(1649): CodeIgniter\Database\BaseConnection->query('SELECT `users`.`id` as `userid`, `username`, `email`, `name`
FROM `users`
JOIN `auth_groups_users` ON `auth_groups_users`.`user_id` = `users`.`id`
JOIN `auth_groups` ON `auth_groups`.`id` = `auth_groups_users`.`group_id`', [], false)
 2 APPPATH\Controllers\Admin.php(25): CodeIgniter\Database\BaseBuilder->get()
 3 SYSTEMPATH\CodeIgniter.php(933): App\Controllers\Admin->index()
 4 SYSTEMPATH\CodeIgniter.php(507): CodeIgniter\CodeIgniter->runController(Object(App\Controllers\Admin))
 5 SYSTEMPATH\CodeIgniter.php(354): CodeIgniter\CodeIgniter->handleRequest(null, Object(Config\Cache), false)
 6 SYSTEMPATH\Boot.php(334): CodeIgniter\CodeIgniter->run()
 7 SYSTEMPATH\Boot.php(67): CodeIgniter\Boot::runCodeIgniter(Object(CodeIgniter\CodeIgniter))
 8 FCPATH\index.php(56): CodeIgniter\Boot::bootWeb(Object(Config\Paths))
 9 SYSTEMPATH\rewrite.php(44): require_once('C:\\xampp\\htdocs\\Jago_Nyurat\\public\\index.php')
CRITICAL - 2025-01-27 20:35:23 --> [Caused by] CodeIgniter\Database\Exceptions\DatabaseException: Unknown column 'username' in 'field list'
in SYSTEMPATH\Database\MySQLi\Connection.php on line 332.
 1 SYSTEMPATH\Database\BaseConnection.php(738): CodeIgniter\Database\MySQLi\Connection->execute('SELECT `users`.`id` as `userid`, `username`, `email`, `name`
FROM `users`
JOIN `auth_groups_users` ON `auth_groups_users`.`user_id` = `users`.`id`
JOIN `auth_groups` ON `auth_groups`.`id` = `auth_groups_users`.`group_id`')
 2 SYSTEMPATH\Database\BaseConnection.php(652): CodeIgniter\Database\BaseConnection->simpleQuery('SELECT `users`.`id` as `userid`, `username`, `email`, `name`
FROM `users`
JOIN `auth_groups_users` ON `auth_groups_users`.`user_id` = `users`.`id`
JOIN `auth_groups` ON `auth_groups`.`id` = `auth_groups_users`.`group_id`')
 3 SYSTEMPATH\Database\BaseBuilder.php(1649): CodeIgniter\Database\BaseConnection->query('SELECT `users`.`id` as `userid`, `username`, `email`, `name`
FROM `users`
JOIN `auth_groups_users` ON `auth_groups_users`.`user_id` = `users`.`id`
JOIN `auth_groups` ON `auth_groups`.`id` = `auth_groups_users`.`group_id`', [], false)
 4 APPPATH\Controllers\Admin.php(25): CodeIgniter\Database\BaseBuilder->get()
 5 SYSTEMPATH\CodeIgniter.php(933): App\Controllers\Admin->index()
 6 SYSTEMPATH\CodeIgniter.php(507): CodeIgniter\CodeIgniter->runController(Object(App\Controllers\Admin))
 7 SYSTEMPATH\CodeIgniter.php(354): CodeIgniter\CodeIgniter->handleRequest(null, Object(Config\Cache), false)
 8 SYSTEMPATH\Boot.php(334): CodeIgniter\CodeIgniter->run()
 9 SYSTEMPATH\Boot.php(67): CodeIgniter\Boot::runCodeIgniter(Object(CodeIgniter\CodeIgniter))
10 FCPATH\index.php(56): CodeIgniter\Boot::bootWeb(Object(Config\Paths))
11 SYSTEMPATH\rewrite.php(44): require_once('C:\\xampp\\htdocs\\Jago_Nyurat\\public\\index.php')
CRITICAL - 2025-01-27 20:35:23 --> [Caused by] mysqli_sql_exception: Unknown column 'username' in 'field list'
in SYSTEMPATH\Database\MySQLi\Connection.php on line 327.
 1 SYSTEMPATH\Database\MySQLi\Connection.php(327): mysqli->query('SELECT `users`.`id` as `userid`, `username`, `email`, `name`
FROM `users`
JOIN `auth_groups_users` ON `auth_groups_users`.`user_id` = `users`.`id`
JOIN `auth_groups` ON `auth_groups`.`id` = `auth_groups_users`.`group_id`', 0)
 2 SYSTEMPATH\Database\BaseConnection.php(738): CodeIgniter\Database\MySQLi\Connection->execute('SELECT `users`.`id` as `userid`, `username`, `email`, `name`
FROM `users`
JOIN `auth_groups_users` ON `auth_groups_users`.`user_id` = `users`.`id`
JOIN `auth_groups` ON `auth_groups`.`id` = `auth_groups_users`.`group_id`')
 3 SYSTEMPATH\Database\BaseConnection.php(652): CodeIgniter\Database\BaseConnection->simpleQuery('SELECT `users`.`id` as `userid`, `username`, `email`, `name`
FROM `users`
JOIN `auth_groups_users` ON `auth_groups_users`.`user_id` = `users`.`id`
JOIN `auth_groups` ON `auth_groups`.`id` = `auth_groups_users`.`group_id`')
 4 SYSTEMPATH\Database\BaseBuilder.php(1649): CodeIgniter\Database\BaseConnection->query('SELECT `users`.`id` as `userid`, `username`, `email`, `name`
FROM `users`
JOIN `auth_groups_users` ON `auth_groups_users`.`user_id` = `users`.`id`
JOIN `auth_groups` ON `auth_groups`.`id` = `auth_groups_users`.`group_id`', [], false)
 5 APPPATH\Controllers\Admin.php(25): CodeIgniter\Database\BaseBuilder->get()
 6 SYSTEMPATH\CodeIgniter.php(933): App\Controllers\Admin->index()
 7 SYSTEMPATH\CodeIgniter.php(507): CodeIgniter\CodeIgniter->runController(Object(App\Controllers\Admin))
 8 SYSTEMPATH\CodeIgniter.php(354): CodeIgniter\CodeIgniter->handleRequest(null, Object(Config\Cache), false)
 9 SYSTEMPATH\Boot.php(334): CodeIgniter\CodeIgniter->run()
10 SYSTEMPATH\Boot.php(67): CodeIgniter\Boot::runCodeIgniter(Object(CodeIgniter\CodeIgniter))
11 FCPATH\index.php(56): CodeIgniter\Boot::bootWeb(Object(Config\Paths))
12 SYSTEMPATH\rewrite.php(44): require_once('C:\\xampp\\htdocs\\Jago_Nyurat\\public\\index.php')
DEBUG - 2025-01-27 20:39:12 --> Session: Class initialized using 'CodeIgniter\Session\Handlers\FileHandler' driver.
DEBUG - 2025-01-27 20:39:13 --> Session: Class initialized using 'CodeIgniter\Session\Handlers\FileHandler' driver.
ERROR - 2025-01-27 20:39:13 --> mysqli_sql_exception: Unknown column 'username' in 'field list' in C:\xampp\htdocs\Jago_Nyurat\vendor\codeigniter4\framework\system\Database\MySQLi\Connection.php:327
Stack trace:
#0 C:\xampp\htdocs\Jago_Nyurat\vendor\codeigniter4\framework\system\Database\MySQLi\Connection.php(327): mysqli->query('SELECT `users`....', 0)
#1 C:\xampp\htdocs\Jago_Nyurat\vendor\codeigniter4\framework\system\Database\BaseConnection.php(738): CodeIgniter\Database\MySQLi\Connection->execute('SELECT `users`....')
#2 C:\xampp\htdocs\Jago_Nyurat\vendor\codeigniter4\framework\system\Database\BaseConnection.php(652): CodeIgniter\Database\BaseConnection->simpleQuery('SELECT `users`....')
#3 C:\xampp\htdocs\Jago_Nyurat\vendor\codeigniter4\framework\system\Database\BaseBuilder.php(1649): CodeIgniter\Database\BaseConnection->query('SELECT `users`....', Array, false)
#4 C:\xampp\htdocs\Jago_Nyurat\app\Controllers\Admin.php(25): CodeIgniter\Database\BaseBuilder->get()
#5 C:\xampp\htdocs\Jago_Nyurat\vendor\codeigniter4\framework\system\CodeIgniter.php(933): App\Controllers\Admin->index()
#6 C:\xampp\htdocs\Jago_Nyurat\vendor\codeigniter4\framework\system\CodeIgniter.php(507): CodeIgniter\CodeIgniter->runController(Object(App\Controllers\Admin))
#7 C:\xampp\htdocs\Jago_Nyurat\vendor\codeigniter4\framework\system\CodeIgniter.php(354): CodeIgniter\CodeIgniter->handleRequest(NULL, Object(Config\Cache), false)
#8 C:\xampp\htdocs\Jago_Nyurat\vendor\codeigniter4\framework\system\Boot.php(334): CodeIgniter\CodeIgniter->run()
#9 C:\xampp\htdocs\Jago_Nyurat\vendor\codeigniter4\framework\system\Boot.php(67): CodeIgniter\Boot::runCodeIgniter(Object(CodeIgniter\CodeIgniter))
#10 C:\xampp\htdocs\Jago_Nyurat\public\index.php(56): CodeIgniter\Boot::bootWeb(Object(Config\Paths))
#11 C:\xampp\htdocs\Jago_Nyurat\vendor\codeigniter4\framework\system\rewrite.php(44): require_once('C:\\xampp\\htdocs...')
#12 {main}
CRITICAL - 2025-01-27 20:39:13 --> CodeIgniter\Database\Exceptions\DatabaseException: Unknown column 'username' in 'field list'
[Method: GET, Route: admin]
in SYSTEMPATH\Database\BaseConnection.php on line 692.
 1 SYSTEMPATH\Database\BaseBuilder.php(1649): CodeIgniter\Database\BaseConnection->query('SELECT `users`.`id` as `userid`, `username`, `email`, `name`
FROM `users`
JOIN `auth_groups_users` ON `auth_groups_users`.`user_id` = `users`.`id`
JOIN `auth_groups` ON `auth_groups`.`id` = `auth_groups_users`.`group_id`', [], false)
 2 APPPATH\Controllers\Admin.php(25): CodeIgniter\Database\BaseBuilder->get()
 3 SYSTEMPATH\CodeIgniter.php(933): App\Controllers\Admin->index()
 4 SYSTEMPATH\CodeIgniter.php(507): CodeIgniter\CodeIgniter->runController(Object(App\Controllers\Admin))
 5 SYSTEMPATH\CodeIgniter.php(354): CodeIgniter\CodeIgniter->handleRequest(null, Object(Config\Cache), false)
 6 SYSTEMPATH\Boot.php(334): CodeIgniter\CodeIgniter->run()
 7 SYSTEMPATH\Boot.php(67): CodeIgniter\Boot::runCodeIgniter(Object(CodeIgniter\CodeIgniter))
 8 FCPATH\index.php(56): CodeIgniter\Boot::bootWeb(Object(Config\Paths))
 9 SYSTEMPATH\rewrite.php(44): require_once('C:\\xampp\\htdocs\\Jago_Nyurat\\public\\index.php')
CRITICAL - 2025-01-27 20:39:13 --> [Caused by] CodeIgniter\Database\Exceptions\DatabaseException: Unknown column 'username' in 'field list'
in SYSTEMPATH\Database\MySQLi\Connection.php on line 332.
 1 SYSTEMPATH\Database\BaseConnection.php(738): CodeIgniter\Database\MySQLi\Connection->execute('SELECT `users`.`id` as `userid`, `username`, `email`, `name`
FROM `users`
JOIN `auth_groups_users` ON `auth_groups_users`.`user_id` = `users`.`id`
JOIN `auth_groups` ON `auth_groups`.`id` = `auth_groups_users`.`group_id`')
 2 SYSTEMPATH\Database\BaseConnection.php(652): CodeIgniter\Database\BaseConnection->simpleQuery('SELECT `users`.`id` as `userid`, `username`, `email`, `name`
FROM `users`
JOIN `auth_groups_users` ON `auth_groups_users`.`user_id` = `users`.`id`
JOIN `auth_groups` ON `auth_groups`.`id` = `auth_groups_users`.`group_id`')
 3 SYSTEMPATH\Database\BaseBuilder.php(1649): CodeIgniter\Database\BaseConnection->query('SELECT `users`.`id` as `userid`, `username`, `email`, `name`
FROM `users`
JOIN `auth_groups_users` ON `auth_groups_users`.`user_id` = `users`.`id`
JOIN `auth_groups` ON `auth_groups`.`id` = `auth_groups_users`.`group_id`', [], false)
 4 APPPATH\Controllers\Admin.php(25): CodeIgniter\Database\BaseBuilder->get()
 5 SYSTEMPATH\CodeIgniter.php(933): App\Controllers\Admin->index()
 6 SYSTEMPATH\CodeIgniter.php(507): CodeIgniter\CodeIgniter->runController(Object(App\Controllers\Admin))
 7 SYSTEMPATH\CodeIgniter.php(354): CodeIgniter\CodeIgniter->handleRequest(null, Object(Config\Cache), false)
 8 SYSTEMPATH\Boot.php(334): CodeIgniter\CodeIgniter->run()
 9 SYSTEMPATH\Boot.php(67): CodeIgniter\Boot::runCodeIgniter(Object(CodeIgniter\CodeIgniter))
10 FCPATH\index.php(56): CodeIgniter\Boot::bootWeb(Object(Config\Paths))
11 SYSTEMPATH\rewrite.php(44): require_once('C:\\xampp\\htdocs\\Jago_Nyurat\\public\\index.php')
CRITICAL - 2025-01-27 20:39:13 --> [Caused by] mysqli_sql_exception: Unknown column 'username' in 'field list'
in SYSTEMPATH\Database\MySQLi\Connection.php on line 327.
 1 SYSTEMPATH\Database\MySQLi\Connection.php(327): mysqli->query('SELECT `users`.`id` as `userid`, `username`, `email`, `name`
FROM `users`
JOIN `auth_groups_users` ON `auth_groups_users`.`user_id` = `users`.`id`
JOIN `auth_groups` ON `auth_groups`.`id` = `auth_groups_users`.`group_id`', 0)
 2 SYSTEMPATH\Database\BaseConnection.php(738): CodeIgniter\Database\MySQLi\Connection->execute('SELECT `users`.`id` as `userid`, `username`, `email`, `name`
FROM `users`
JOIN `auth_groups_users` ON `auth_groups_users`.`user_id` = `users`.`id`
JOIN `auth_groups` ON `auth_groups`.`id` = `auth_groups_users`.`group_id`')
 3 SYSTEMPATH\Database\BaseConnection.php(652): CodeIgniter\Database\BaseConnection->simpleQuery('SELECT `users`.`id` as `userid`, `username`, `email`, `name`
FROM `users`
JOIN `auth_groups_users` ON `auth_groups_users`.`user_id` = `users`.`id`
JOIN `auth_groups` ON `auth_groups`.`id` = `auth_groups_users`.`group_id`')
 4 SYSTEMPATH\Database\BaseBuilder.php(1649): CodeIgniter\Database\BaseConnection->query('SELECT `users`.`id` as `userid`, `username`, `email`, `name`
FROM `users`
JOIN `auth_groups_users` ON `auth_groups_users`.`user_id` = `users`.`id`
JOIN `auth_groups` ON `auth_groups`.`id` = `auth_groups_users`.`group_id`', [], false)
 5 APPPATH\Controllers\Admin.php(25): CodeIgniter\Database\BaseBuilder->get()
 6 SYSTEMPATH\CodeIgniter.php(933): App\Controllers\Admin->index()
 7 SYSTEMPATH\CodeIgniter.php(507): CodeIgniter\CodeIgniter->runController(Object(App\Controllers\Admin))
 8 SYSTEMPATH\CodeIgniter.php(354): CodeIgniter\CodeIgniter->handleRequest(null, Object(Config\Cache), false)
 9 SYSTEMPATH\Boot.php(334): CodeIgniter\CodeIgniter->run()
10 SYSTEMPATH\Boot.php(67): CodeIgniter\Boot::runCodeIgniter(Object(CodeIgniter\CodeIgniter))
11 FCPATH\index.php(56): CodeIgniter\Boot::bootWeb(Object(Config\Paths))
12 SYSTEMPATH\rewrite.php(44): require_once('C:\\xampp\\htdocs\\Jago_Nyurat\\public\\index.php')
DEBUG - 2025-01-27 20:43:09 --> Session: Class initialized using 'CodeIgniter\Session\Handlers\FileHandler' driver.
CRITICAL - 2025-01-27 20:43:09 --> ErrorException: Undefined property: stdClass::$fullname
[Method: GET, Route: admin]
in APPPATH\Views\admin\index.php on line 35.
 1 APPPATH\Views\admin\index.php(35): CodeIgniter\Debug\Exceptions->errorHandler(2, 'Undefined property: stdClass::$fullname', 'C:\\xampp\\htdocs\\Jago_Nyurat\\app\\Views\\admin\\index.php', 35)
 2 SYSTEMPATH\View\View.php(224): include('C:\\xampp\\htdocs\\Jago_Nyurat\\app\\Views\\admin\\index.php')
 3 SYSTEMPATH\View\View.php(227): CodeIgniter\View\View->CodeIgniter\View\{closure}()
 4 SYSTEMPATH\Common.php(1173): CodeIgniter\View\View->render('admin/index', [], true)
 5 APPPATH\Controllers\Admin.php(29): view('admin/index', [...])
 6 SYSTEMPATH\CodeIgniter.php(933): App\Controllers\Admin->index()
 7 SYSTEMPATH\CodeIgniter.php(507): CodeIgniter\CodeIgniter->runController(Object(App\Controllers\Admin))
 8 SYSTEMPATH\CodeIgniter.php(354): CodeIgniter\CodeIgniter->handleRequest(null, Object(Config\Cache), false)
 9 SYSTEMPATH\Boot.php(334): CodeIgniter\CodeIgniter->run()
10 SYSTEMPATH\Boot.php(67): CodeIgniter\Boot::runCodeIgniter(Object(CodeIgniter\CodeIgniter))
11 FCPATH\index.php(56): CodeIgniter\Boot::bootWeb(Object(Config\Paths))
12 SYSTEMPATH\rewrite.php(44): require_once('C:\\xampp\\htdocs\\Jago_Nyurat\\public\\index.php')
DEBUG - 2025-01-27 20:43:56 --> Session: Class initialized using 'CodeIgniter\Session\Handlers\FileHandler' driver.
CRITICAL - 2025-01-27 20:43:56 --> ErrorException: Undefined property: stdClass::$fullname
[Method: GET, Route: admin]
in APPPATH\Views\admin\index.php on line 35.
 1 APPPATH\Views\admin\index.php(35): CodeIgniter\Debug\Exceptions->errorHandler(2, 'Undefined property: stdClass::$fullname', 'C:\\xampp\\htdocs\\Jago_Nyurat\\app\\Views\\admin\\index.php', 35)
 2 SYSTEMPATH\View\View.php(224): include('C:\\xampp\\htdocs\\Jago_Nyurat\\app\\Views\\admin\\index.php')
 3 SYSTEMPATH\View\View.php(227): CodeIgniter\View\View->CodeIgniter\View\{closure}()
 4 SYSTEMPATH\Common.php(1173): CodeIgniter\View\View->render('admin/index', [], true)
 5 APPPATH\Controllers\Admin.php(29): view('admin/index', [...])
 6 SYSTEMPATH\CodeIgniter.php(933): App\Controllers\Admin->index()
 7 SYSTEMPATH\CodeIgniter.php(507): CodeIgniter\CodeIgniter->runController(Object(App\Controllers\Admin))
 8 SYSTEMPATH\CodeIgniter.php(354): CodeIgniter\CodeIgniter->handleRequest(null, Object(Config\Cache), false)
 9 SYSTEMPATH\Boot.php(334): CodeIgniter\CodeIgniter->run()
10 SYSTEMPATH\Boot.php(67): CodeIgniter\Boot::runCodeIgniter(Object(CodeIgniter\CodeIgniter))
11 FCPATH\index.php(56): CodeIgniter\Boot::bootWeb(Object(Config\Paths))
12 SYSTEMPATH\rewrite.php(44): require_once('C:\\xampp\\htdocs\\Jago_Nyurat\\public\\index.php')
DEBUG - 2025-01-27 20:43:57 --> Session: Class initialized using 'CodeIgniter\Session\Handlers\FileHandler' driver.
CRITICAL - 2025-01-27 20:43:57 --> ErrorException: Undefined property: stdClass::$fullname
[Method: GET, Route: admin]
in APPPATH\Views\admin\index.php on line 35.
 1 APPPATH\Views\admin\index.php(35): CodeIgniter\Debug\Exceptions->errorHandler(2, 'Undefined property: stdClass::$fullname', 'C:\\xampp\\htdocs\\Jago_Nyurat\\app\\Views\\admin\\index.php', 35)
 2 SYSTEMPATH\View\View.php(224): include('C:\\xampp\\htdocs\\Jago_Nyurat\\app\\Views\\admin\\index.php')
 3 SYSTEMPATH\View\View.php(227): CodeIgniter\View\View->CodeIgniter\View\{closure}()
 4 SYSTEMPATH\Common.php(1173): CodeIgniter\View\View->render('admin/index', [], true)
 5 APPPATH\Controllers\Admin.php(29): view('admin/index', [...])
 6 SYSTEMPATH\CodeIgniter.php(933): App\Controllers\Admin->index()
 7 SYSTEMPATH\CodeIgniter.php(507): CodeIgniter\CodeIgniter->runController(Object(App\Controllers\Admin))
 8 SYSTEMPATH\CodeIgniter.php(354): CodeIgniter\CodeIgniter->handleRequest(null, Object(Config\Cache), false)
 9 SYSTEMPATH\Boot.php(334): CodeIgniter\CodeIgniter->run()
10 SYSTEMPATH\Boot.php(67): CodeIgniter\Boot::runCodeIgniter(Object(CodeIgniter\CodeIgniter))
11 FCPATH\index.php(56): CodeIgniter\Boot::bootWeb(Object(Config\Paths))
12 SYSTEMPATH\rewrite.php(44): require_once('C:\\xampp\\htdocs\\Jago_Nyurat\\public\\index.php')
DEBUG - 2025-01-27 20:43:58 --> Session: Class initialized using 'CodeIgniter\Session\Handlers\FileHandler' driver.
CRITICAL - 2025-01-27 20:43:58 --> ErrorException: Undefined property: stdClass::$fullname
[Method: GET, Route: admin]
in APPPATH\Views\admin\index.php on line 35.
 1 APPPATH\Views\admin\index.php(35): CodeIgniter\Debug\Exceptions->errorHandler(2, 'Undefined property: stdClass::$fullname', 'C:\\xampp\\htdocs\\Jago_Nyurat\\app\\Views\\admin\\index.php', 35)
 2 SYSTEMPATH\View\View.php(224): include('C:\\xampp\\htdocs\\Jago_Nyurat\\app\\Views\\admin\\index.php')
 3 SYSTEMPATH\View\View.php(227): CodeIgniter\View\View->CodeIgniter\View\{closure}()
 4 SYSTEMPATH\Common.php(1173): CodeIgniter\View\View->render('admin/index', [], true)
 5 APPPATH\Controllers\Admin.php(29): view('admin/index', [...])
 6 SYSTEMPATH\CodeIgniter.php(933): App\Controllers\Admin->index()
 7 SYSTEMPATH\CodeIgniter.php(507): CodeIgniter\CodeIgniter->runController(Object(App\Controllers\Admin))
 8 SYSTEMPATH\CodeIgniter.php(354): CodeIgniter\CodeIgniter->handleRequest(null, Object(Config\Cache), false)
 9 SYSTEMPATH\Boot.php(334): CodeIgniter\CodeIgniter->run()
10 SYSTEMPATH\Boot.php(67): CodeIgniter\Boot::runCodeIgniter(Object(CodeIgniter\CodeIgniter))
11 FCPATH\index.php(56): CodeIgniter\Boot::bootWeb(Object(Config\Paths))
12 SYSTEMPATH\rewrite.php(44): require_once('C:\\xampp\\htdocs\\Jago_Nyurat\\public\\index.php')
DEBUG - 2025-01-27 20:43:59 --> Session: Class initialized using 'CodeIgniter\Session\Handlers\FileHandler' driver.
CRITICAL - 2025-01-27 20:43:59 --> ErrorException: Undefined property: stdClass::$fullname
[Method: GET, Route: admin]
in APPPATH\Views\admin\index.php on line 35.
 1 APPPATH\Views\admin\index.php(35): CodeIgniter\Debug\Exceptions->errorHandler(2, 'Undefined property: stdClass::$fullname', 'C:\\xampp\\htdocs\\Jago_Nyurat\\app\\Views\\admin\\index.php', 35)
 2 SYSTEMPATH\View\View.php(224): include('C:\\xampp\\htdocs\\Jago_Nyurat\\app\\Views\\admin\\index.php')
 3 SYSTEMPATH\View\View.php(227): CodeIgniter\View\View->CodeIgniter\View\{closure}()
 4 SYSTEMPATH\Common.php(1173): CodeIgniter\View\View->render('admin/index', [], true)
 5 APPPATH\Controllers\Admin.php(29): view('admin/index', [...])
 6 SYSTEMPATH\CodeIgniter.php(933): App\Controllers\Admin->index()
 7 SYSTEMPATH\CodeIgniter.php(507): CodeIgniter\CodeIgniter->runController(Object(App\Controllers\Admin))
 8 SYSTEMPATH\CodeIgniter.php(354): CodeIgniter\CodeIgniter->handleRequest(null, Object(Config\Cache), false)
 9 SYSTEMPATH\Boot.php(334): CodeIgniter\CodeIgniter->run()
10 SYSTEMPATH\Boot.php(67): CodeIgniter\Boot::runCodeIgniter(Object(CodeIgniter\CodeIgniter))
11 FCPATH\index.php(56): CodeIgniter\Boot::bootWeb(Object(Config\Paths))
12 SYSTEMPATH\rewrite.php(44): require_once('C:\\xampp\\htdocs\\Jago_Nyurat\\public\\index.php')
DEBUG - 2025-01-27 20:44:00 --> Session: Class initialized using 'CodeIgniter\Session\Handlers\FileHandler' driver.
CRITICAL - 2025-01-27 20:44:00 --> ErrorException: Undefined property: stdClass::$fullname
[Method: GET, Route: admin]
in APPPATH\Views\admin\index.php on line 35.
 1 APPPATH\Views\admin\index.php(35): CodeIgniter\Debug\Exceptions->errorHandler(2, 'Undefined property: stdClass::$fullname', 'C:\\xampp\\htdocs\\Jago_Nyurat\\app\\Views\\admin\\index.php', 35)
 2 SYSTEMPATH\View\View.php(224): include('C:\\xampp\\htdocs\\Jago_Nyurat\\app\\Views\\admin\\index.php')
 3 SYSTEMPATH\View\View.php(227): CodeIgniter\View\View->CodeIgniter\View\{closure}()
 4 SYSTEMPATH\Common.php(1173): CodeIgniter\View\View->render('admin/index', [], true)
 5 APPPATH\Controllers\Admin.php(29): view('admin/index', [...])
 6 SYSTEMPATH\CodeIgniter.php(933): App\Controllers\Admin->index()
 7 SYSTEMPATH\CodeIgniter.php(507): CodeIgniter\CodeIgniter->runController(Object(App\Controllers\Admin))
 8 SYSTEMPATH\CodeIgniter.php(354): CodeIgniter\CodeIgniter->handleRequest(null, Object(Config\Cache), false)
 9 SYSTEMPATH\Boot.php(334): CodeIgniter\CodeIgniter->run()
10 SYSTEMPATH\Boot.php(67): CodeIgniter\Boot::runCodeIgniter(Object(CodeIgniter\CodeIgniter))
11 FCPATH\index.php(56): CodeIgniter\Boot::bootWeb(Object(Config\Paths))
12 SYSTEMPATH\rewrite.php(44): require_once('C:\\xampp\\htdocs\\Jago_Nyurat\\public\\index.php')
DEBUG - 2025-01-27 20:44:27 --> Session: Class initialized using 'CodeIgniter\Session\Handlers\FileHandler' driver.
DEBUG - 2025-01-27 20:44:52 --> Session: Class initialized using 'CodeIgniter\Session\Handlers\FileHandler' driver.
DEBUG - 2025-01-27 20:44:54 --> Session: Class initialized using 'CodeIgniter\Session\Handlers\FileHandler' driver.
DEBUG - 2025-01-27 20:44:55 --> Session: Class initialized using 'CodeIgniter\Session\Handlers\FileHandler' driver.
CRITICAL - 2025-01-27 20:44:55 --> ErrorException: Undefined property: stdClass::$username
[Method: GET, Route: admin/1]
in APPPATH\Views\admin\detail.php on line 15.
 1 APPPATH\Views\admin\detail.php(15): CodeIgniter\Debug\Exceptions->errorHandler(2, 'Undefined property: stdClass::$username', 'C:\\xampp\\htdocs\\Jago_Nyurat\\app\\Views\\admin\\detail.php', 15)
 2 SYSTEMPATH\View\View.php(224): include('C:\\xampp\\htdocs\\Jago_Nyurat\\app\\Views\\admin\\detail.php')
 3 SYSTEMPATH\View\View.php(227): CodeIgniter\View\View->CodeIgniter\View\{closure}()
 4 SYSTEMPATH\Common.php(1173): CodeIgniter\View\View->render('admin/detail', [], true)
 5 APPPATH\Controllers\Admin.php(57): view('admin/detail', [...])
 6 SYSTEMPATH\CodeIgniter.php(933): App\Controllers\Admin->detail('1')
 7 SYSTEMPATH\CodeIgniter.php(507): CodeIgniter\CodeIgniter->runController(Object(App\Controllers\Admin))
 8 SYSTEMPATH\CodeIgniter.php(354): CodeIgniter\CodeIgniter->handleRequest(null, Object(Config\Cache), false)
 9 SYSTEMPATH\Boot.php(334): CodeIgniter\CodeIgniter->run()
10 SYSTEMPATH\Boot.php(67): CodeIgniter\Boot::runCodeIgniter(Object(CodeIgniter\CodeIgniter))
11 FCPATH\index.php(56): CodeIgniter\Boot::bootWeb(Object(Config\Paths))
12 SYSTEMPATH\rewrite.php(44): require_once('C:\\xampp\\htdocs\\Jago_Nyurat\\public\\index.php')
DEBUG - 2025-01-27 20:45:24 --> Session: Class initialized using 'CodeIgniter\Session\Handlers\FileHandler' driver.
DEBUG - 2025-01-27 20:45:52 --> Session: Class initialized using 'CodeIgniter\Session\Handlers\FileHandler' driver.
DEBUG - 2025-01-27 20:45:55 --> Session: Class initialized using 'CodeIgniter\Session\Handlers\FileHandler' driver.
DEBUG - 2025-01-27 20:46:54 --> Session: Class initialized using 'CodeIgniter\Session\Handlers\FileHandler' driver.
DEBUG - 2025-01-27 20:47:21 --> Session: Class initialized using 'CodeIgniter\Session\Handlers\FileHandler' driver.
DEBUG - 2025-01-27 20:47:25 --> Session: Class initialized using 'CodeIgniter\Session\Handlers\FileHandler' driver.
DEBUG - 2025-01-27 20:47:27 --> Session: Class initialized using 'CodeIgniter\Session\Handlers\FileHandler' driver.
DEBUG - 2025-01-27 20:47:47 --> Session: Class initialized using 'CodeIgniter\Session\Handlers\FileHandler' driver.
DEBUG - 2025-01-27 20:47:51 --> Session: Class initialized using 'CodeIgniter\Session\Handlers\FileHandler' driver.
DEBUG - 2025-01-27 20:48:33 --> Session: Class initialized using 'CodeIgniter\Session\Handlers\FileHandler' driver.
DEBUG - 2025-01-27 20:50:00 --> Session: Class initialized using 'CodeIgniter\Session\Handlers\FileHandler' driver.
DEBUG - 2025-01-27 20:50:15 --> Session: Class initialized using 'CodeIgniter\Session\Handlers\FileHandler' driver.
DEBUG - 2025-01-27 20:50:50 --> Session: Class initialized using 'CodeIgniter\Session\Handlers\FileHandler' driver.
CRITICAL - 2025-01-27 20:50:50 --> Error: Call to undefined method Myth\Auth\Authorization\FlatAuthorization::getGroupsForUser()
[Method: POST, Route: admin/register]
in APPPATH\Controllers\Admin.php on line 121.
 1 SYSTEMPATH\CodeIgniter.php(933): App\Controllers\Admin->register()
 2 SYSTEMPATH\CodeIgniter.php(507): CodeIgniter\CodeIgniter->runController(Object(App\Controllers\Admin))
 3 SYSTEMPATH\CodeIgniter.php(354): CodeIgniter\CodeIgniter->handleRequest(null, Object(Config\Cache), false)
 4 SYSTEMPATH\Boot.php(334): CodeIgniter\CodeIgniter->run()
 5 SYSTEMPATH\Boot.php(67): CodeIgniter\Boot::runCodeIgniter(Object(CodeIgniter\CodeIgniter))
 6 FCPATH\index.php(56): CodeIgniter\Boot::bootWeb(Object(Config\Paths))
 7 SYSTEMPATH\rewrite.php(44): require_once('C:\\xampp\\htdocs\\Jago_Nyurat\\public\\index.php')
DEBUG - 2025-01-27 20:55:47 --> Session: Class initialized using 'CodeIgniter\Session\Handlers\FileHandler' driver.
DEBUG - 2025-01-27 20:55:54 --> Session: Class initialized using 'CodeIgniter\Session\Handlers\FileHandler' driver.
DEBUG - 2025-01-27 20:55:54 --> Session: Class initialized using 'CodeIgniter\Session\Handlers\FileHandler' driver.
DEBUG - 2025-01-27 20:55:58 --> Session: Class initialized using 'CodeIgniter\Session\Handlers\FileHandler' driver.
DEBUG - 2025-01-27 20:57:03 --> Session: Class initialized using 'CodeIgniter\Session\Handlers\FileHandler' driver.
DEBUG - 2025-01-27 20:57:10 --> Session: Class initialized using 'CodeIgniter\Session\Handlers\FileHandler' driver.
DEBUG - 2025-01-27 20:57:11 --> Session: Class initialized using 'CodeIgniter\Session\Handlers\FileHandler' driver.
DEBUG - 2025-01-27 20:57:15 --> Session: Class initialized using 'CodeIgniter\Session\Handlers\FileHandler' driver.
DEBUG - 2025-01-27 20:57:15 --> Session: Class initialized using 'CodeIgniter\Session\Handlers\FileHandler' driver.
DEBUG - 2025-01-27 20:57:16 --> Session: Class initialized using 'CodeIgniter\Session\Handlers\FileHandler' driver.
DEBUG - 2025-01-27 20:57:22 --> Session: Class initialized using 'CodeIgniter\Session\Handlers\FileHandler' driver.
DEBUG - 2025-01-27 20:57:23 --> Session: Class initialized using 'CodeIgniter\Session\Handlers\FileHandler' driver.
DEBUG - 2025-01-27 21:00:48 --> Session: Class initialized using 'CodeIgniter\Session\Handlers\FileHandler' driver.
DEBUG - 2025-01-27 21:01:00 --> Session: Class initialized using 'CodeIgniter\Session\Handlers\FileHandler' driver.
DEBUG - 2025-01-27 21:01:01 --> Session: Class initialized using 'CodeIgniter\Session\Handlers\FileHandler' driver.
DEBUG - 2025-01-27 21:01:16 --> Session: Class initialized using 'CodeIgniter\Session\Handlers\FileHandler' driver.
DEBUG - 2025-01-27 21:01:22 --> Session: Class initialized using 'CodeIgniter\Session\Handlers\FileHandler' driver.
DEBUG - 2025-01-27 21:01:27 --> Session: Class initialized using 'CodeIgniter\Session\Handlers\FileHandler' driver.
DEBUG - 2025-01-27 21:01:28 --> Session: Class initialized using 'CodeIgniter\Session\Handlers\FileHandler' driver.
DEBUG - 2025-01-27 21:01:50 --> Session: Class initialized using 'CodeIgniter\Session\Handlers\FileHandler' driver.
DEBUG - 2025-01-27 21:01:55 --> Session: Class initialized using 'CodeIgniter\Session\Handlers\FileHandler' driver.
DEBUG - 2025-01-27 21:01:56 --> Session: Class initialized using 'CodeIgniter\Session\Handlers\FileHandler' driver.
DEBUG - 2025-01-27 21:05:59 --> Session: Class initialized using 'CodeIgniter\Session\Handlers\FileHandler' driver.
DEBUG - 2025-01-27 21:06:06 --> Session: Class initialized using 'CodeIgniter\Session\Handlers\FileHandler' driver.
DEBUG - 2025-01-27 21:06:06 --> Session: Class initialized using 'CodeIgniter\Session\Handlers\FileHandler' driver.
DEBUG - 2025-01-27 21:08:08 --> Session: Class initialized using 'CodeIgniter\Session\Handlers\FileHandler' driver.
DEBUG - 2025-01-27 21:08:31 --> Session: Class initialized using 'CodeIgniter\Session\Handlers\FileHandler' driver.
DEBUG - 2025-01-27 21:08:31 --> Session: Class initialized using 'CodeIgniter\Session\Handlers\FileHandler' driver.
DEBUG - 2025-01-27 21:08:50 --> Session: Class initialized using 'CodeIgniter\Session\Handlers\FileHandler' driver.
ERROR - 2025-01-27 21:08:50 --> mysqli_sql_exception: Unknown column 'username' in 'field list' in C:\xampp\htdocs\Jago_Nyurat\vendor\codeigniter4\framework\system\Database\MySQLi\Connection.php:327
Stack trace:
#0 C:\xampp\htdocs\Jago_Nyurat\vendor\codeigniter4\framework\system\Database\MySQLi\Connection.php(327): mysqli->query('SELECT `users`....', 0)
#1 C:\xampp\htdocs\Jago_Nyurat\vendor\codeigniter4\framework\system\Database\BaseConnection.php(738): CodeIgniter\Database\MySQLi\Connection->execute('SELECT `users`....')
#2 C:\xampp\htdocs\Jago_Nyurat\vendor\codeigniter4\framework\system\Database\BaseConnection.php(652): CodeIgniter\Database\BaseConnection->simpleQuery('SELECT `users`....')
#3 C:\xampp\htdocs\Jago_Nyurat\vendor\codeigniter4\framework\system\Database\BaseBuilder.php(1649): CodeIgniter\Database\BaseConnection->query('SELECT `users`....', Array, false)
#4 C:\xampp\htdocs\Jago_Nyurat\app\Controllers\Admin.php(75): CodeIgniter\Database\BaseBuilder->get()
#5 C:\xampp\htdocs\Jago_Nyurat\vendor\codeigniter4\framework\system\CodeIgniter.php(933): App\Controllers\Admin->editRole('4')
#6 C:\xampp\htdocs\Jago_Nyurat\vendor\codeigniter4\framework\system\CodeIgniter.php(507): CodeIgniter\CodeIgniter->runController(Object(App\Controllers\Admin))
#7 C:\xampp\htdocs\Jago_Nyurat\vendor\codeigniter4\framework\system\CodeIgniter.php(354): CodeIgniter\CodeIgniter->handleRequest(NULL, Object(Config\Cache), false)
#8 C:\xampp\htdocs\Jago_Nyurat\vendor\codeigniter4\framework\system\Boot.php(334): CodeIgniter\CodeIgniter->run()
#9 C:\xampp\htdocs\Jago_Nyurat\vendor\codeigniter4\framework\system\Boot.php(67): CodeIgniter\Boot::runCodeIgniter(Object(CodeIgniter\CodeIgniter))
#10 C:\xampp\htdocs\Jago_Nyurat\public\index.php(56): CodeIgniter\Boot::bootWeb(Object(Config\Paths))
#11 C:\xampp\htdocs\Jago_Nyurat\vendor\codeigniter4\framework\system\rewrite.php(44): require_once('C:\\xampp\\htdocs...')
#12 {main}
CRITICAL - 2025-01-27 21:08:50 --> CodeIgniter\Database\Exceptions\DatabaseException: Unknown column 'username' in 'field list'
[Method: GET, Route: admin/edit-role/4]
in SYSTEMPATH\Database\BaseConnection.php on line 692.
 1 SYSTEMPATH\Database\BaseBuilder.php(1649): CodeIgniter\Database\BaseConnection->query('SELECT `users`.`id` as `userid`, `username`, `email`, `fullname`, `name`
FROM `users`
JOIN `auth_groups_users` ON `auth_groups_users`.`user_id` = `users`.`id`
JOIN `auth_groups` ON `auth_groups`.`id` = `auth_groups_users`.`group_id`
WHERE `users`.`id` = :users.id:', [...], false)
 2 APPPATH\Controllers\Admin.php(75): CodeIgniter\Database\BaseBuilder->get()
 3 SYSTEMPATH\CodeIgniter.php(933): App\Controllers\Admin->editRole('4')
 4 SYSTEMPATH\CodeIgniter.php(507): CodeIgniter\CodeIgniter->runController(Object(App\Controllers\Admin))
 5 SYSTEMPATH\CodeIgniter.php(354): CodeIgniter\CodeIgniter->handleRequest(null, Object(Config\Cache), false)
 6 SYSTEMPATH\Boot.php(334): CodeIgniter\CodeIgniter->run()
 7 SYSTEMPATH\Boot.php(67): CodeIgniter\Boot::runCodeIgniter(Object(CodeIgniter\CodeIgniter))
 8 FCPATH\index.php(56): CodeIgniter\Boot::bootWeb(Object(Config\Paths))
 9 SYSTEMPATH\rewrite.php(44): require_once('C:\\xampp\\htdocs\\Jago_Nyurat\\public\\index.php')
CRITICAL - 2025-01-27 21:08:50 --> [Caused by] CodeIgniter\Database\Exceptions\DatabaseException: Unknown column 'username' in 'field list'
in SYSTEMPATH\Database\MySQLi\Connection.php on line 332.
 1 SYSTEMPATH\Database\BaseConnection.php(738): CodeIgniter\Database\MySQLi\Connection->execute('SELECT `users`.`id` as `userid`, `username`, `email`, `fullname`, `name`
FROM `users`
JOIN `auth_groups_users` ON `auth_groups_users`.`user_id` = `users`.`id`
JOIN `auth_groups` ON `auth_groups`.`id` = `auth_groups_users`.`group_id`
WHERE `users`.`id` = \'4\'')
 2 SYSTEMPATH\Database\BaseConnection.php(652): CodeIgniter\Database\BaseConnection->simpleQuery('SELECT `users`.`id` as `userid`, `username`, `email`, `fullname`, `name`
FROM `users`
JOIN `auth_groups_users` ON `auth_groups_users`.`user_id` = `users`.`id`
JOIN `auth_groups` ON `auth_groups`.`id` = `auth_groups_users`.`group_id`
WHERE `users`.`id` = \'4\'')
 3 SYSTEMPATH\Database\BaseBuilder.php(1649): CodeIgniter\Database\BaseConnection->query('SELECT `users`.`id` as `userid`, `username`, `email`, `fullname`, `name`
FROM `users`
JOIN `auth_groups_users` ON `auth_groups_users`.`user_id` = `users`.`id`
JOIN `auth_groups` ON `auth_groups`.`id` = `auth_groups_users`.`group_id`
WHERE `users`.`id` = :users.id:', [...], false)
 4 APPPATH\Controllers\Admin.php(75): CodeIgniter\Database\BaseBuilder->get()
 5 SYSTEMPATH\CodeIgniter.php(933): App\Controllers\Admin->editRole('4')
 6 SYSTEMPATH\CodeIgniter.php(507): CodeIgniter\CodeIgniter->runController(Object(App\Controllers\Admin))
 7 SYSTEMPATH\CodeIgniter.php(354): CodeIgniter\CodeIgniter->handleRequest(null, Object(Config\Cache), false)
 8 SYSTEMPATH\Boot.php(334): CodeIgniter\CodeIgniter->run()
 9 SYSTEMPATH\Boot.php(67): CodeIgniter\Boot::runCodeIgniter(Object(CodeIgniter\CodeIgniter))
10 FCPATH\index.php(56): CodeIgniter\Boot::bootWeb(Object(Config\Paths))
11 SYSTEMPATH\rewrite.php(44): require_once('C:\\xampp\\htdocs\\Jago_Nyurat\\public\\index.php')
CRITICAL - 2025-01-27 21:08:50 --> [Caused by] mysqli_sql_exception: Unknown column 'username' in 'field list'
in SYSTEMPATH\Database\MySQLi\Connection.php on line 327.
 1 SYSTEMPATH\Database\MySQLi\Connection.php(327): mysqli->query('SELECT `users`.`id` as `userid`, `username`, `email`, `fullname`, `name`
FROM `users`
JOIN `auth_groups_users` ON `auth_groups_users`.`user_id` = `users`.`id`
JOIN `auth_groups` ON `auth_groups`.`id` = `auth_groups_users`.`group_id`
WHERE `users`.`id` = \'4\'', 0)
 2 SYSTEMPATH\Database\BaseConnection.php(738): CodeIgniter\Database\MySQLi\Connection->execute('SELECT `users`.`id` as `userid`, `username`, `email`, `fullname`, `name`
FROM `users`
JOIN `auth_groups_users` ON `auth_groups_users`.`user_id` = `users`.`id`
JOIN `auth_groups` ON `auth_groups`.`id` = `auth_groups_users`.`group_id`
WHERE `users`.`id` = \'4\'')
 3 SYSTEMPATH\Database\BaseConnection.php(652): CodeIgniter\Database\BaseConnection->simpleQuery('SELECT `users`.`id` as `userid`, `username`, `email`, `fullname`, `name`
FROM `users`
JOIN `auth_groups_users` ON `auth_groups_users`.`user_id` = `users`.`id`
JOIN `auth_groups` ON `auth_groups`.`id` = `auth_groups_users`.`group_id`
WHERE `users`.`id` = \'4\'')
 4 SYSTEMPATH\Database\BaseBuilder.php(1649): CodeIgniter\Database\BaseConnection->query('SELECT `users`.`id` as `userid`, `username`, `email`, `fullname`, `name`
FROM `users`
JOIN `auth_groups_users` ON `auth_groups_users`.`user_id` = `users`.`id`
JOIN `auth_groups` ON `auth_groups`.`id` = `auth_groups_users`.`group_id`
WHERE `users`.`id` = :users.id:', [...], false)
 5 APPPATH\Controllers\Admin.php(75): CodeIgniter\Database\BaseBuilder->get()
 6 SYSTEMPATH\CodeIgniter.php(933): App\Controllers\Admin->editRole('4')
 7 SYSTEMPATH\CodeIgniter.php(507): CodeIgniter\CodeIgniter->runController(Object(App\Controllers\Admin))
 8 SYSTEMPATH\CodeIgniter.php(354): CodeIgniter\CodeIgniter->handleRequest(null, Object(Config\Cache), false)
 9 SYSTEMPATH\Boot.php(334): CodeIgniter\CodeIgniter->run()
10 SYSTEMPATH\Boot.php(67): CodeIgniter\Boot::runCodeIgniter(Object(CodeIgniter\CodeIgniter))
11 FCPATH\index.php(56): CodeIgniter\Boot::bootWeb(Object(Config\Paths))
12 SYSTEMPATH\rewrite.php(44): require_once('C:\\xampp\\htdocs\\Jago_Nyurat\\public\\index.php')
DEBUG - 2025-01-27 21:08:52 --> Session: Class initialized using 'CodeIgniter\Session\Handlers\FileHandler' driver.
DEBUG - 2025-01-27 21:09:14 --> Session: Class initialized using 'CodeIgniter\Session\Handlers\FileHandler' driver.
DEBUG - 2025-01-27 21:09:14 --> Session: Class initialized using 'CodeIgniter\Session\Handlers\FileHandler' driver.
DEBUG - 2025-01-27 21:09:14 --> Session: Class initialized using 'CodeIgniter\Session\Handlers\FileHandler' driver.
DEBUG - 2025-01-27 21:09:27 --> Session: Class initialized using 'CodeIgniter\Session\Handlers\FileHandler' driver.
DEBUG - 2025-01-27 21:09:27 --> Session: Class initialized using 'CodeIgniter\Session\Handlers\FileHandler' driver.
DEBUG - 2025-01-27 21:09:29 --> Session: Class initialized using 'CodeIgniter\Session\Handlers\FileHandler' driver.
DEBUG - 2025-01-27 21:09:31 --> Session: Class initialized using 'CodeIgniter\Session\Handlers\FileHandler' driver.
DEBUG - 2025-01-27 21:09:33 --> Session: Class initialized using 'CodeIgniter\Session\Handlers\FileHandler' driver.
DEBUG - 2025-01-27 21:09:48 --> Session: Class initialized using 'CodeIgniter\Session\Handlers\FileHandler' driver.
DEBUG - 2025-01-27 21:09:50 --> Session: Class initialized using 'CodeIgniter\Session\Handlers\FileHandler' driver.
DEBUG - 2025-01-27 21:09:50 --> Session: Class initialized using 'CodeIgniter\Session\Handlers\FileHandler' driver.
DEBUG - 2025-01-27 21:09:50 --> Session: Class initialized using 'CodeIgniter\Session\Handlers\FileHandler' driver.
DEBUG - 2025-01-27 21:09:56 --> Session: Class initialized using 'CodeIgniter\Session\Handlers\FileHandler' driver.
DEBUG - 2025-01-27 21:09:56 --> Session: Class initialized using 'CodeIgniter\Session\Handlers\FileHandler' driver.
DEBUG - 2025-01-27 21:10:00 --> Session: Class initialized using 'CodeIgniter\Session\Handlers\FileHandler' driver.
