DEBUG - 2026-04-05 07:15:39 --> Session: Class initialized using 'CodeIgniter\Session\Handlers\FileHandler' driver.
DEBUG - 2026-04-05 07:15:43 --> Session: Class initialized using 'CodeIgniter\Session\Handlers\FileHandler' driver.
DEBUG - 2026-04-05 07:17:35 --> Session: Class initialized using 'CodeIgniter\Session\Handlers\FileHandler' driver.
ERROR - 2026-04-05 07:17:41 --> mysqli_sql_exception: MySQL server has gone away in C:\xampp\htdocs\Jago_Nyurat\vendor\codeigniter4\framework\system\Database\MySQLi\Connection.php:327
Stack trace:
#0 C:\xampp\htdocs\Jago_Nyurat\vendor\codeigniter4\framework\system\Database\MySQLi\Connection.php(327): mysqli->query('SELECT *\nFROM `...', 0)
#1 C:\xampp\htdocs\Jago_Nyurat\vendor\codeigniter4\framework\system\Database\BaseConnection.php(738): CodeIgniter\Database\MySQLi\Connection->execute('SELECT *\nFROM `...')
#2 C:\xampp\htdocs\Jago_Nyurat\vendor\codeigniter4\framework\system\Database\BaseConnection.php(652): CodeIgniter\Database\BaseConnection->simpleQuery('SELECT *\nFROM `...')
#3 C:\xampp\htdocs\Jago_Nyurat\vendor\codeigniter4\framework\system\Database\BaseBuilder.php(1649): CodeIgniter\Database\BaseConnection->query('SELECT *\nFROM `...', Array, false)
#4 C:\xampp\htdocs\Jago_Nyurat\vendor\codeigniter4\framework\system\Model.php(330): CodeIgniter\Database\BaseBuilder->get()
#5 C:\xampp\htdocs\Jago_Nyurat\vendor\codeigniter4\framework\system\BaseModel.php(713): CodeIgniter\Model->doFirst()
#6 C:\xampp\htdocs\Jago_Nyurat\vendor\myth\auth\src\Authentication\LocalAuthenticator.php(140): CodeIgniter\BaseModel->first()
#7 C:\xampp\htdocs\Jago_Nyurat\vendor\myth\auth\src\Authentication\LocalAuthenticator.php(19): Myth\Auth\Authentication\LocalAuthenticator->validate(Array, true)
#8 C:\xampp\htdocs\Jago_Nyurat\vendor\myth\auth\src\Controllers\AuthController.php(87): Myth\Auth\Authentication\LocalAuthenticator->attempt(Array, false)
#9 C:\xampp\htdocs\Jago_Nyurat\vendor\codeigniter4\framework\system\CodeIgniter.php(933): Myth\Auth\Controllers\AuthController->attemptLogin()
#10 C:\xampp\htdocs\Jago_Nyurat\vendor\codeigniter4\framework\system\CodeIgniter.php(507): CodeIgniter\CodeIgniter->runController(Object(Myth\Auth\Controllers\AuthController))
#11 C:\xampp\htdocs\Jago_Nyurat\vendor\codeigniter4\framework\system\CodeIgniter.php(354): CodeIgniter\CodeIgniter->handleRequest(NULL, Object(Config\Cache), false)
#12 C:\xampp\htdocs\Jago_Nyurat\vendor\codeigniter4\framework\system\Boot.php(334): CodeIgniter\CodeIgniter->run()
#13 C:\xampp\htdocs\Jago_Nyurat\vendor\codeigniter4\framework\system\Boot.php(67): CodeIgniter\Boot::runCodeIgniter(Object(CodeIgniter\CodeIgniter))
#14 C:\xampp\htdocs\Jago_Nyurat\public\index.php(56): CodeIgniter\Boot::bootWeb(Object(Config\Paths))
#15 C:\xampp\htdocs\Jago_Nyurat\vendor\codeigniter4\framework\system\rewrite.php(44): require_once('C:\\xampp\\htdocs...')
#16 {main}
CRITICAL - 2026-04-05 07:17:41 --> CodeIgniter\Database\Exceptions\DatabaseException: MySQL server has gone away
[Method: POST, Route: login]
in SYSTEMPATH\Database\BaseConnection.php on line 692.
 1 SYSTEMPATH\Database\BaseBuilder.php(1649): CodeIgniter\Database\BaseConnection->query('SELECT *
FROM `users`
WHERE `email` = :email:
AND `users`.`deleted_at` IS NULL
 LIMIT 1', [...], false)
 2 SYSTEMPATH\Model.php(330): CodeIgniter\Database\BaseBuilder->get()
 3 SYSTEMPATH\BaseModel.php(713): CodeIgniter\Model->doFirst()
 4 VENDORPATH\myth\auth\src\Authentication\LocalAuthenticator.php(140): CodeIgniter\BaseModel->first()
 5 VENDORPATH\myth\auth\src\Authentication\LocalAuthenticator.php(19): Myth\Auth\Authentication\LocalAuthenticator->validate([...], true)
 6 VENDORPATH\myth\auth\src\Controllers\AuthController.php(87): Myth\Auth\Authentication\LocalAuthenticator->attempt([...], false)
 7 SYSTEMPATH\CodeIgniter.php(933): Myth\Auth\Controllers\AuthController->attemptLogin()
 8 SYSTEMPATH\CodeIgniter.php(507): CodeIgniter\CodeIgniter->runController(Object(Myth\Auth\Controllers\AuthController))
 9 SYSTEMPATH\CodeIgniter.php(354): CodeIgniter\CodeIgniter->handleRequest(null, Object(Config\Cache), false)
10 SYSTEMPATH\Boot.php(334): CodeIgniter\CodeIgniter->run()
11 SYSTEMPATH\Boot.php(67): CodeIgniter\Boot::runCodeIgniter(Object(CodeIgniter\CodeIgniter))
12 FCPATH\index.php(56): CodeIgniter\Boot::bootWeb(Object(Config\Paths))
13 SYSTEMPATH\rewrite.php(44): require_once('C:\\xampp\\htdocs\\Jago_Nyurat\\public\\index.php')
CRITICAL - 2026-04-05 07:17:41 --> [Caused by] CodeIgniter\Database\Exceptions\DatabaseException: MySQL server has gone away
in SYSTEMPATH\Database\MySQLi\Connection.php on line 332.
 1 SYSTEMPATH\Database\BaseConnection.php(738): CodeIgniter\Database\MySQLi\Connection->execute('SELECT *
FROM `users`
WHERE `email` = \'2210631170006@student.unsika.ac.id\'
AND `users`.`deleted_at` IS NULL
 LIMIT 1')
 2 SYSTEMPATH\Database\BaseConnection.php(652): CodeIgniter\Database\BaseConnection->simpleQuery('SELECT *
FROM `users`
WHERE `email` = \'2210631170006@student.unsika.ac.id\'
AND `users`.`deleted_at` IS NULL
 LIMIT 1')
 3 SYSTEMPATH\Database\BaseBuilder.php(1649): CodeIgniter\Database\BaseConnection->query('SELECT *
FROM `users`
WHERE `email` = :email:
AND `users`.`deleted_at` IS NULL
 LIMIT 1', [...], false)
 4 SYSTEMPATH\Model.php(330): CodeIgniter\Database\BaseBuilder->get()
 5 SYSTEMPATH\BaseModel.php(713): CodeIgniter\Model->doFirst()
 6 VENDORPATH\myth\auth\src\Authentication\LocalAuthenticator.php(140): CodeIgniter\BaseModel->first()
 7 VENDORPATH\myth\auth\src\Authentication\LocalAuthenticator.php(19): Myth\Auth\Authentication\LocalAuthenticator->validate([...], true)
 8 VENDORPATH\myth\auth\src\Controllers\AuthController.php(87): Myth\Auth\Authentication\LocalAuthenticator->attempt([...], false)
 9 SYSTEMPATH\CodeIgniter.php(933): Myth\Auth\Controllers\AuthController->attemptLogin()
10 SYSTEMPATH\CodeIgniter.php(507): CodeIgniter\CodeIgniter->runController(Object(Myth\Auth\Controllers\AuthController))
11 SYSTEMPATH\CodeIgniter.php(354): CodeIgniter\CodeIgniter->handleRequest(null, Object(Config\Cache), false)
12 SYSTEMPATH\Boot.php(334): CodeIgniter\CodeIgniter->run()
13 SYSTEMPATH\Boot.php(67): CodeIgniter\Boot::runCodeIgniter(Object(CodeIgniter\CodeIgniter))
14 FCPATH\index.php(56): CodeIgniter\Boot::bootWeb(Object(Config\Paths))
15 SYSTEMPATH\rewrite.php(44): require_once('C:\\xampp\\htdocs\\Jago_Nyurat\\public\\index.php')
CRITICAL - 2026-04-05 07:17:41 --> [Caused by] mysqli_sql_exception: MySQL server has gone away
in SYSTEMPATH\Database\MySQLi\Connection.php on line 327.
 1 SYSTEMPATH\Database\MySQLi\Connection.php(327): mysqli->query('SELECT *
FROM `users`
WHERE `email` = \'2210631170006@student.unsika.ac.id\'
AND `users`.`deleted_at` IS NULL
 LIMIT 1', 0)
 2 SYSTEMPATH\Database\BaseConnection.php(738): CodeIgniter\Database\MySQLi\Connection->execute('SELECT *
FROM `users`
WHERE `email` = \'2210631170006@student.unsika.ac.id\'
AND `users`.`deleted_at` IS NULL
 LIMIT 1')
 3 SYSTEMPATH\Database\BaseConnection.php(652): CodeIgniter\Database\BaseConnection->simpleQuery('SELECT *
FROM `users`
WHERE `email` = \'2210631170006@student.unsika.ac.id\'
AND `users`.`deleted_at` IS NULL
 LIMIT 1')
 4 SYSTEMPATH\Database\BaseBuilder.php(1649): CodeIgniter\Database\BaseConnection->query('SELECT *
FROM `users`
WHERE `email` = :email:
AND `users`.`deleted_at` IS NULL
 LIMIT 1', [...], false)
 5 SYSTEMPATH\Model.php(330): CodeIgniter\Database\BaseBuilder->get()
 6 SYSTEMPATH\BaseModel.php(713): CodeIgniter\Model->doFirst()
 7 VENDORPATH\myth\auth\src\Authentication\LocalAuthenticator.php(140): CodeIgniter\BaseModel->first()
 8 VENDORPATH\myth\auth\src\Authentication\LocalAuthenticator.php(19): Myth\Auth\Authentication\LocalAuthenticator->validate([...], true)
 9 VENDORPATH\myth\auth\src\Controllers\AuthController.php(87): Myth\Auth\Authentication\LocalAuthenticator->attempt([...], false)
10 SYSTEMPATH\CodeIgniter.php(933): Myth\Auth\Controllers\AuthController->attemptLogin()
11 SYSTEMPATH\CodeIgniter.php(507): CodeIgniter\CodeIgniter->runController(Object(Myth\Auth\Controllers\AuthController))
12 SYSTEMPATH\CodeIgniter.php(354): CodeIgniter\CodeIgniter->handleRequest(null, Object(Config\Cache), false)
13 SYSTEMPATH\Boot.php(334): CodeIgniter\CodeIgniter->run()
14 SYSTEMPATH\Boot.php(67): CodeIgniter\Boot::runCodeIgniter(Object(CodeIgniter\CodeIgniter))
15 FCPATH\index.php(56): CodeIgniter\Boot::bootWeb(Object(Config\Paths))
16 SYSTEMPATH\rewrite.php(44): require_once('C:\\xampp\\htdocs\\Jago_Nyurat\\public\\index.php')
ERROR - 2026-04-05 15:45:01 --> Error connecting to the database: mysqli_sql_exception: Unknown database 'jago_nyurat' in C:\xampp\htdocs\Jago_Nyurat\vendor\codeigniter4\framework\system\Database\MySQLi\Connection.php:201
Stack trace:
#0 C:\xampp\htdocs\Jago_Nyurat\vendor\codeigniter4\framework\system\Database\MySQLi\Connection.php(201): mysqli->real_connect('localhost', 'root', Object(SensitiveParameterValue), 'jago_nyurat', 3306, '', 0)
#1 C:\xampp\htdocs\Jago_Nyurat\vendor\codeigniter4\framework\system\Database\BaseConnection.php(421): CodeIgniter\Database\MySQLi\Connection->connect(false)
#2 C:\xampp\htdocs\Jago_Nyurat\vendor\codeigniter4\framework\system\Database\BaseConnection.php(620): CodeIgniter\Database\BaseConnection->initialize()
#3 C:\xampp\htdocs\Jago_Nyurat\vendor\codeigniter4\framework\system\Database\BaseConnection.php(1525): CodeIgniter\Database\BaseConnection->query('SHOW TABLES FRO...')
#4 C:\xampp\htdocs\Jago_Nyurat\vendor\codeigniter4\framework\system\Database\BaseConnection.php(1545): CodeIgniter\Database\BaseConnection->listTables()
#5 C:\xampp\htdocs\Jago_Nyurat\vendor\codeigniter4\framework\system\Database\MigrationRunner.php(758): CodeIgniter\Database\BaseConnection->tableExists('migrations')
#6 C:\xampp\htdocs\Jago_Nyurat\vendor\codeigniter4\framework\system\Database\MigrationRunner.php(162): CodeIgniter\Database\MigrationRunner->ensureTable()
#7 C:\xampp\htdocs\Jago_Nyurat\vendor\codeigniter4\framework\system\Commands\Database\Migrate.php(85): CodeIgniter\Database\MigrationRunner->latest(NULL)
#8 C:\xampp\htdocs\Jago_Nyurat\vendor\codeigniter4\framework\system\CLI\Commands.php(70): CodeIgniter\Commands\Database\Migrate->run(Array)
#9 C:\xampp\htdocs\Jago_Nyurat\vendor\codeigniter4\framework\system\CLI\Console.php(48): CodeIgniter\CLI\Commands->run('migrate', Array)
#10 C:\xampp\htdocs\Jago_Nyurat\vendor\codeigniter4\framework\system\Boot.php(360): CodeIgniter\CLI\Console->run()
#11 C:\xampp\htdocs\Jago_Nyurat\vendor\codeigniter4\framework\system\Boot.php(104): CodeIgniter\Boot::runCommand(Object(CodeIgniter\CLI\Console))
#12 C:\xampp\htdocs\Jago_Nyurat\spark(84): CodeIgniter\Boot::bootSpark(Object(Config\Paths))
#13 {main}

Next CodeIgniter\Database\Exceptions\DatabaseException: Unknown database 'jago_nyurat' in C:\xampp\htdocs\Jago_Nyurat\vendor\codeigniter4\framework\system\Database\MySQLi\Connection.php:246
Stack trace:
#0 C:\xampp\htdocs\Jago_Nyurat\vendor\codeigniter4\framework\system\Database\BaseConnection.php(421): CodeIgniter\Database\MySQLi\Connection->connect(false)
#1 C:\xampp\htdocs\Jago_Nyurat\vendor\codeigniter4\framework\system\Database\BaseConnection.php(620): CodeIgniter\Database\BaseConnection->initialize()
#2 C:\xampp\htdocs\Jago_Nyurat\vendor\codeigniter4\framework\system\Database\BaseConnection.php(1525): CodeIgniter\Database\BaseConnection->query('SHOW TABLES FRO...')
#3 C:\xampp\htdocs\Jago_Nyurat\vendor\codeigniter4\framework\system\Database\BaseConnection.php(1545): CodeIgniter\Database\BaseConnection->listTables()
#4 C:\xampp\htdocs\Jago_Nyurat\vendor\codeigniter4\framework\system\Database\MigrationRunner.php(758): CodeIgniter\Database\BaseConnection->tableExists('migrations')
#5 C:\xampp\htdocs\Jago_Nyurat\vendor\codeigniter4\framework\system\Database\MigrationRunner.php(162): CodeIgniter\Database\MigrationRunner->ensureTable()
#6 C:\xampp\htdocs\Jago_Nyurat\vendor\codeigniter4\framework\system\Commands\Database\Migrate.php(85): CodeIgniter\Database\MigrationRunner->latest(NULL)
#7 C:\xampp\htdocs\Jago_Nyurat\vendor\codeigniter4\framework\system\CLI\Commands.php(70): CodeIgniter\Commands\Database\Migrate->run(Array)
#8 C:\xampp\htdocs\Jago_Nyurat\vendor\codeigniter4\framework\system\CLI\Console.php(48): CodeIgniter\CLI\Commands->run('migrate', Array)
#9 C:\xampp\htdocs\Jago_Nyurat\vendor\codeigniter4\framework\system\Boot.php(360): CodeIgniter\CLI\Console->run()
#10 C:\xampp\htdocs\Jago_Nyurat\vendor\codeigniter4\framework\system\Boot.php(104): CodeIgniter\Boot::runCommand(Object(CodeIgniter\CLI\Console))
#11 C:\xampp\htdocs\Jago_Nyurat\spark(84): CodeIgniter\Boot::bootSpark(Object(Config\Paths))
#12 {main}
ERROR - 2026-04-05 15:48:05 --> mysqli_sql_exception: Can't create table `jago_nyurat`.`surat` (errno: 150 "Foreign key constraint is incorrectly formed") in C:\xampp\htdocs\Jago_Nyurat\vendor\codeigniter4\framework\system\Database\MySQLi\Connection.php:327
Stack trace:
#0 C:\xampp\htdocs\Jago_Nyurat\vendor\codeigniter4\framework\system\Database\MySQLi\Connection.php(327): mysqli->query('CREATE TABLE `s...', 0)
#1 C:\xampp\htdocs\Jago_Nyurat\vendor\codeigniter4\framework\system\Database\BaseConnection.php(738): CodeIgniter\Database\MySQLi\Connection->execute('CREATE TABLE `s...')
#2 C:\xampp\htdocs\Jago_Nyurat\vendor\codeigniter4\framework\system\Database\BaseConnection.php(652): CodeIgniter\Database\BaseConnection->simpleQuery('CREATE TABLE `s...')
#3 C:\xampp\htdocs\Jago_Nyurat\vendor\codeigniter4\framework\system\Database\Forge.php(570): CodeIgniter\Database\BaseConnection->query('CREATE TABLE `s...')
#4 C:\xampp\htdocs\Jago_Nyurat\app\Database\Migrations\2026-03-06-193413_Surat.php(118): CodeIgniter\Database\Forge->createTable('surat')
#5 C:\xampp\htdocs\Jago_Nyurat\vendor\codeigniter4\framework\system\Database\MigrationRunner.php(866): App\Database\Migrations\Surat->up()
#6 C:\xampp\htdocs\Jago_Nyurat\vendor\codeigniter4\framework\system\Database\MigrationRunner.php(182): CodeIgniter\Database\MigrationRunner->migrate('up', Object(stdClass))
#7 C:\xampp\htdocs\Jago_Nyurat\vendor\codeigniter4\framework\system\Commands\Database\Migrate.php(85): CodeIgniter\Database\MigrationRunner->latest(NULL)
#8 C:\xampp\htdocs\Jago_Nyurat\vendor\codeigniter4\framework\system\CLI\Commands.php(70): CodeIgniter\Commands\Database\Migrate->run(Array)
#9 C:\xampp\htdocs\Jago_Nyurat\vendor\codeigniter4\framework\system\CLI\Console.php(48): CodeIgniter\CLI\Commands->run('migrate', Array)
#10 C:\xampp\htdocs\Jago_Nyurat\vendor\codeigniter4\framework\system\Boot.php(360): CodeIgniter\CLI\Console->run()
#11 C:\xampp\htdocs\Jago_Nyurat\vendor\codeigniter4\framework\system\Boot.php(104): CodeIgniter\Boot::runCommand(Object(CodeIgniter\CLI\Console))
#12 C:\xampp\htdocs\Jago_Nyurat\spark(84): CodeIgniter\Boot::bootSpark(Object(Config\Paths))
#13 {main}
DEBUG - 2026-04-05 15:49:34 --> Session: Class initialized using 'CodeIgniter\Session\Handlers\FileHandler' driver.
DEBUG - 2026-04-05 15:49:37 --> Session: Class initialized using 'CodeIgniter\Session\Handlers\FileHandler' driver.
DEBUG - 2026-04-05 15:49:51 --> Session: Class initialized using 'CodeIgniter\Session\Handlers\FileHandler' driver.
ERROR - 2026-04-05 15:49:51 --> mysqli_sql_exception: Table 'jago_nyurat.users' doesn't exist in C:\xampp\htdocs\Jago_Nyurat\vendor\codeigniter4\framework\system\Database\MySQLi\Connection.php:327
Stack trace:
#0 C:\xampp\htdocs\Jago_Nyurat\vendor\codeigniter4\framework\system\Database\MySQLi\Connection.php(327): mysqli->query('SELECT *\nFROM `...', 0)
#1 C:\xampp\htdocs\Jago_Nyurat\vendor\codeigniter4\framework\system\Database\BaseConnection.php(738): CodeIgniter\Database\MySQLi\Connection->execute('SELECT *\nFROM `...')
#2 C:\xampp\htdocs\Jago_Nyurat\vendor\codeigniter4\framework\system\Database\BaseConnection.php(652): CodeIgniter\Database\BaseConnection->simpleQuery('SELECT *\nFROM `...')
#3 C:\xampp\htdocs\Jago_Nyurat\vendor\codeigniter4\framework\system\Database\BaseBuilder.php(1649): CodeIgniter\Database\BaseConnection->query('SELECT *\nFROM `...', Array, false)
#4 C:\xampp\htdocs\Jago_Nyurat\vendor\codeigniter4\framework\system\Model.php(330): CodeIgniter\Database\BaseBuilder->get()
#5 C:\xampp\htdocs\Jago_Nyurat\vendor\codeigniter4\framework\system\BaseModel.php(713): CodeIgniter\Model->doFirst()
#6 C:\xampp\htdocs\Jago_Nyurat\vendor\myth\auth\src\Authentication\LocalAuthenticator.php(140): CodeIgniter\BaseModel->first()
#7 C:\xampp\htdocs\Jago_Nyurat\vendor\myth\auth\src\Authentication\LocalAuthenticator.php(19): Myth\Auth\Authentication\LocalAuthenticator->validate(Array, true)
#8 C:\xampp\htdocs\Jago_Nyurat\vendor\myth\auth\src\Controllers\AuthController.php(87): Myth\Auth\Authentication\LocalAuthenticator->attempt(Array, false)
#9 C:\xampp\htdocs\Jago_Nyurat\vendor\codeigniter4\framework\system\CodeIgniter.php(933): Myth\Auth\Controllers\AuthController->attemptLogin()
#10 C:\xampp\htdocs\Jago_Nyurat\vendor\codeigniter4\framework\system\CodeIgniter.php(507): CodeIgniter\CodeIgniter->runController(Object(Myth\Auth\Controllers\AuthController))
#11 C:\xampp\htdocs\Jago_Nyurat\vendor\codeigniter4\framework\system\CodeIgniter.php(354): CodeIgniter\CodeIgniter->handleRequest(NULL, Object(Config\Cache), false)
#12 C:\xampp\htdocs\Jago_Nyurat\vendor\codeigniter4\framework\system\Boot.php(334): CodeIgniter\CodeIgniter->run()
#13 C:\xampp\htdocs\Jago_Nyurat\vendor\codeigniter4\framework\system\Boot.php(67): CodeIgniter\Boot::runCodeIgniter(Object(CodeIgniter\CodeIgniter))
#14 C:\xampp\htdocs\Jago_Nyurat\public\index.php(56): CodeIgniter\Boot::bootWeb(Object(Config\Paths))
#15 C:\xampp\htdocs\Jago_Nyurat\vendor\codeigniter4\framework\system\rewrite.php(44): require_once('C:\\xampp\\htdocs...')
#16 {main}
CRITICAL - 2026-04-05 15:49:51 --> CodeIgniter\Database\Exceptions\DatabaseException: Table 'jago_nyurat.users' doesn't exist
[Method: POST, Route: login]
in SYSTEMPATH\Database\BaseConnection.php on line 692.
 1 SYSTEMPATH\Database\BaseBuilder.php(1649): CodeIgniter\Database\BaseConnection->query('SELECT *
FROM `users`
WHERE `email` = :email:
AND `users`.`deleted_at` IS NULL
 LIMIT 1', [...], false)
 2 SYSTEMPATH\Model.php(330): CodeIgniter\Database\BaseBuilder->get()
 3 SYSTEMPATH\BaseModel.php(713): CodeIgniter\Model->doFirst()
 4 VENDORPATH\myth\auth\src\Authentication\LocalAuthenticator.php(140): CodeIgniter\BaseModel->first()
 5 VENDORPATH\myth\auth\src\Authentication\LocalAuthenticator.php(19): Myth\Auth\Authentication\LocalAuthenticator->validate([...], true)
 6 VENDORPATH\myth\auth\src\Controllers\AuthController.php(87): Myth\Auth\Authentication\LocalAuthenticator->attempt([...], false)
 7 SYSTEMPATH\CodeIgniter.php(933): Myth\Auth\Controllers\AuthController->attemptLogin()
 8 SYSTEMPATH\CodeIgniter.php(507): CodeIgniter\CodeIgniter->runController(Object(Myth\Auth\Controllers\AuthController))
 9 SYSTEMPATH\CodeIgniter.php(354): CodeIgniter\CodeIgniter->handleRequest(null, Object(Config\Cache), false)
10 SYSTEMPATH\Boot.php(334): CodeIgniter\CodeIgniter->run()
11 SYSTEMPATH\Boot.php(67): CodeIgniter\Boot::runCodeIgniter(Object(CodeIgniter\CodeIgniter))
12 FCPATH\index.php(56): CodeIgniter\Boot::bootWeb(Object(Config\Paths))
13 SYSTEMPATH\rewrite.php(44): require_once('C:\\xampp\\htdocs\\Jago_Nyurat\\public\\index.php')
CRITICAL - 2026-04-05 15:49:51 --> [Caused by] CodeIgniter\Database\Exceptions\DatabaseException: Table 'jago_nyurat.users' doesn't exist
in SYSTEMPATH\Database\MySQLi\Connection.php on line 332.
 1 SYSTEMPATH\Database\BaseConnection.php(738): CodeIgniter\Database\MySQLi\Connection->execute('SELECT *
FROM `users`
WHERE `email` = \'lkkm2026@gmail.com\'
AND `users`.`deleted_at` IS NULL
 LIMIT 1')
 2 SYSTEMPATH\Database\BaseConnection.php(652): CodeIgniter\Database\BaseConnection->simpleQuery('SELECT *
FROM `users`
WHERE `email` = \'lkkm2026@gmail.com\'
AND `users`.`deleted_at` IS NULL
 LIMIT 1')
 3 SYSTEMPATH\Database\BaseBuilder.php(1649): CodeIgniter\Database\BaseConnection->query('SELECT *
FROM `users`
WHERE `email` = :email:
AND `users`.`deleted_at` IS NULL
 LIMIT 1', [...], false)
 4 SYSTEMPATH\Model.php(330): CodeIgniter\Database\BaseBuilder->get()
 5 SYSTEMPATH\BaseModel.php(713): CodeIgniter\Model->doFirst()
 6 VENDORPATH\myth\auth\src\Authentication\LocalAuthenticator.php(140): CodeIgniter\BaseModel->first()
 7 VENDORPATH\myth\auth\src\Authentication\LocalAuthenticator.php(19): Myth\Auth\Authentication\LocalAuthenticator->validate([...], true)
 8 VENDORPATH\myth\auth\src\Controllers\AuthController.php(87): Myth\Auth\Authentication\LocalAuthenticator->attempt([...], false)
 9 SYSTEMPATH\CodeIgniter.php(933): Myth\Auth\Controllers\AuthController->attemptLogin()
10 SYSTEMPATH\CodeIgniter.php(507): CodeIgniter\CodeIgniter->runController(Object(Myth\Auth\Controllers\AuthController))
11 SYSTEMPATH\CodeIgniter.php(354): CodeIgniter\CodeIgniter->handleRequest(null, Object(Config\Cache), false)
12 SYSTEMPATH\Boot.php(334): CodeIgniter\CodeIgniter->run()
13 SYSTEMPATH\Boot.php(67): CodeIgniter\Boot::runCodeIgniter(Object(CodeIgniter\CodeIgniter))
14 FCPATH\index.php(56): CodeIgniter\Boot::bootWeb(Object(Config\Paths))
15 SYSTEMPATH\rewrite.php(44): require_once('C:\\xampp\\htdocs\\Jago_Nyurat\\public\\index.php')
CRITICAL - 2026-04-05 15:49:51 --> [Caused by] mysqli_sql_exception: Table 'jago_nyurat.users' doesn't exist
in SYSTEMPATH\Database\MySQLi\Connection.php on line 327.
 1 SYSTEMPATH\Database\MySQLi\Connection.php(327): mysqli->query('SELECT *
FROM `users`
WHERE `email` = \'lkkm2026@gmail.com\'
AND `users`.`deleted_at` IS NULL
 LIMIT 1', 0)
 2 SYSTEMPATH\Database\BaseConnection.php(738): CodeIgniter\Database\MySQLi\Connection->execute('SELECT *
FROM `users`
WHERE `email` = \'lkkm2026@gmail.com\'
AND `users`.`deleted_at` IS NULL
 LIMIT 1')
 3 SYSTEMPATH\Database\BaseConnection.php(652): CodeIgniter\Database\BaseConnection->simpleQuery('SELECT *
FROM `users`
WHERE `email` = \'lkkm2026@gmail.com\'
AND `users`.`deleted_at` IS NULL
 LIMIT 1')
 4 SYSTEMPATH\Database\BaseBuilder.php(1649): CodeIgniter\Database\BaseConnection->query('SELECT *
FROM `users`
WHERE `email` = :email:
AND `users`.`deleted_at` IS NULL
 LIMIT 1', [...], false)
 5 SYSTEMPATH\Model.php(330): CodeIgniter\Database\BaseBuilder->get()
 6 SYSTEMPATH\BaseModel.php(713): CodeIgniter\Model->doFirst()
 7 VENDORPATH\myth\auth\src\Authentication\LocalAuthenticator.php(140): CodeIgniter\BaseModel->first()
 8 VENDORPATH\myth\auth\src\Authentication\LocalAuthenticator.php(19): Myth\Auth\Authentication\LocalAuthenticator->validate([...], true)
 9 VENDORPATH\myth\auth\src\Controllers\AuthController.php(87): Myth\Auth\Authentication\LocalAuthenticator->attempt([...], false)
10 SYSTEMPATH\CodeIgniter.php(933): Myth\Auth\Controllers\AuthController->attemptLogin()
11 SYSTEMPATH\CodeIgniter.php(507): CodeIgniter\CodeIgniter->runController(Object(Myth\Auth\Controllers\AuthController))
12 SYSTEMPATH\CodeIgniter.php(354): CodeIgniter\CodeIgniter->handleRequest(null, Object(Config\Cache), false)
13 SYSTEMPATH\Boot.php(334): CodeIgniter\CodeIgniter->run()
14 SYSTEMPATH\Boot.php(67): CodeIgniter\Boot::runCodeIgniter(Object(CodeIgniter\CodeIgniter))
15 FCPATH\index.php(56): CodeIgniter\Boot::bootWeb(Object(Config\Paths))
16 SYSTEMPATH\rewrite.php(44): require_once('C:\\xampp\\htdocs\\Jago_Nyurat\\public\\index.php')
DEBUG - 2026-04-05 15:50:02 --> Session: Class initialized using 'CodeIgniter\Session\Handlers\FileHandler' driver.
DEBUG - 2026-04-05 15:50:45 --> Session: Class initialized using 'CodeIgniter\Session\Handlers\FileHandler' driver.
ERROR - 2026-04-05 15:50:45 --> mysqli_sql_exception: Table 'jago_nyurat.users' doesn't exist in C:\xampp\htdocs\Jago_Nyurat\vendor\codeigniter4\framework\system\Database\MySQLi\Connection.php:327
Stack trace:
#0 C:\xampp\htdocs\Jago_Nyurat\vendor\codeigniter4\framework\system\Database\MySQLi\Connection.php(327): mysqli->query('SELECT *\nFROM `...', 0)
#1 C:\xampp\htdocs\Jago_Nyurat\vendor\codeigniter4\framework\system\Database\BaseConnection.php(738): CodeIgniter\Database\MySQLi\Connection->execute('SELECT *\nFROM `...')
#2 C:\xampp\htdocs\Jago_Nyurat\vendor\codeigniter4\framework\system\Database\BaseConnection.php(652): CodeIgniter\Database\BaseConnection->simpleQuery('SELECT *\nFROM `...')
#3 C:\xampp\htdocs\Jago_Nyurat\vendor\codeigniter4\framework\system\Database\BaseBuilder.php(1649): CodeIgniter\Database\BaseConnection->query('SELECT *\nFROM `...', Array, false)
#4 C:\xampp\htdocs\Jago_Nyurat\vendor\codeigniter4\framework\system\Model.php(330): CodeIgniter\Database\BaseBuilder->get()
#5 C:\xampp\htdocs\Jago_Nyurat\vendor\codeigniter4\framework\system\BaseModel.php(713): CodeIgniter\Model->doFirst()
#6 C:\xampp\htdocs\Jago_Nyurat\vendor\myth\auth\src\Authentication\LocalAuthenticator.php(140): CodeIgniter\BaseModel->first()
#7 C:\xampp\htdocs\Jago_Nyurat\vendor\myth\auth\src\Authentication\LocalAuthenticator.php(19): Myth\Auth\Authentication\LocalAuthenticator->validate(Array, true)
#8 C:\xampp\htdocs\Jago_Nyurat\vendor\myth\auth\src\Controllers\AuthController.php(87): Myth\Auth\Authentication\LocalAuthenticator->attempt(Array, false)
#9 C:\xampp\htdocs\Jago_Nyurat\vendor\codeigniter4\framework\system\CodeIgniter.php(933): Myth\Auth\Controllers\AuthController->attemptLogin()
#10 C:\xampp\htdocs\Jago_Nyurat\vendor\codeigniter4\framework\system\CodeIgniter.php(507): CodeIgniter\CodeIgniter->runController(Object(Myth\Auth\Controllers\AuthController))
#11 C:\xampp\htdocs\Jago_Nyurat\vendor\codeigniter4\framework\system\CodeIgniter.php(354): CodeIgniter\CodeIgniter->handleRequest(NULL, Object(Config\Cache), false)
#12 C:\xampp\htdocs\Jago_Nyurat\vendor\codeigniter4\framework\system\Boot.php(334): CodeIgniter\CodeIgniter->run()
#13 C:\xampp\htdocs\Jago_Nyurat\vendor\codeigniter4\framework\system\Boot.php(67): CodeIgniter\Boot::runCodeIgniter(Object(CodeIgniter\CodeIgniter))
#14 C:\xampp\htdocs\Jago_Nyurat\public\index.php(56): CodeIgniter\Boot::bootWeb(Object(Config\Paths))
#15 C:\xampp\htdocs\Jago_Nyurat\vendor\codeigniter4\framework\system\rewrite.php(44): require_once('C:\\xampp\\htdocs...')
#16 {main}
CRITICAL - 2026-04-05 15:50:45 --> CodeIgniter\Database\Exceptions\DatabaseException: Table 'jago_nyurat.users' doesn't exist
[Method: POST, Route: login]
in SYSTEMPATH\Database\BaseConnection.php on line 692.
 1 SYSTEMPATH\Database\BaseBuilder.php(1649): CodeIgniter\Database\BaseConnection->query('SELECT *
FROM `users`
WHERE `email` = :email:
AND `users`.`deleted_at` IS NULL
 LIMIT 1', [...], false)
 2 SYSTEMPATH\Model.php(330): CodeIgniter\Database\BaseBuilder->get()
 3 SYSTEMPATH\BaseModel.php(713): CodeIgniter\Model->doFirst()
 4 VENDORPATH\myth\auth\src\Authentication\LocalAuthenticator.php(140): CodeIgniter\BaseModel->first()
 5 VENDORPATH\myth\auth\src\Authentication\LocalAuthenticator.php(19): Myth\Auth\Authentication\LocalAuthenticator->validate([...], true)
 6 VENDORPATH\myth\auth\src\Controllers\AuthController.php(87): Myth\Auth\Authentication\LocalAuthenticator->attempt([...], false)
 7 SYSTEMPATH\CodeIgniter.php(933): Myth\Auth\Controllers\AuthController->attemptLogin()
 8 SYSTEMPATH\CodeIgniter.php(507): CodeIgniter\CodeIgniter->runController(Object(Myth\Auth\Controllers\AuthController))
 9 SYSTEMPATH\CodeIgniter.php(354): CodeIgniter\CodeIgniter->handleRequest(null, Object(Config\Cache), false)
10 SYSTEMPATH\Boot.php(334): CodeIgniter\CodeIgniter->run()
11 SYSTEMPATH\Boot.php(67): CodeIgniter\Boot::runCodeIgniter(Object(CodeIgniter\CodeIgniter))
12 FCPATH\index.php(56): CodeIgniter\Boot::bootWeb(Object(Config\Paths))
13 SYSTEMPATH\rewrite.php(44): require_once('C:\\xampp\\htdocs\\Jago_Nyurat\\public\\index.php')
CRITICAL - 2026-04-05 15:50:45 --> [Caused by] CodeIgniter\Database\Exceptions\DatabaseException: Table 'jago_nyurat.users' doesn't exist
in SYSTEMPATH\Database\MySQLi\Connection.php on line 332.
 1 SYSTEMPATH\Database\BaseConnection.php(738): CodeIgniter\Database\MySQLi\Connection->execute('SELECT *
FROM `users`
WHERE `email` = \'2210631170006@student.unsika.ac.id\'
AND `users`.`deleted_at` IS NULL
 LIMIT 1')
 2 SYSTEMPATH\Database\BaseConnection.php(652): CodeIgniter\Database\BaseConnection->simpleQuery('SELECT *
FROM `users`
WHERE `email` = \'2210631170006@student.unsika.ac.id\'
AND `users`.`deleted_at` IS NULL
 LIMIT 1')
 3 SYSTEMPATH\Database\BaseBuilder.php(1649): CodeIgniter\Database\BaseConnection->query('SELECT *
FROM `users`
WHERE `email` = :email:
AND `users`.`deleted_at` IS NULL
 LIMIT 1', [...], false)
 4 SYSTEMPATH\Model.php(330): CodeIgniter\Database\BaseBuilder->get()
 5 SYSTEMPATH\BaseModel.php(713): CodeIgniter\Model->doFirst()
 6 VENDORPATH\myth\auth\src\Authentication\LocalAuthenticator.php(140): CodeIgniter\BaseModel->first()
 7 VENDORPATH\myth\auth\src\Authentication\LocalAuthenticator.php(19): Myth\Auth\Authentication\LocalAuthenticator->validate([...], true)
 8 VENDORPATH\myth\auth\src\Controllers\AuthController.php(87): Myth\Auth\Authentication\LocalAuthenticator->attempt([...], false)
 9 SYSTEMPATH\CodeIgniter.php(933): Myth\Auth\Controllers\AuthController->attemptLogin()
10 SYSTEMPATH\CodeIgniter.php(507): CodeIgniter\CodeIgniter->runController(Object(Myth\Auth\Controllers\AuthController))
11 SYSTEMPATH\CodeIgniter.php(354): CodeIgniter\CodeIgniter->handleRequest(null, Object(Config\Cache), false)
12 SYSTEMPATH\Boot.php(334): CodeIgniter\CodeIgniter->run()
13 SYSTEMPATH\Boot.php(67): CodeIgniter\Boot::runCodeIgniter(Object(CodeIgniter\CodeIgniter))
14 FCPATH\index.php(56): CodeIgniter\Boot::bootWeb(Object(Config\Paths))
15 SYSTEMPATH\rewrite.php(44): require_once('C:\\xampp\\htdocs\\Jago_Nyurat\\public\\index.php')
CRITICAL - 2026-04-05 15:50:45 --> [Caused by] mysqli_sql_exception: Table 'jago_nyurat.users' doesn't exist
in SYSTEMPATH\Database\MySQLi\Connection.php on line 327.
 1 SYSTEMPATH\Database\MySQLi\Connection.php(327): mysqli->query('SELECT *
FROM `users`
WHERE `email` = \'2210631170006@student.unsika.ac.id\'
AND `users`.`deleted_at` IS NULL
 LIMIT 1', 0)
 2 SYSTEMPATH\Database\BaseConnection.php(738): CodeIgniter\Database\MySQLi\Connection->execute('SELECT *
FROM `users`
WHERE `email` = \'2210631170006@student.unsika.ac.id\'
AND `users`.`deleted_at` IS NULL
 LIMIT 1')
 3 SYSTEMPATH\Database\BaseConnection.php(652): CodeIgniter\Database\BaseConnection->simpleQuery('SELECT *
FROM `users`
WHERE `email` = \'2210631170006@student.unsika.ac.id\'
AND `users`.`deleted_at` IS NULL
 LIMIT 1')
 4 SYSTEMPATH\Database\BaseBuilder.php(1649): CodeIgniter\Database\BaseConnection->query('SELECT *
FROM `users`
WHERE `email` = :email:
AND `users`.`deleted_at` IS NULL
 LIMIT 1', [...], false)
 5 SYSTEMPATH\Model.php(330): CodeIgniter\Database\BaseBuilder->get()
 6 SYSTEMPATH\BaseModel.php(713): CodeIgniter\Model->doFirst()
 7 VENDORPATH\myth\auth\src\Authentication\LocalAuthenticator.php(140): CodeIgniter\BaseModel->first()
 8 VENDORPATH\myth\auth\src\Authentication\LocalAuthenticator.php(19): Myth\Auth\Authentication\LocalAuthenticator->validate([...], true)
 9 VENDORPATH\myth\auth\src\Controllers\AuthController.php(87): Myth\Auth\Authentication\LocalAuthenticator->attempt([...], false)
10 SYSTEMPATH\CodeIgniter.php(933): Myth\Auth\Controllers\AuthController->attemptLogin()
11 SYSTEMPATH\CodeIgniter.php(507): CodeIgniter\CodeIgniter->runController(Object(Myth\Auth\Controllers\AuthController))
12 SYSTEMPATH\CodeIgniter.php(354): CodeIgniter\CodeIgniter->handleRequest(null, Object(Config\Cache), false)
13 SYSTEMPATH\Boot.php(334): CodeIgniter\CodeIgniter->run()
14 SYSTEMPATH\Boot.php(67): CodeIgniter\Boot::runCodeIgniter(Object(CodeIgniter\CodeIgniter))
15 FCPATH\index.php(56): CodeIgniter\Boot::bootWeb(Object(Config\Paths))
16 SYSTEMPATH\rewrite.php(44): require_once('C:\\xampp\\htdocs\\Jago_Nyurat\\public\\index.php')
DEBUG - 2026-04-05 15:54:43 --> Session: Class initialized using 'CodeIgniter\Session\Handlers\FileHandler' driver.
DEBUG - 2026-04-05 15:54:51 --> Session: Class initialized using 'CodeIgniter\Session\Handlers\FileHandler' driver.
DEBUG - 2026-04-05 15:54:53 --> Session: Class initialized using 'CodeIgniter\Session\Handlers\FileHandler' driver.
DEBUG - 2026-04-05 15:55:00 --> Session: Class initialized using 'CodeIgniter\Session\Handlers\FileHandler' driver.
DEBUG - 2026-04-05 15:55:09 --> Session: Class initialized using 'CodeIgniter\Session\Handlers\FileHandler' driver.
DEBUG - 2026-04-05 15:55:09 --> Session: Class initialized using 'CodeIgniter\Session\Handlers\FileHandler' driver.
DEBUG - 2026-04-05 15:55:10 --> Session: Class initialized using 'CodeIgniter\Session\Handlers\FileHandler' driver.
DEBUG - 2026-04-05 15:55:18 --> Session: Class initialized using 'CodeIgniter\Session\Handlers\FileHandler' driver.
DEBUG - 2026-04-05 15:55:19 --> Session: Class initialized using 'CodeIgniter\Session\Handlers\FileHandler' driver.
DEBUG - 2026-04-05 15:58:26 --> Session: Class initialized using 'CodeIgniter\Session\Handlers\FileHandler' driver.
DEBUG - 2026-04-05 16:00:42 --> Session: Class initialized using 'CodeIgniter\Session\Handlers\FileHandler' driver.
DEBUG - 2026-04-05 16:00:43 --> Session: Class initialized using 'CodeIgniter\Session\Handlers\FileHandler' driver.
DEBUG - 2026-04-05 16:00:52 --> Session: Class initialized using 'CodeIgniter\Session\Handlers\FileHandler' driver.
DEBUG - 2026-04-05 16:00:52 --> Session: Class initialized using 'CodeIgniter\Session\Handlers\FileHandler' driver.
DEBUG - 2026-04-05 16:06:15 --> Session: Class initialized using 'CodeIgniter\Session\Handlers\FileHandler' driver.
DEBUG - 2026-04-05 16:06:15 --> Session: Class initialized using 'CodeIgniter\Session\Handlers\FileHandler' driver.
DEBUG - 2026-04-05 16:06:15 --> Session: Class initialized using 'CodeIgniter\Session\Handlers\FileHandler' driver.
DEBUG - 2026-04-05 16:06:38 --> Session: Class initialized using 'CodeIgniter\Session\Handlers\FileHandler' driver.
DEBUG - 2026-04-05 16:06:39 --> Session: Class initialized using 'CodeIgniter\Session\Handlers\FileHandler' driver.
DEBUG - 2026-04-05 16:06:50 --> Session: Class initialized using 'CodeIgniter\Session\Handlers\FileHandler' driver.
DEBUG - 2026-04-05 16:06:50 --> Session: Class initialized using 'CodeIgniter\Session\Handlers\FileHandler' driver.
DEBUG - 2026-04-05 16:06:50 --> Session: Class initialized using 'CodeIgniter\Session\Handlers\FileHandler' driver.
DEBUG - 2026-04-05 16:06:58 --> Session: Class initialized using 'CodeIgniter\Session\Handlers\FileHandler' driver.
DEBUG - 2026-04-05 16:06:58 --> Session: Class initialized using 'CodeIgniter\Session\Handlers\FileHandler' driver.
DEBUG - 2026-04-05 16:08:30 --> Session: Class initialized using 'CodeIgniter\Session\Handlers\FileHandler' driver.
DEBUG - 2026-04-05 16:08:31 --> Session: Class initialized using 'CodeIgniter\Session\Handlers\FileHandler' driver.
DEBUG - 2026-04-05 16:08:31 --> Session: Class initialized using 'CodeIgniter\Session\Handlers\FileHandler' driver.
DEBUG - 2026-04-05 16:08:53 --> Session: Class initialized using 'CodeIgniter\Session\Handlers\FileHandler' driver.
DEBUG - 2026-04-05 16:08:54 --> Session: Class initialized using 'CodeIgniter\Session\Handlers\FileHandler' driver.
DEBUG - 2026-04-05 16:10:11 --> Session: Class initialized using 'CodeIgniter\Session\Handlers\FileHandler' driver.
DEBUG - 2026-04-05 16:10:26 --> Session: Class initialized using 'CodeIgniter\Session\Handlers\FileHandler' driver.
DEBUG - 2026-04-05 16:10:28 --> Session: Class initialized using 'CodeIgniter\Session\Handlers\FileHandler' driver.
DEBUG - 2026-04-05 16:10:34 --> Session: Class initialized using 'CodeIgniter\Session\Handlers\FileHandler' driver.
DEBUG - 2026-04-05 16:10:47 --> Session: Class initialized using 'CodeIgniter\Session\Handlers\FileHandler' driver.
DEBUG - 2026-04-05 16:11:02 --> Session: Class initialized using 'CodeIgniter\Session\Handlers\FileHandler' driver.
DEBUG - 2026-04-05 16:11:38 --> Session: Class initialized using 'CodeIgniter\Session\Handlers\FileHandler' driver.
DEBUG - 2026-04-05 16:11:38 --> Session: Class initialized using 'CodeIgniter\Session\Handlers\FileHandler' driver.
DEBUG - 2026-04-05 16:11:38 --> Session: Class initialized using 'CodeIgniter\Session\Handlers\FileHandler' driver.
DEBUG - 2026-04-05 16:11:51 --> Session: Class initialized using 'CodeIgniter\Session\Handlers\FileHandler' driver.
DEBUG - 2026-04-05 16:11:52 --> Session: Class initialized using 'CodeIgniter\Session\Handlers\FileHandler' driver.
DEBUG - 2026-04-05 16:12:54 --> Session: Class initialized using 'CodeIgniter\Session\Handlers\FileHandler' driver.
DEBUG - 2026-04-05 16:15:38 --> Session: Class initialized using 'CodeIgniter\Session\Handlers\FileHandler' driver.
DEBUG - 2026-04-05 16:15:38 --> Session: Class initialized using 'CodeIgniter\Session\Handlers\FileHandler' driver.
DEBUG - 2026-04-05 16:15:39 --> Session: Class initialized using 'CodeIgniter\Session\Handlers\FileHandler' driver.
DEBUG - 2026-04-05 16:16:01 --> Session: Class initialized using 'CodeIgniter\Session\Handlers\FileHandler' driver.
DEBUG - 2026-04-05 16:16:02 --> Session: Class initialized using 'CodeIgniter\Session\Handlers\FileHandler' driver.
DEBUG - 2026-04-05 16:24:07 --> Session: Class initialized using 'CodeIgniter\Session\Handlers\FileHandler' driver.
DEBUG - 2026-04-05 16:24:07 --> Session: Class initialized using 'CodeIgniter\Session\Handlers\FileHandler' driver.
DEBUG - 2026-04-05 16:24:08 --> Session: Class initialized using 'CodeIgniter\Session\Handlers\FileHandler' driver.
DEBUG - 2026-04-05 16:24:23 --> Session: Class initialized using 'CodeIgniter\Session\Handlers\FileHandler' driver.
DEBUG - 2026-04-05 16:24:24 --> Session: Class initialized using 'CodeIgniter\Session\Handlers\FileHandler' driver.
DEBUG - 2026-04-05 16:24:29 --> Session: Class initialized using 'CodeIgniter\Session\Handlers\FileHandler' driver.
ERROR - 2026-04-05 16:24:29 --> mysqli_sql_exception: Table 'jago_nyurat.kop_surat' doesn't exist in C:\xampp\htdocs\Jago_Nyurat\vendor\codeigniter4\framework\system\Database\MySQLi\Connection.php:327
Stack trace:
#0 C:\xampp\htdocs\Jago_Nyurat\vendor\codeigniter4\framework\system\Database\MySQLi\Connection.php(327): mysqli->query('SELECT *\nFROM `...', 0)
#1 C:\xampp\htdocs\Jago_Nyurat\vendor\codeigniter4\framework\system\Database\BaseConnection.php(738): CodeIgniter\Database\MySQLi\Connection->execute('SELECT *\nFROM `...')
#2 C:\xampp\htdocs\Jago_Nyurat\vendor\codeigniter4\framework\system\Database\BaseConnection.php(652): CodeIgniter\Database\BaseConnection->simpleQuery('SELECT *\nFROM `...')
#3 C:\xampp\htdocs\Jago_Nyurat\vendor\codeigniter4\framework\system\Database\BaseBuilder.php(1649): CodeIgniter\Database\BaseConnection->query('SELECT *\nFROM `...', Array, false)
#4 C:\xampp\htdocs\Jago_Nyurat\vendor\codeigniter4\framework\system\Model.php(330): CodeIgniter\Database\BaseBuilder->get()
#5 C:\xampp\htdocs\Jago_Nyurat\vendor\codeigniter4\framework\system\BaseModel.php(713): CodeIgniter\Model->doFirst()
#6 C:\xampp\htdocs\Jago_Nyurat\app\Controllers\SekumController.php(38): CodeIgniter\BaseModel->first()
#7 C:\xampp\htdocs\Jago_Nyurat\vendor\codeigniter4\framework\system\CodeIgniter.php(933): App\Controllers\SekumController->review('5')
#8 C:\xampp\htdocs\Jago_Nyurat\vendor\codeigniter4\framework\system\CodeIgniter.php(507): CodeIgniter\CodeIgniter->runController(Object(App\Controllers\SekumController))
#9 C:\xampp\htdocs\Jago_Nyurat\vendor\codeigniter4\framework\system\CodeIgniter.php(354): CodeIgniter\CodeIgniter->handleRequest(NULL, Object(Config\Cache), false)
#10 C:\xampp\htdocs\Jago_Nyurat\vendor\codeigniter4\framework\system\Boot.php(334): CodeIgniter\CodeIgniter->run()
#11 C:\xampp\htdocs\Jago_Nyurat\vendor\codeigniter4\framework\system\Boot.php(67): CodeIgniter\Boot::runCodeIgniter(Object(CodeIgniter\CodeIgniter))
#12 C:\xampp\htdocs\Jago_Nyurat\public\index.php(56): CodeIgniter\Boot::bootWeb(Object(Config\Paths))
#13 C:\xampp\htdocs\Jago_Nyurat\vendor\codeigniter4\framework\system\rewrite.php(44): require_once('C:\\xampp\\htdocs...')
#14 {main}
CRITICAL - 2026-04-05 16:24:29 --> CodeIgniter\Database\Exceptions\DatabaseException: Table 'jago_nyurat.kop_surat' doesn't exist
[Method: GET, Route: sekum/surat/review/5]
in SYSTEMPATH\Database\BaseConnection.php on line 692.
 1 SYSTEMPATH\Database\BaseBuilder.php(1649): CodeIgniter\Database\BaseConnection->query('SELECT *
FROM `kop_surat`
WHERE `organisasi` = :organisasi:
 LIMIT 1', [...], false)
 2 SYSTEMPATH\Model.php(330): CodeIgniter\Database\BaseBuilder->get()
 3 SYSTEMPATH\BaseModel.php(713): CodeIgniter\Model->doFirst()
 4 APPPATH\Controllers\SekumController.php(38): CodeIgniter\BaseModel->first()
 5 SYSTEMPATH\CodeIgniter.php(933): App\Controllers\SekumController->review('5')
 6 SYSTEMPATH\CodeIgniter.php(507): CodeIgniter\CodeIgniter->runController(Object(App\Controllers\SekumController))
 7 SYSTEMPATH\CodeIgniter.php(354): CodeIgniter\CodeIgniter->handleRequest(null, Object(Config\Cache), false)
 8 SYSTEMPATH\Boot.php(334): CodeIgniter\CodeIgniter->run()
 9 SYSTEMPATH\Boot.php(67): CodeIgniter\Boot::runCodeIgniter(Object(CodeIgniter\CodeIgniter))
10 FCPATH\index.php(56): CodeIgniter\Boot::bootWeb(Object(Config\Paths))
11 SYSTEMPATH\rewrite.php(44): require_once('C:\\xampp\\htdocs\\Jago_Nyurat\\public\\index.php')
CRITICAL - 2026-04-05 16:24:29 --> [Caused by] CodeIgniter\Database\Exceptions\DatabaseException: Table 'jago_nyurat.kop_surat' doesn't exist
in SYSTEMPATH\Database\MySQLi\Connection.php on line 332.
 1 SYSTEMPATH\Database\BaseConnection.php(738): CodeIgniter\Database\MySQLi\Connection->execute('SELECT *
FROM `kop_surat`
WHERE `organisasi` = \'BEM\'
 LIMIT 1')
 2 SYSTEMPATH\Database\BaseConnection.php(652): CodeIgniter\Database\BaseConnection->simpleQuery('SELECT *
FROM `kop_surat`
WHERE `organisasi` = \'BEM\'
 LIMIT 1')
 3 SYSTEMPATH\Database\BaseBuilder.php(1649): CodeIgniter\Database\BaseConnection->query('SELECT *
FROM `kop_surat`
WHERE `organisasi` = :organisasi:
 LIMIT 1', [...], false)
 4 SYSTEMPATH\Model.php(330): CodeIgniter\Database\BaseBuilder->get()
 5 SYSTEMPATH\BaseModel.php(713): CodeIgniter\Model->doFirst()
 6 APPPATH\Controllers\SekumController.php(38): CodeIgniter\BaseModel->first()
 7 SYSTEMPATH\CodeIgniter.php(933): App\Controllers\SekumController->review('5')
 8 SYSTEMPATH\CodeIgniter.php(507): CodeIgniter\CodeIgniter->runController(Object(App\Controllers\SekumController))
 9 SYSTEMPATH\CodeIgniter.php(354): CodeIgniter\CodeIgniter->handleRequest(null, Object(Config\Cache), false)
10 SYSTEMPATH\Boot.php(334): CodeIgniter\CodeIgniter->run()
11 SYSTEMPATH\Boot.php(67): CodeIgniter\Boot::runCodeIgniter(Object(CodeIgniter\CodeIgniter))
12 FCPATH\index.php(56): CodeIgniter\Boot::bootWeb(Object(Config\Paths))
13 SYSTEMPATH\rewrite.php(44): require_once('C:\\xampp\\htdocs\\Jago_Nyurat\\public\\index.php')
CRITICAL - 2026-04-05 16:24:29 --> [Caused by] mysqli_sql_exception: Table 'jago_nyurat.kop_surat' doesn't exist
in SYSTEMPATH\Database\MySQLi\Connection.php on line 327.
 1 SYSTEMPATH\Database\MySQLi\Connection.php(327): mysqli->query('SELECT *
FROM `kop_surat`
WHERE `organisasi` = \'BEM\'
 LIMIT 1', 0)
 2 SYSTEMPATH\Database\BaseConnection.php(738): CodeIgniter\Database\MySQLi\Connection->execute('SELECT *
FROM `kop_surat`
WHERE `organisasi` = \'BEM\'
 LIMIT 1')
 3 SYSTEMPATH\Database\BaseConnection.php(652): CodeIgniter\Database\BaseConnection->simpleQuery('SELECT *
FROM `kop_surat`
WHERE `organisasi` = \'BEM\'
 LIMIT 1')
 4 SYSTEMPATH\Database\BaseBuilder.php(1649): CodeIgniter\Database\BaseConnection->query('SELECT *
FROM `kop_surat`
WHERE `organisasi` = :organisasi:
 LIMIT 1', [...], false)
 5 SYSTEMPATH\Model.php(330): CodeIgniter\Database\BaseBuilder->get()
 6 SYSTEMPATH\BaseModel.php(713): CodeIgniter\Model->doFirst()
 7 APPPATH\Controllers\SekumController.php(38): CodeIgniter\BaseModel->first()
 8 SYSTEMPATH\CodeIgniter.php(933): App\Controllers\SekumController->review('5')
 9 SYSTEMPATH\CodeIgniter.php(507): CodeIgniter\CodeIgniter->runController(Object(App\Controllers\SekumController))
10 SYSTEMPATH\CodeIgniter.php(354): CodeIgniter\CodeIgniter->handleRequest(null, Object(Config\Cache), false)
11 SYSTEMPATH\Boot.php(334): CodeIgniter\CodeIgniter->run()
12 SYSTEMPATH\Boot.php(67): CodeIgniter\Boot::runCodeIgniter(Object(CodeIgniter\CodeIgniter))
13 FCPATH\index.php(56): CodeIgniter\Boot::bootWeb(Object(Config\Paths))
14 SYSTEMPATH\rewrite.php(44): require_once('C:\\xampp\\htdocs\\Jago_Nyurat\\public\\index.php')
DEBUG - 2026-04-05 16:24:35 --> Session: Class initialized using 'CodeIgniter\Session\Handlers\FileHandler' driver.
ERROR - 2026-04-05 16:24:35 --> mysqli_sql_exception: Table 'jago_nyurat.identity' doesn't exist in C:\xampp\htdocs\Jago_Nyurat\vendor\codeigniter4\framework\system\Database\MySQLi\Connection.php:327
Stack trace:
#0 C:\xampp\htdocs\Jago_Nyurat\vendor\codeigniter4\framework\system\Database\MySQLi\Connection.php(327): mysqli->query('SELECT *\nFROM `...', 0)
#1 C:\xampp\htdocs\Jago_Nyurat\vendor\codeigniter4\framework\system\Database\BaseConnection.php(738): CodeIgniter\Database\MySQLi\Connection->execute('SELECT *\nFROM `...')
#2 C:\xampp\htdocs\Jago_Nyurat\vendor\codeigniter4\framework\system\Database\BaseConnection.php(652): CodeIgniter\Database\BaseConnection->simpleQuery('SELECT *\nFROM `...')
#3 C:\xampp\htdocs\Jago_Nyurat\vendor\codeigniter4\framework\system\Database\BaseBuilder.php(1649): CodeIgniter\Database\BaseConnection->query('SELECT *\nFROM `...', Array, false)
#4 C:\xampp\htdocs\Jago_Nyurat\vendor\codeigniter4\framework\system\Model.php(330): CodeIgniter\Database\BaseBuilder->get()
#5 C:\xampp\htdocs\Jago_Nyurat\vendor\codeigniter4\framework\system\BaseModel.php(713): CodeIgniter\Model->doFirst()
#6 C:\xampp\htdocs\Jago_Nyurat\app\Controllers\SekumController.php(185): CodeIgniter\BaseModel->first()
#7 C:\xampp\htdocs\Jago_Nyurat\vendor\codeigniter4\framework\system\CodeIgniter.php(933): App\Controllers\SekumController->identitas()
#8 C:\xampp\htdocs\Jago_Nyurat\vendor\codeigniter4\framework\system\CodeIgniter.php(507): CodeIgniter\CodeIgniter->runController(Object(App\Controllers\SekumController))
#9 C:\xampp\htdocs\Jago_Nyurat\vendor\codeigniter4\framework\system\CodeIgniter.php(354): CodeIgniter\CodeIgniter->handleRequest(NULL, Object(Config\Cache), false)
#10 C:\xampp\htdocs\Jago_Nyurat\vendor\codeigniter4\framework\system\Boot.php(334): CodeIgniter\CodeIgniter->run()
#11 C:\xampp\htdocs\Jago_Nyurat\vendor\codeigniter4\framework\system\Boot.php(67): CodeIgniter\Boot::runCodeIgniter(Object(CodeIgniter\CodeIgniter))
#12 C:\xampp\htdocs\Jago_Nyurat\public\index.php(56): CodeIgniter\Boot::bootWeb(Object(Config\Paths))
#13 C:\xampp\htdocs\Jago_Nyurat\vendor\codeigniter4\framework\system\rewrite.php(44): require_once('C:\\xampp\\htdocs...')
#14 {main}
CRITICAL - 2026-04-05 16:24:35 --> CodeIgniter\Database\Exceptions\DatabaseException: Table 'jago_nyurat.identity' doesn't exist
[Method: GET, Route: sekum/identitas]
in SYSTEMPATH\Database\BaseConnection.php on line 692.
 1 SYSTEMPATH\Database\BaseBuilder.php(1649): CodeIgniter\Database\BaseConnection->query('SELECT *
FROM `identity`
WHERE `jabatan` = :jabatan:
 LIMIT 1', [...], false)
 2 SYSTEMPATH\Model.php(330): CodeIgniter\Database\BaseBuilder->get()
 3 SYSTEMPATH\BaseModel.php(713): CodeIgniter\Model->doFirst()
 4 APPPATH\Controllers\SekumController.php(185): CodeIgniter\BaseModel->first()
 5 SYSTEMPATH\CodeIgniter.php(933): App\Controllers\SekumController->identitas()
 6 SYSTEMPATH\CodeIgniter.php(507): CodeIgniter\CodeIgniter->runController(Object(App\Controllers\SekumController))
 7 SYSTEMPATH\CodeIgniter.php(354): CodeIgniter\CodeIgniter->handleRequest(null, Object(Config\Cache), false)
 8 SYSTEMPATH\Boot.php(334): CodeIgniter\CodeIgniter->run()
 9 SYSTEMPATH\Boot.php(67): CodeIgniter\Boot::runCodeIgniter(Object(CodeIgniter\CodeIgniter))
10 FCPATH\index.php(56): CodeIgniter\Boot::bootWeb(Object(Config\Paths))
11 SYSTEMPATH\rewrite.php(44): require_once('C:\\xampp\\htdocs\\Jago_Nyurat\\public\\index.php')
CRITICAL - 2026-04-05 16:24:35 --> [Caused by] CodeIgniter\Database\Exceptions\DatabaseException: Table 'jago_nyurat.identity' doesn't exist
in SYSTEMPATH\Database\MySQLi\Connection.php on line 332.
 1 SYSTEMPATH\Database\BaseConnection.php(738): CodeIgniter\Database\MySQLi\Connection->execute('SELECT *
FROM `identity`
WHERE `jabatan` = \'Kementerian\'
 LIMIT 1')
 2 SYSTEMPATH\Database\BaseConnection.php(652): CodeIgniter\Database\BaseConnection->simpleQuery('SELECT *
FROM `identity`
WHERE `jabatan` = \'Kementerian\'
 LIMIT 1')
 3 SYSTEMPATH\Database\BaseBuilder.php(1649): CodeIgniter\Database\BaseConnection->query('SELECT *
FROM `identity`
WHERE `jabatan` = :jabatan:
 LIMIT 1', [...], false)
 4 SYSTEMPATH\Model.php(330): CodeIgniter\Database\BaseBuilder->get()
 5 SYSTEMPATH\BaseModel.php(713): CodeIgniter\Model->doFirst()
 6 APPPATH\Controllers\SekumController.php(185): CodeIgniter\BaseModel->first()
 7 SYSTEMPATH\CodeIgniter.php(933): App\Controllers\SekumController->identitas()
 8 SYSTEMPATH\CodeIgniter.php(507): CodeIgniter\CodeIgniter->runController(Object(App\Controllers\SekumController))
 9 SYSTEMPATH\CodeIgniter.php(354): CodeIgniter\CodeIgniter->handleRequest(null, Object(Config\Cache), false)
10 SYSTEMPATH\Boot.php(334): CodeIgniter\CodeIgniter->run()
11 SYSTEMPATH\Boot.php(67): CodeIgniter\Boot::runCodeIgniter(Object(CodeIgniter\CodeIgniter))
12 FCPATH\index.php(56): CodeIgniter\Boot::bootWeb(Object(Config\Paths))
13 SYSTEMPATH\rewrite.php(44): require_once('C:\\xampp\\htdocs\\Jago_Nyurat\\public\\index.php')
CRITICAL - 2026-04-05 16:24:35 --> [Caused by] mysqli_sql_exception: Table 'jago_nyurat.identity' doesn't exist
in SYSTEMPATH\Database\MySQLi\Connection.php on line 327.
 1 SYSTEMPATH\Database\MySQLi\Connection.php(327): mysqli->query('SELECT *
FROM `identity`
WHERE `jabatan` = \'Kementerian\'
 LIMIT 1', 0)
 2 SYSTEMPATH\Database\BaseConnection.php(738): CodeIgniter\Database\MySQLi\Connection->execute('SELECT *
FROM `identity`
WHERE `jabatan` = \'Kementerian\'
 LIMIT 1')
 3 SYSTEMPATH\Database\BaseConnection.php(652): CodeIgniter\Database\BaseConnection->simpleQuery('SELECT *
FROM `identity`
WHERE `jabatan` = \'Kementerian\'
 LIMIT 1')
 4 SYSTEMPATH\Database\BaseBuilder.php(1649): CodeIgniter\Database\BaseConnection->query('SELECT *
FROM `identity`
WHERE `jabatan` = :jabatan:
 LIMIT 1', [...], false)
 5 SYSTEMPATH\Model.php(330): CodeIgniter\Database\BaseBuilder->get()
 6 SYSTEMPATH\BaseModel.php(713): CodeIgniter\Model->doFirst()
 7 APPPATH\Controllers\SekumController.php(185): CodeIgniter\BaseModel->first()
 8 SYSTEMPATH\CodeIgniter.php(933): App\Controllers\SekumController->identitas()
 9 SYSTEMPATH\CodeIgniter.php(507): CodeIgniter\CodeIgniter->runController(Object(App\Controllers\SekumController))
10 SYSTEMPATH\CodeIgniter.php(354): CodeIgniter\CodeIgniter->handleRequest(null, Object(Config\Cache), false)
11 SYSTEMPATH\Boot.php(334): CodeIgniter\CodeIgniter->run()
12 SYSTEMPATH\Boot.php(67): CodeIgniter\Boot::runCodeIgniter(Object(CodeIgniter\CodeIgniter))
13 FCPATH\index.php(56): CodeIgniter\Boot::bootWeb(Object(Config\Paths))
14 SYSTEMPATH\rewrite.php(44): require_once('C:\\xampp\\htdocs\\Jago_Nyurat\\public\\index.php')
DEBUG - 2026-04-05 16:24:39 --> Session: Class initialized using 'CodeIgniter\Session\Handlers\FileHandler' driver.
DEBUG - 2026-04-05 16:24:44 --> Session: Class initialized using 'CodeIgniter\Session\Handlers\FileHandler' driver.
DEBUG - 2026-04-05 16:24:52 --> Session: Class initialized using 'CodeIgniter\Session\Handlers\FileHandler' driver.
DEBUG - 2026-04-05 16:24:53 --> Session: Class initialized using 'CodeIgniter\Session\Handlers\FileHandler' driver.
DEBUG - 2026-04-05 16:24:53 --> Session: Class initialized using 'CodeIgniter\Session\Handlers\FileHandler' driver.
DEBUG - 2026-04-05 16:25:02 --> Session: Class initialized using 'CodeIgniter\Session\Handlers\FileHandler' driver.
DEBUG - 2026-04-05 16:25:02 --> Session: Class initialized using 'CodeIgniter\Session\Handlers\FileHandler' driver.
DEBUG - 2026-04-05 16:25:05 --> Session: Class initialized using 'CodeIgniter\Session\Handlers\FileHandler' driver.
ERROR - 2026-04-05 16:25:05 --> mysqli_sql_exception: Table 'jago_nyurat.identity' doesn't exist in C:\xampp\htdocs\Jago_Nyurat\vendor\codeigniter4\framework\system\Database\MySQLi\Connection.php:327
Stack trace:
#0 C:\xampp\htdocs\Jago_Nyurat\vendor\codeigniter4\framework\system\Database\MySQLi\Connection.php(327): mysqli->query('SELECT *\nFROM `...', 0)
#1 C:\xampp\htdocs\Jago_Nyurat\vendor\codeigniter4\framework\system\Database\BaseConnection.php(738): CodeIgniter\Database\MySQLi\Connection->execute('SELECT *\nFROM `...')
#2 C:\xampp\htdocs\Jago_Nyurat\vendor\codeigniter4\framework\system\Database\BaseConnection.php(652): CodeIgniter\Database\BaseConnection->simpleQuery('SELECT *\nFROM `...')
#3 C:\xampp\htdocs\Jago_Nyurat\vendor\codeigniter4\framework\system\Database\BaseBuilder.php(1649): CodeIgniter\Database\BaseConnection->query('SELECT *\nFROM `...', Array, false)
#4 C:\xampp\htdocs\Jago_Nyurat\vendor\codeigniter4\framework\system\Model.php(286): CodeIgniter\Database\BaseBuilder->get()
#5 C:\xampp\htdocs\Jago_Nyurat\vendor\codeigniter4\framework\system\BaseModel.php(675): CodeIgniter\Model->doFindAll(0, 0)
#6 C:\xampp\htdocs\Jago_Nyurat\app\Controllers\SekpelController.php(39): CodeIgniter\BaseModel->findAll()
#7 C:\xampp\htdocs\Jago_Nyurat\vendor\codeigniter4\framework\system\CodeIgniter.php(933): App\Controllers\SekpelController->createSurat()
#8 C:\xampp\htdocs\Jago_Nyurat\vendor\codeigniter4\framework\system\CodeIgniter.php(507): CodeIgniter\CodeIgniter->runController(Object(App\Controllers\SekpelController))
#9 C:\xampp\htdocs\Jago_Nyurat\vendor\codeigniter4\framework\system\CodeIgniter.php(354): CodeIgniter\CodeIgniter->handleRequest(NULL, Object(Config\Cache), false)
#10 C:\xampp\htdocs\Jago_Nyurat\vendor\codeigniter4\framework\system\Boot.php(334): CodeIgniter\CodeIgniter->run()
#11 C:\xampp\htdocs\Jago_Nyurat\vendor\codeigniter4\framework\system\Boot.php(67): CodeIgniter\Boot::runCodeIgniter(Object(CodeIgniter\CodeIgniter))
#12 C:\xampp\htdocs\Jago_Nyurat\public\index.php(56): CodeIgniter\Boot::bootWeb(Object(Config\Paths))
#13 C:\xampp\htdocs\Jago_Nyurat\vendor\codeigniter4\framework\system\rewrite.php(44): require_once('C:\\xampp\\htdocs...')
#14 {main}
CRITICAL - 2026-04-05 16:25:05 --> CodeIgniter\Database\Exceptions\DatabaseException: Table 'jago_nyurat.identity' doesn't exist
[Method: GET, Route: sekpel/surat/create]
in SYSTEMPATH\Database\BaseConnection.php on line 692.
 1 SYSTEMPATH\Database\BaseBuilder.php(1649): CodeIgniter\Database\BaseConnection->query('SELECT *
FROM `identity`
WHERE `jabatan` = :jabatan:', [...], false)
 2 SYSTEMPATH\Model.php(286): CodeIgniter\Database\BaseBuilder->get()
 3 SYSTEMPATH\BaseModel.php(675): CodeIgniter\Model->doFindAll(0, 0)
 4 APPPATH\Controllers\SekpelController.php(39): CodeIgniter\BaseModel->findAll()
 5 SYSTEMPATH\CodeIgniter.php(933): App\Controllers\SekpelController->createSurat()
 6 SYSTEMPATH\CodeIgniter.php(507): CodeIgniter\CodeIgniter->runController(Object(App\Controllers\SekpelController))
 7 SYSTEMPATH\CodeIgniter.php(354): CodeIgniter\CodeIgniter->handleRequest(null, Object(Config\Cache), false)
 8 SYSTEMPATH\Boot.php(334): CodeIgniter\CodeIgniter->run()
 9 SYSTEMPATH\Boot.php(67): CodeIgniter\Boot::runCodeIgniter(Object(CodeIgniter\CodeIgniter))
10 FCPATH\index.php(56): CodeIgniter\Boot::bootWeb(Object(Config\Paths))
11 SYSTEMPATH\rewrite.php(44): require_once('C:\\xampp\\htdocs\\Jago_Nyurat\\public\\index.php')
CRITICAL - 2026-04-05 16:25:05 --> [Caused by] CodeIgniter\Database\Exceptions\DatabaseException: Table 'jago_nyurat.identity' doesn't exist
in SYSTEMPATH\Database\MySQLi\Connection.php on line 332.
 1 SYSTEMPATH\Database\BaseConnection.php(738): CodeIgniter\Database\MySQLi\Connection->execute('SELECT *
FROM `identity`
WHERE `jabatan` = \'Ketua BEM Fasilkom\'')
 2 SYSTEMPATH\Database\BaseConnection.php(652): CodeIgniter\Database\BaseConnection->simpleQuery('SELECT *
FROM `identity`
WHERE `jabatan` = \'Ketua BEM Fasilkom\'')
 3 SYSTEMPATH\Database\BaseBuilder.php(1649): CodeIgniter\Database\BaseConnection->query('SELECT *
FROM `identity`
WHERE `jabatan` = :jabatan:', [...], false)
 4 SYSTEMPATH\Model.php(286): CodeIgniter\Database\BaseBuilder->get()
 5 SYSTEMPATH\BaseModel.php(675): CodeIgniter\Model->doFindAll(0, 0)
 6 APPPATH\Controllers\SekpelController.php(39): CodeIgniter\BaseModel->findAll()
 7 SYSTEMPATH\CodeIgniter.php(933): App\Controllers\SekpelController->createSurat()
 8 SYSTEMPATH\CodeIgniter.php(507): CodeIgniter\CodeIgniter->runController(Object(App\Controllers\SekpelController))
 9 SYSTEMPATH\CodeIgniter.php(354): CodeIgniter\CodeIgniter->handleRequest(null, Object(Config\Cache), false)
10 SYSTEMPATH\Boot.php(334): CodeIgniter\CodeIgniter->run()
11 SYSTEMPATH\Boot.php(67): CodeIgniter\Boot::runCodeIgniter(Object(CodeIgniter\CodeIgniter))
12 FCPATH\index.php(56): CodeIgniter\Boot::bootWeb(Object(Config\Paths))
13 SYSTEMPATH\rewrite.php(44): require_once('C:\\xampp\\htdocs\\Jago_Nyurat\\public\\index.php')
CRITICAL - 2026-04-05 16:25:05 --> [Caused by] mysqli_sql_exception: Table 'jago_nyurat.identity' doesn't exist
in SYSTEMPATH\Database\MySQLi\Connection.php on line 327.
 1 SYSTEMPATH\Database\MySQLi\Connection.php(327): mysqli->query('SELECT *
FROM `identity`
WHERE `jabatan` = \'Ketua BEM Fasilkom\'', 0)
 2 SYSTEMPATH\Database\BaseConnection.php(738): CodeIgniter\Database\MySQLi\Connection->execute('SELECT *
FROM `identity`
WHERE `jabatan` = \'Ketua BEM Fasilkom\'')
 3 SYSTEMPATH\Database\BaseConnection.php(652): CodeIgniter\Database\BaseConnection->simpleQuery('SELECT *
FROM `identity`
WHERE `jabatan` = \'Ketua BEM Fasilkom\'')
 4 SYSTEMPATH\Database\BaseBuilder.php(1649): CodeIgniter\Database\BaseConnection->query('SELECT *
FROM `identity`
WHERE `jabatan` = :jabatan:', [...], false)
 5 SYSTEMPATH\Model.php(286): CodeIgniter\Database\BaseBuilder->get()
 6 SYSTEMPATH\BaseModel.php(675): CodeIgniter\Model->doFindAll(0, 0)
 7 APPPATH\Controllers\SekpelController.php(39): CodeIgniter\BaseModel->findAll()
 8 SYSTEMPATH\CodeIgniter.php(933): App\Controllers\SekpelController->createSurat()
 9 SYSTEMPATH\CodeIgniter.php(507): CodeIgniter\CodeIgniter->runController(Object(App\Controllers\SekpelController))
10 SYSTEMPATH\CodeIgniter.php(354): CodeIgniter\CodeIgniter->handleRequest(null, Object(Config\Cache), false)
11 SYSTEMPATH\Boot.php(334): CodeIgniter\CodeIgniter->run()
12 SYSTEMPATH\Boot.php(67): CodeIgniter\Boot::runCodeIgniter(Object(CodeIgniter\CodeIgniter))
13 FCPATH\index.php(56): CodeIgniter\Boot::bootWeb(Object(Config\Paths))
14 SYSTEMPATH\rewrite.php(44): require_once('C:\\xampp\\htdocs\\Jago_Nyurat\\public\\index.php')
DEBUG - 2026-04-05 16:25:11 --> Session: Class initialized using 'CodeIgniter\Session\Handlers\FileHandler' driver.
DEBUG - 2026-04-05 16:25:15 --> Session: Class initialized using 'CodeIgniter\Session\Handlers\FileHandler' driver.
ERROR - 2026-04-05 16:25:15 --> mysqli_sql_exception: Table 'jago_nyurat.identity' doesn't exist in C:\xampp\htdocs\Jago_Nyurat\vendor\codeigniter4\framework\system\Database\MySQLi\Connection.php:327
Stack trace:
#0 C:\xampp\htdocs\Jago_Nyurat\vendor\codeigniter4\framework\system\Database\MySQLi\Connection.php(327): mysqli->query('SELECT *\nFROM `...', 0)
#1 C:\xampp\htdocs\Jago_Nyurat\vendor\codeigniter4\framework\system\Database\BaseConnection.php(738): CodeIgniter\Database\MySQLi\Connection->execute('SELECT *\nFROM `...')
#2 C:\xampp\htdocs\Jago_Nyurat\vendor\codeigniter4\framework\system\Database\BaseConnection.php(652): CodeIgniter\Database\BaseConnection->simpleQuery('SELECT *\nFROM `...')
#3 C:\xampp\htdocs\Jago_Nyurat\vendor\codeigniter4\framework\system\Database\BaseBuilder.php(1649): CodeIgniter\Database\BaseConnection->query('SELECT *\nFROM `...', Array, false)
#4 C:\xampp\htdocs\Jago_Nyurat\vendor\codeigniter4\framework\system\Model.php(286): CodeIgniter\Database\BaseBuilder->get()
#5 C:\xampp\htdocs\Jago_Nyurat\vendor\codeigniter4\framework\system\BaseModel.php(675): CodeIgniter\Model->doFindAll(0, 0)
#6 C:\xampp\htdocs\Jago_Nyurat\app\Controllers\SekpelController.php(39): CodeIgniter\BaseModel->findAll()
#7 C:\xampp\htdocs\Jago_Nyurat\vendor\codeigniter4\framework\system\CodeIgniter.php(933): App\Controllers\SekpelController->createSurat()
#8 C:\xampp\htdocs\Jago_Nyurat\vendor\codeigniter4\framework\system\CodeIgniter.php(507): CodeIgniter\CodeIgniter->runController(Object(App\Controllers\SekpelController))
#9 C:\xampp\htdocs\Jago_Nyurat\vendor\codeigniter4\framework\system\CodeIgniter.php(354): CodeIgniter\CodeIgniter->handleRequest(NULL, Object(Config\Cache), false)
#10 C:\xampp\htdocs\Jago_Nyurat\vendor\codeigniter4\framework\system\Boot.php(334): CodeIgniter\CodeIgniter->run()
#11 C:\xampp\htdocs\Jago_Nyurat\vendor\codeigniter4\framework\system\Boot.php(67): CodeIgniter\Boot::runCodeIgniter(Object(CodeIgniter\CodeIgniter))
#12 C:\xampp\htdocs\Jago_Nyurat\public\index.php(56): CodeIgniter\Boot::bootWeb(Object(Config\Paths))
#13 C:\xampp\htdocs\Jago_Nyurat\vendor\codeigniter4\framework\system\rewrite.php(44): require_once('C:\\xampp\\htdocs...')
#14 {main}
CRITICAL - 2026-04-05 16:25:15 --> CodeIgniter\Database\Exceptions\DatabaseException: Table 'jago_nyurat.identity' doesn't exist
[Method: GET, Route: sekpel/surat/create]
in SYSTEMPATH\Database\BaseConnection.php on line 692.
 1 SYSTEMPATH\Database\BaseBuilder.php(1649): CodeIgniter\Database\BaseConnection->query('SELECT *
FROM `identity`
WHERE `jabatan` = :jabatan:', [...], false)
 2 SYSTEMPATH\Model.php(286): CodeIgniter\Database\BaseBuilder->get()
 3 SYSTEMPATH\BaseModel.php(675): CodeIgniter\Model->doFindAll(0, 0)
 4 APPPATH\Controllers\SekpelController.php(39): CodeIgniter\BaseModel->findAll()
 5 SYSTEMPATH\CodeIgniter.php(933): App\Controllers\SekpelController->createSurat()
 6 SYSTEMPATH\CodeIgniter.php(507): CodeIgniter\CodeIgniter->runController(Object(App\Controllers\SekpelController))
 7 SYSTEMPATH\CodeIgniter.php(354): CodeIgniter\CodeIgniter->handleRequest(null, Object(Config\Cache), false)
 8 SYSTEMPATH\Boot.php(334): CodeIgniter\CodeIgniter->run()
 9 SYSTEMPATH\Boot.php(67): CodeIgniter\Boot::runCodeIgniter(Object(CodeIgniter\CodeIgniter))
10 FCPATH\index.php(56): CodeIgniter\Boot::bootWeb(Object(Config\Paths))
11 SYSTEMPATH\rewrite.php(44): require_once('C:\\xampp\\htdocs\\Jago_Nyurat\\public\\index.php')
CRITICAL - 2026-04-05 16:25:15 --> [Caused by] CodeIgniter\Database\Exceptions\DatabaseException: Table 'jago_nyurat.identity' doesn't exist
in SYSTEMPATH\Database\MySQLi\Connection.php on line 332.
 1 SYSTEMPATH\Database\BaseConnection.php(738): CodeIgniter\Database\MySQLi\Connection->execute('SELECT *
FROM `identity`
WHERE `jabatan` = \'Ketua BEM Fasilkom\'')
 2 SYSTEMPATH\Database\BaseConnection.php(652): CodeIgniter\Database\BaseConnection->simpleQuery('SELECT *
FROM `identity`
WHERE `jabatan` = \'Ketua BEM Fasilkom\'')
 3 SYSTEMPATH\Database\BaseBuilder.php(1649): CodeIgniter\Database\BaseConnection->query('SELECT *
FROM `identity`
WHERE `jabatan` = :jabatan:', [...], false)
 4 SYSTEMPATH\Model.php(286): CodeIgniter\Database\BaseBuilder->get()
 5 SYSTEMPATH\BaseModel.php(675): CodeIgniter\Model->doFindAll(0, 0)
 6 APPPATH\Controllers\SekpelController.php(39): CodeIgniter\BaseModel->findAll()
 7 SYSTEMPATH\CodeIgniter.php(933): App\Controllers\SekpelController->createSurat()
 8 SYSTEMPATH\CodeIgniter.php(507): CodeIgniter\CodeIgniter->runController(Object(App\Controllers\SekpelController))
 9 SYSTEMPATH\CodeIgniter.php(354): CodeIgniter\CodeIgniter->handleRequest(null, Object(Config\Cache), false)
10 SYSTEMPATH\Boot.php(334): CodeIgniter\CodeIgniter->run()
11 SYSTEMPATH\Boot.php(67): CodeIgniter\Boot::runCodeIgniter(Object(CodeIgniter\CodeIgniter))
12 FCPATH\index.php(56): CodeIgniter\Boot::bootWeb(Object(Config\Paths))
13 SYSTEMPATH\rewrite.php(44): require_once('C:\\xampp\\htdocs\\Jago_Nyurat\\public\\index.php')
CRITICAL - 2026-04-05 16:25:15 --> [Caused by] mysqli_sql_exception: Table 'jago_nyurat.identity' doesn't exist
in SYSTEMPATH\Database\MySQLi\Connection.php on line 327.
 1 SYSTEMPATH\Database\MySQLi\Connection.php(327): mysqli->query('SELECT *
FROM `identity`
WHERE `jabatan` = \'Ketua BEM Fasilkom\'', 0)
 2 SYSTEMPATH\Database\BaseConnection.php(738): CodeIgniter\Database\MySQLi\Connection->execute('SELECT *
FROM `identity`
WHERE `jabatan` = \'Ketua BEM Fasilkom\'')
 3 SYSTEMPATH\Database\BaseConnection.php(652): CodeIgniter\Database\BaseConnection->simpleQuery('SELECT *
FROM `identity`
WHERE `jabatan` = \'Ketua BEM Fasilkom\'')
 4 SYSTEMPATH\Database\BaseBuilder.php(1649): CodeIgniter\Database\BaseConnection->query('SELECT *
FROM `identity`
WHERE `jabatan` = :jabatan:', [...], false)
 5 SYSTEMPATH\Model.php(286): CodeIgniter\Database\BaseBuilder->get()
 6 SYSTEMPATH\BaseModel.php(675): CodeIgniter\Model->doFindAll(0, 0)
 7 APPPATH\Controllers\SekpelController.php(39): CodeIgniter\BaseModel->findAll()
 8 SYSTEMPATH\CodeIgniter.php(933): App\Controllers\SekpelController->createSurat()
 9 SYSTEMPATH\CodeIgniter.php(507): CodeIgniter\CodeIgniter->runController(Object(App\Controllers\SekpelController))
10 SYSTEMPATH\CodeIgniter.php(354): CodeIgniter\CodeIgniter->handleRequest(null, Object(Config\Cache), false)
11 SYSTEMPATH\Boot.php(334): CodeIgniter\CodeIgniter->run()
12 SYSTEMPATH\Boot.php(67): CodeIgniter\Boot::runCodeIgniter(Object(CodeIgniter\CodeIgniter))
13 FCPATH\index.php(56): CodeIgniter\Boot::bootWeb(Object(Config\Paths))
14 SYSTEMPATH\rewrite.php(44): require_once('C:\\xampp\\htdocs\\Jago_Nyurat\\public\\index.php')
DEBUG - 2026-04-05 16:25:22 --> Session: Class initialized using 'CodeIgniter\Session\Handlers\FileHandler' driver.
DEBUG - 2026-04-05 16:25:25 --> Session: Class initialized using 'CodeIgniter\Session\Handlers\FileHandler' driver.
ERROR - 2026-04-05 16:25:25 --> mysqli_sql_exception: Table 'jago_nyurat.identity' doesn't exist in C:\xampp\htdocs\Jago_Nyurat\vendor\codeigniter4\framework\system\Database\MySQLi\Connection.php:327
Stack trace:
#0 C:\xampp\htdocs\Jago_Nyurat\vendor\codeigniter4\framework\system\Database\MySQLi\Connection.php(327): mysqli->query('SELECT *\nFROM `...', 0)
#1 C:\xampp\htdocs\Jago_Nyurat\vendor\codeigniter4\framework\system\Database\BaseConnection.php(738): CodeIgniter\Database\MySQLi\Connection->execute('SELECT *\nFROM `...')
#2 C:\xampp\htdocs\Jago_Nyurat\vendor\codeigniter4\framework\system\Database\BaseConnection.php(652): CodeIgniter\Database\BaseConnection->simpleQuery('SELECT *\nFROM `...')
#3 C:\xampp\htdocs\Jago_Nyurat\vendor\codeigniter4\framework\system\Database\BaseBuilder.php(1649): CodeIgniter\Database\BaseConnection->query('SELECT *\nFROM `...', Array, false)
#4 C:\xampp\htdocs\Jago_Nyurat\vendor\codeigniter4\framework\system\Model.php(286): CodeIgniter\Database\BaseBuilder->get()
#5 C:\xampp\htdocs\Jago_Nyurat\vendor\codeigniter4\framework\system\BaseModel.php(675): CodeIgniter\Model->doFindAll(0, 0)
#6 C:\xampp\htdocs\Jago_Nyurat\app\Controllers\SekpelController.php(39): CodeIgniter\BaseModel->findAll()
#7 C:\xampp\htdocs\Jago_Nyurat\vendor\codeigniter4\framework\system\CodeIgniter.php(933): App\Controllers\SekpelController->createSurat()
#8 C:\xampp\htdocs\Jago_Nyurat\vendor\codeigniter4\framework\system\CodeIgniter.php(507): CodeIgniter\CodeIgniter->runController(Object(App\Controllers\SekpelController))
#9 C:\xampp\htdocs\Jago_Nyurat\vendor\codeigniter4\framework\system\CodeIgniter.php(354): CodeIgniter\CodeIgniter->handleRequest(NULL, Object(Config\Cache), false)
#10 C:\xampp\htdocs\Jago_Nyurat\vendor\codeigniter4\framework\system\Boot.php(334): CodeIgniter\CodeIgniter->run()
#11 C:\xampp\htdocs\Jago_Nyurat\vendor\codeigniter4\framework\system\Boot.php(67): CodeIgniter\Boot::runCodeIgniter(Object(CodeIgniter\CodeIgniter))
#12 C:\xampp\htdocs\Jago_Nyurat\public\index.php(56): CodeIgniter\Boot::bootWeb(Object(Config\Paths))
#13 C:\xampp\htdocs\Jago_Nyurat\vendor\codeigniter4\framework\system\rewrite.php(44): require_once('C:\\xampp\\htdocs...')
#14 {main}
CRITICAL - 2026-04-05 16:25:25 --> CodeIgniter\Database\Exceptions\DatabaseException: Table 'jago_nyurat.identity' doesn't exist
[Method: GET, Route: sekpel/surat/create]
in SYSTEMPATH\Database\BaseConnection.php on line 692.
 1 SYSTEMPATH\Database\BaseBuilder.php(1649): CodeIgniter\Database\BaseConnection->query('SELECT *
FROM `identity`
WHERE `jabatan` = :jabatan:', [...], false)
 2 SYSTEMPATH\Model.php(286): CodeIgniter\Database\BaseBuilder->get()
 3 SYSTEMPATH\BaseModel.php(675): CodeIgniter\Model->doFindAll(0, 0)
 4 APPPATH\Controllers\SekpelController.php(39): CodeIgniter\BaseModel->findAll()
 5 SYSTEMPATH\CodeIgniter.php(933): App\Controllers\SekpelController->createSurat()
 6 SYSTEMPATH\CodeIgniter.php(507): CodeIgniter\CodeIgniter->runController(Object(App\Controllers\SekpelController))
 7 SYSTEMPATH\CodeIgniter.php(354): CodeIgniter\CodeIgniter->handleRequest(null, Object(Config\Cache), false)
 8 SYSTEMPATH\Boot.php(334): CodeIgniter\CodeIgniter->run()
 9 SYSTEMPATH\Boot.php(67): CodeIgniter\Boot::runCodeIgniter(Object(CodeIgniter\CodeIgniter))
10 FCPATH\index.php(56): CodeIgniter\Boot::bootWeb(Object(Config\Paths))
11 SYSTEMPATH\rewrite.php(44): require_once('C:\\xampp\\htdocs\\Jago_Nyurat\\public\\index.php')
CRITICAL - 2026-04-05 16:25:25 --> [Caused by] CodeIgniter\Database\Exceptions\DatabaseException: Table 'jago_nyurat.identity' doesn't exist
in SYSTEMPATH\Database\MySQLi\Connection.php on line 332.
 1 SYSTEMPATH\Database\BaseConnection.php(738): CodeIgniter\Database\MySQLi\Connection->execute('SELECT *
FROM `identity`
WHERE `jabatan` = \'Ketua BEM Fasilkom\'')
 2 SYSTEMPATH\Database\BaseConnection.php(652): CodeIgniter\Database\BaseConnection->simpleQuery('SELECT *
FROM `identity`
WHERE `jabatan` = \'Ketua BEM Fasilkom\'')
 3 SYSTEMPATH\Database\BaseBuilder.php(1649): CodeIgniter\Database\BaseConnection->query('SELECT *
FROM `identity`
WHERE `jabatan` = :jabatan:', [...], false)
 4 SYSTEMPATH\Model.php(286): CodeIgniter\Database\BaseBuilder->get()
 5 SYSTEMPATH\BaseModel.php(675): CodeIgniter\Model->doFindAll(0, 0)
 6 APPPATH\Controllers\SekpelController.php(39): CodeIgniter\BaseModel->findAll()
 7 SYSTEMPATH\CodeIgniter.php(933): App\Controllers\SekpelController->createSurat()
 8 SYSTEMPATH\CodeIgniter.php(507): CodeIgniter\CodeIgniter->runController(Object(App\Controllers\SekpelController))
 9 SYSTEMPATH\CodeIgniter.php(354): CodeIgniter\CodeIgniter->handleRequest(null, Object(Config\Cache), false)
10 SYSTEMPATH\Boot.php(334): CodeIgniter\CodeIgniter->run()
11 SYSTEMPATH\Boot.php(67): CodeIgniter\Boot::runCodeIgniter(Object(CodeIgniter\CodeIgniter))
12 FCPATH\index.php(56): CodeIgniter\Boot::bootWeb(Object(Config\Paths))
13 SYSTEMPATH\rewrite.php(44): require_once('C:\\xampp\\htdocs\\Jago_Nyurat\\public\\index.php')
CRITICAL - 2026-04-05 16:25:25 --> [Caused by] mysqli_sql_exception: Table 'jago_nyurat.identity' doesn't exist
in SYSTEMPATH\Database\MySQLi\Connection.php on line 327.
 1 SYSTEMPATH\Database\MySQLi\Connection.php(327): mysqli->query('SELECT *
FROM `identity`
WHERE `jabatan` = \'Ketua BEM Fasilkom\'', 0)
 2 SYSTEMPATH\Database\BaseConnection.php(738): CodeIgniter\Database\MySQLi\Connection->execute('SELECT *
FROM `identity`
WHERE `jabatan` = \'Ketua BEM Fasilkom\'')
 3 SYSTEMPATH\Database\BaseConnection.php(652): CodeIgniter\Database\BaseConnection->simpleQuery('SELECT *
FROM `identity`
WHERE `jabatan` = \'Ketua BEM Fasilkom\'')
 4 SYSTEMPATH\Database\BaseBuilder.php(1649): CodeIgniter\Database\BaseConnection->query('SELECT *
FROM `identity`
WHERE `jabatan` = :jabatan:', [...], false)
 5 SYSTEMPATH\Model.php(286): CodeIgniter\Database\BaseBuilder->get()
 6 SYSTEMPATH\BaseModel.php(675): CodeIgniter\Model->doFindAll(0, 0)
 7 APPPATH\Controllers\SekpelController.php(39): CodeIgniter\BaseModel->findAll()
 8 SYSTEMPATH\CodeIgniter.php(933): App\Controllers\SekpelController->createSurat()
 9 SYSTEMPATH\CodeIgniter.php(507): CodeIgniter\CodeIgniter->runController(Object(App\Controllers\SekpelController))
10 SYSTEMPATH\CodeIgniter.php(354): CodeIgniter\CodeIgniter->handleRequest(null, Object(Config\Cache), false)
11 SYSTEMPATH\Boot.php(334): CodeIgniter\CodeIgniter->run()
12 SYSTEMPATH\Boot.php(67): CodeIgniter\Boot::runCodeIgniter(Object(CodeIgniter\CodeIgniter))
13 FCPATH\index.php(56): CodeIgniter\Boot::bootWeb(Object(Config\Paths))
14 SYSTEMPATH\rewrite.php(44): require_once('C:\\xampp\\htdocs\\Jago_Nyurat\\public\\index.php')
DEBUG - 2026-04-05 16:25:31 --> Session: Class initialized using 'CodeIgniter\Session\Handlers\FileHandler' driver.
DEBUG - 2026-04-05 16:25:31 --> Session: Class initialized using 'CodeIgniter\Session\Handlers\FileHandler' driver.
DEBUG - 2026-04-05 16:25:34 --> Session: Class initialized using 'CodeIgniter\Session\Handlers\FileHandler' driver.
DEBUG - 2026-04-05 16:25:34 --> Session: Class initialized using 'CodeIgniter\Session\Handlers\FileHandler' driver.
DEBUG - 2026-04-05 16:25:35 --> Session: Class initialized using 'CodeIgniter\Session\Handlers\FileHandler' driver.
DEBUG - 2026-04-05 16:25:57 --> Session: Class initialized using 'CodeIgniter\Session\Handlers\FileHandler' driver.
DEBUG - 2026-04-05 16:25:57 --> Session: Class initialized using 'CodeIgniter\Session\Handlers\FileHandler' driver.
DEBUG - 2026-04-05 16:26:02 --> Session: Class initialized using 'CodeIgniter\Session\Handlers\FileHandler' driver.
ERROR - 2026-04-05 16:26:02 --> mysqli_sql_exception: Table 'jago_nyurat.identity' doesn't exist in C:\xampp\htdocs\Jago_Nyurat\vendor\codeigniter4\framework\system\Database\MySQLi\Connection.php:327
Stack trace:
#0 C:\xampp\htdocs\Jago_Nyurat\vendor\codeigniter4\framework\system\Database\MySQLi\Connection.php(327): mysqli->query('SELECT *\nFROM `...', 0)
#1 C:\xampp\htdocs\Jago_Nyurat\vendor\codeigniter4\framework\system\Database\BaseConnection.php(738): CodeIgniter\Database\MySQLi\Connection->execute('SELECT *\nFROM `...')
#2 C:\xampp\htdocs\Jago_Nyurat\vendor\codeigniter4\framework\system\Database\BaseConnection.php(652): CodeIgniter\Database\BaseConnection->simpleQuery('SELECT *\nFROM `...')
#3 C:\xampp\htdocs\Jago_Nyurat\vendor\codeigniter4\framework\system\Database\BaseBuilder.php(1649): CodeIgniter\Database\BaseConnection->query('SELECT *\nFROM `...', Array, false)
#4 C:\xampp\htdocs\Jago_Nyurat\vendor\codeigniter4\framework\system\Model.php(330): CodeIgniter\Database\BaseBuilder->get()
#5 C:\xampp\htdocs\Jago_Nyurat\vendor\codeigniter4\framework\system\BaseModel.php(713): CodeIgniter\Model->doFirst()
#6 C:\xampp\htdocs\Jago_Nyurat\app\Controllers\SekumController.php(185): CodeIgniter\BaseModel->first()
#7 C:\xampp\htdocs\Jago_Nyurat\vendor\codeigniter4\framework\system\CodeIgniter.php(933): App\Controllers\SekumController->identitas()
#8 C:\xampp\htdocs\Jago_Nyurat\vendor\codeigniter4\framework\system\CodeIgniter.php(507): CodeIgniter\CodeIgniter->runController(Object(App\Controllers\SekumController))
#9 C:\xampp\htdocs\Jago_Nyurat\vendor\codeigniter4\framework\system\CodeIgniter.php(354): CodeIgniter\CodeIgniter->handleRequest(NULL, Object(Config\Cache), false)
#10 C:\xampp\htdocs\Jago_Nyurat\vendor\codeigniter4\framework\system\Boot.php(334): CodeIgniter\CodeIgniter->run()
#11 C:\xampp\htdocs\Jago_Nyurat\vendor\codeigniter4\framework\system\Boot.php(67): CodeIgniter\Boot::runCodeIgniter(Object(CodeIgniter\CodeIgniter))
#12 C:\xampp\htdocs\Jago_Nyurat\public\index.php(56): CodeIgniter\Boot::bootWeb(Object(Config\Paths))
#13 C:\xampp\htdocs\Jago_Nyurat\vendor\codeigniter4\framework\system\rewrite.php(44): require_once('C:\\xampp\\htdocs...')
#14 {main}
CRITICAL - 2026-04-05 16:26:02 --> CodeIgniter\Database\Exceptions\DatabaseException: Table 'jago_nyurat.identity' doesn't exist
[Method: GET, Route: sekum/identitas]
in SYSTEMPATH\Database\BaseConnection.php on line 692.
 1 SYSTEMPATH\Database\BaseBuilder.php(1649): CodeIgniter\Database\BaseConnection->query('SELECT *
FROM `identity`
WHERE `jabatan` = :jabatan:
 LIMIT 1', [...], false)
 2 SYSTEMPATH\Model.php(330): CodeIgniter\Database\BaseBuilder->get()
 3 SYSTEMPATH\BaseModel.php(713): CodeIgniter\Model->doFirst()
 4 APPPATH\Controllers\SekumController.php(185): CodeIgniter\BaseModel->first()
 5 SYSTEMPATH\CodeIgniter.php(933): App\Controllers\SekumController->identitas()
 6 SYSTEMPATH\CodeIgniter.php(507): CodeIgniter\CodeIgniter->runController(Object(App\Controllers\SekumController))
 7 SYSTEMPATH\CodeIgniter.php(354): CodeIgniter\CodeIgniter->handleRequest(null, Object(Config\Cache), false)
 8 SYSTEMPATH\Boot.php(334): CodeIgniter\CodeIgniter->run()
 9 SYSTEMPATH\Boot.php(67): CodeIgniter\Boot::runCodeIgniter(Object(CodeIgniter\CodeIgniter))
10 FCPATH\index.php(56): CodeIgniter\Boot::bootWeb(Object(Config\Paths))
11 SYSTEMPATH\rewrite.php(44): require_once('C:\\xampp\\htdocs\\Jago_Nyurat\\public\\index.php')
CRITICAL - 2026-04-05 16:26:02 --> [Caused by] CodeIgniter\Database\Exceptions\DatabaseException: Table 'jago_nyurat.identity' doesn't exist
in SYSTEMPATH\Database\MySQLi\Connection.php on line 332.
 1 SYSTEMPATH\Database\BaseConnection.php(738): CodeIgniter\Database\MySQLi\Connection->execute('SELECT *
FROM `identity`
WHERE `jabatan` = \'Kementerian\'
 LIMIT 1')
 2 SYSTEMPATH\Database\BaseConnection.php(652): CodeIgniter\Database\BaseConnection->simpleQuery('SELECT *
FROM `identity`
WHERE `jabatan` = \'Kementerian\'
 LIMIT 1')
 3 SYSTEMPATH\Database\BaseBuilder.php(1649): CodeIgniter\Database\BaseConnection->query('SELECT *
FROM `identity`
WHERE `jabatan` = :jabatan:
 LIMIT 1', [...], false)
 4 SYSTEMPATH\Model.php(330): CodeIgniter\Database\BaseBuilder->get()
 5 SYSTEMPATH\BaseModel.php(713): CodeIgniter\Model->doFirst()
 6 APPPATH\Controllers\SekumController.php(185): CodeIgniter\BaseModel->first()
 7 SYSTEMPATH\CodeIgniter.php(933): App\Controllers\SekumController->identitas()
 8 SYSTEMPATH\CodeIgniter.php(507): CodeIgniter\CodeIgniter->runController(Object(App\Controllers\SekumController))
 9 SYSTEMPATH\CodeIgniter.php(354): CodeIgniter\CodeIgniter->handleRequest(null, Object(Config\Cache), false)
10 SYSTEMPATH\Boot.php(334): CodeIgniter\CodeIgniter->run()
11 SYSTEMPATH\Boot.php(67): CodeIgniter\Boot::runCodeIgniter(Object(CodeIgniter\CodeIgniter))
12 FCPATH\index.php(56): CodeIgniter\Boot::bootWeb(Object(Config\Paths))
13 SYSTEMPATH\rewrite.php(44): require_once('C:\\xampp\\htdocs\\Jago_Nyurat\\public\\index.php')
CRITICAL - 2026-04-05 16:26:02 --> [Caused by] mysqli_sql_exception: Table 'jago_nyurat.identity' doesn't exist
in SYSTEMPATH\Database\MySQLi\Connection.php on line 327.
 1 SYSTEMPATH\Database\MySQLi\Connection.php(327): mysqli->query('SELECT *
FROM `identity`
WHERE `jabatan` = \'Kementerian\'
 LIMIT 1', 0)
 2 SYSTEMPATH\Database\BaseConnection.php(738): CodeIgniter\Database\MySQLi\Connection->execute('SELECT *
FROM `identity`
WHERE `jabatan` = \'Kementerian\'
 LIMIT 1')
 3 SYSTEMPATH\Database\BaseConnection.php(652): CodeIgniter\Database\BaseConnection->simpleQuery('SELECT *
FROM `identity`
WHERE `jabatan` = \'Kementerian\'
 LIMIT 1')
 4 SYSTEMPATH\Database\BaseBuilder.php(1649): CodeIgniter\Database\BaseConnection->query('SELECT *
FROM `identity`
WHERE `jabatan` = :jabatan:
 LIMIT 1', [...], false)
 5 SYSTEMPATH\Model.php(330): CodeIgniter\Database\BaseBuilder->get()
 6 SYSTEMPATH\BaseModel.php(713): CodeIgniter\Model->doFirst()
 7 APPPATH\Controllers\SekumController.php(185): CodeIgniter\BaseModel->first()
 8 SYSTEMPATH\CodeIgniter.php(933): App\Controllers\SekumController->identitas()
 9 SYSTEMPATH\CodeIgniter.php(507): CodeIgniter\CodeIgniter->runController(Object(App\Controllers\SekumController))
10 SYSTEMPATH\CodeIgniter.php(354): CodeIgniter\CodeIgniter->handleRequest(null, Object(Config\Cache), false)
11 SYSTEMPATH\Boot.php(334): CodeIgniter\CodeIgniter->run()
12 SYSTEMPATH\Boot.php(67): CodeIgniter\Boot::runCodeIgniter(Object(CodeIgniter\CodeIgniter))
13 FCPATH\index.php(56): CodeIgniter\Boot::bootWeb(Object(Config\Paths))
14 SYSTEMPATH\rewrite.php(44): require_once('C:\\xampp\\htdocs\\Jago_Nyurat\\public\\index.php')
DEBUG - 2026-04-05 16:26:14 --> Session: Class initialized using 'CodeIgniter\Session\Handlers\FileHandler' driver.
ERROR - 2026-04-05 16:26:14 --> mysqli_sql_exception: Table 'jago_nyurat.kop_surat' doesn't exist in C:\xampp\htdocs\Jago_Nyurat\vendor\codeigniter4\framework\system\Database\MySQLi\Connection.php:327
Stack trace:
#0 C:\xampp\htdocs\Jago_Nyurat\vendor\codeigniter4\framework\system\Database\MySQLi\Connection.php(327): mysqli->query('SELECT *\nFROM `...', 0)
#1 C:\xampp\htdocs\Jago_Nyurat\vendor\codeigniter4\framework\system\Database\BaseConnection.php(738): CodeIgniter\Database\MySQLi\Connection->execute('SELECT *\nFROM `...')
#2 C:\xampp\htdocs\Jago_Nyurat\vendor\codeigniter4\framework\system\Database\BaseConnection.php(652): CodeIgniter\Database\BaseConnection->simpleQuery('SELECT *\nFROM `...')
#3 C:\xampp\htdocs\Jago_Nyurat\vendor\codeigniter4\framework\system\Database\BaseBuilder.php(1649): CodeIgniter\Database\BaseConnection->query('SELECT *\nFROM `...', Array, false)
#4 C:\xampp\htdocs\Jago_Nyurat\vendor\codeigniter4\framework\system\Model.php(330): CodeIgniter\Database\BaseBuilder->get()
#5 C:\xampp\htdocs\Jago_Nyurat\vendor\codeigniter4\framework\system\BaseModel.php(713): CodeIgniter\Model->doFirst()
#6 C:\xampp\htdocs\Jago_Nyurat\app\Controllers\SekumController.php(38): CodeIgniter\BaseModel->first()
#7 C:\xampp\htdocs\Jago_Nyurat\vendor\codeigniter4\framework\system\CodeIgniter.php(933): App\Controllers\SekumController->review('5')
#8 C:\xampp\htdocs\Jago_Nyurat\vendor\codeigniter4\framework\system\CodeIgniter.php(507): CodeIgniter\CodeIgniter->runController(Object(App\Controllers\SekumController))
#9 C:\xampp\htdocs\Jago_Nyurat\vendor\codeigniter4\framework\system\CodeIgniter.php(354): CodeIgniter\CodeIgniter->handleRequest(NULL, Object(Config\Cache), false)
#10 C:\xampp\htdocs\Jago_Nyurat\vendor\codeigniter4\framework\system\Boot.php(334): CodeIgniter\CodeIgniter->run()
#11 C:\xampp\htdocs\Jago_Nyurat\vendor\codeigniter4\framework\system\Boot.php(67): CodeIgniter\Boot::runCodeIgniter(Object(CodeIgniter\CodeIgniter))
#12 C:\xampp\htdocs\Jago_Nyurat\public\index.php(56): CodeIgniter\Boot::bootWeb(Object(Config\Paths))
#13 C:\xampp\htdocs\Jago_Nyurat\vendor\codeigniter4\framework\system\rewrite.php(44): require_once('C:\\xampp\\htdocs...')
#14 {main}
CRITICAL - 2026-04-05 16:26:14 --> CodeIgniter\Database\Exceptions\DatabaseException: Table 'jago_nyurat.kop_surat' doesn't exist
[Method: GET, Route: sekum/surat/review/5]
in SYSTEMPATH\Database\BaseConnection.php on line 692.
 1 SYSTEMPATH\Database\BaseBuilder.php(1649): CodeIgniter\Database\BaseConnection->query('SELECT *
FROM `kop_surat`
WHERE `organisasi` = :organisasi:
 LIMIT 1', [...], false)
 2 SYSTEMPATH\Model.php(330): CodeIgniter\Database\BaseBuilder->get()
 3 SYSTEMPATH\BaseModel.php(713): CodeIgniter\Model->doFirst()
 4 APPPATH\Controllers\SekumController.php(38): CodeIgniter\BaseModel->first()
 5 SYSTEMPATH\CodeIgniter.php(933): App\Controllers\SekumController->review('5')
 6 SYSTEMPATH\CodeIgniter.php(507): CodeIgniter\CodeIgniter->runController(Object(App\Controllers\SekumController))
 7 SYSTEMPATH\CodeIgniter.php(354): CodeIgniter\CodeIgniter->handleRequest(null, Object(Config\Cache), false)
 8 SYSTEMPATH\Boot.php(334): CodeIgniter\CodeIgniter->run()
 9 SYSTEMPATH\Boot.php(67): CodeIgniter\Boot::runCodeIgniter(Object(CodeIgniter\CodeIgniter))
10 FCPATH\index.php(56): CodeIgniter\Boot::bootWeb(Object(Config\Paths))
11 SYSTEMPATH\rewrite.php(44): require_once('C:\\xampp\\htdocs\\Jago_Nyurat\\public\\index.php')
CRITICAL - 2026-04-05 16:26:14 --> [Caused by] CodeIgniter\Database\Exceptions\DatabaseException: Table 'jago_nyurat.kop_surat' doesn't exist
in SYSTEMPATH\Database\MySQLi\Connection.php on line 332.
 1 SYSTEMPATH\Database\BaseConnection.php(738): CodeIgniter\Database\MySQLi\Connection->execute('SELECT *
FROM `kop_surat`
WHERE `organisasi` = \'BEM\'
 LIMIT 1')
 2 SYSTEMPATH\Database\BaseConnection.php(652): CodeIgniter\Database\BaseConnection->simpleQuery('SELECT *
FROM `kop_surat`
WHERE `organisasi` = \'BEM\'
 LIMIT 1')
 3 SYSTEMPATH\Database\BaseBuilder.php(1649): CodeIgniter\Database\BaseConnection->query('SELECT *
FROM `kop_surat`
WHERE `organisasi` = :organisasi:
 LIMIT 1', [...], false)
 4 SYSTEMPATH\Model.php(330): CodeIgniter\Database\BaseBuilder->get()
 5 SYSTEMPATH\BaseModel.php(713): CodeIgniter\Model->doFirst()
 6 APPPATH\Controllers\SekumController.php(38): CodeIgniter\BaseModel->first()
 7 SYSTEMPATH\CodeIgniter.php(933): App\Controllers\SekumController->review('5')
 8 SYSTEMPATH\CodeIgniter.php(507): CodeIgniter\CodeIgniter->runController(Object(App\Controllers\SekumController))
 9 SYSTEMPATH\CodeIgniter.php(354): CodeIgniter\CodeIgniter->handleRequest(null, Object(Config\Cache), false)
10 SYSTEMPATH\Boot.php(334): CodeIgniter\CodeIgniter->run()
11 SYSTEMPATH\Boot.php(67): CodeIgniter\Boot::runCodeIgniter(Object(CodeIgniter\CodeIgniter))
12 FCPATH\index.php(56): CodeIgniter\Boot::bootWeb(Object(Config\Paths))
13 SYSTEMPATH\rewrite.php(44): require_once('C:\\xampp\\htdocs\\Jago_Nyurat\\public\\index.php')
CRITICAL - 2026-04-05 16:26:14 --> [Caused by] mysqli_sql_exception: Table 'jago_nyurat.kop_surat' doesn't exist
in SYSTEMPATH\Database\MySQLi\Connection.php on line 327.
 1 SYSTEMPATH\Database\MySQLi\Connection.php(327): mysqli->query('SELECT *
FROM `kop_surat`
WHERE `organisasi` = \'BEM\'
 LIMIT 1', 0)
 2 SYSTEMPATH\Database\BaseConnection.php(738): CodeIgniter\Database\MySQLi\Connection->execute('SELECT *
FROM `kop_surat`
WHERE `organisasi` = \'BEM\'
 LIMIT 1')
 3 SYSTEMPATH\Database\BaseConnection.php(652): CodeIgniter\Database\BaseConnection->simpleQuery('SELECT *
FROM `kop_surat`
WHERE `organisasi` = \'BEM\'
 LIMIT 1')
 4 SYSTEMPATH\Database\BaseBuilder.php(1649): CodeIgniter\Database\BaseConnection->query('SELECT *
FROM `kop_surat`
WHERE `organisasi` = :organisasi:
 LIMIT 1', [...], false)
 5 SYSTEMPATH\Model.php(330): CodeIgniter\Database\BaseBuilder->get()
 6 SYSTEMPATH\BaseModel.php(713): CodeIgniter\Model->doFirst()
 7 APPPATH\Controllers\SekumController.php(38): CodeIgniter\BaseModel->first()
 8 SYSTEMPATH\CodeIgniter.php(933): App\Controllers\SekumController->review('5')
 9 SYSTEMPATH\CodeIgniter.php(507): CodeIgniter\CodeIgniter->runController(Object(App\Controllers\SekumController))
10 SYSTEMPATH\CodeIgniter.php(354): CodeIgniter\CodeIgniter->handleRequest(null, Object(Config\Cache), false)
11 SYSTEMPATH\Boot.php(334): CodeIgniter\CodeIgniter->run()
12 SYSTEMPATH\Boot.php(67): CodeIgniter\Boot::runCodeIgniter(Object(CodeIgniter\CodeIgniter))
13 FCPATH\index.php(56): CodeIgniter\Boot::bootWeb(Object(Config\Paths))
14 SYSTEMPATH\rewrite.php(44): require_once('C:\\xampp\\htdocs\\Jago_Nyurat\\public\\index.php')
DEBUG - 2026-04-05 16:29:26 --> Session: Class initialized using 'CodeIgniter\Session\Handlers\FileHandler' driver.
DEBUG - 2026-04-05 16:29:44 --> Session: Class initialized using 'CodeIgniter\Session\Handlers\FileHandler' driver.
ERROR - 2026-04-05 16:29:44 --> mysqli_sql_exception: Table 'jago_nyurat.kop_surat' doesn't exist in C:\xampp\htdocs\Jago_Nyurat\vendor\codeigniter4\framework\system\Database\MySQLi\Connection.php:327
Stack trace:
#0 C:\xampp\htdocs\Jago_Nyurat\vendor\codeigniter4\framework\system\Database\MySQLi\Connection.php(327): mysqli->query('SELECT *\nFROM `...', 0)
#1 C:\xampp\htdocs\Jago_Nyurat\vendor\codeigniter4\framework\system\Database\BaseConnection.php(738): CodeIgniter\Database\MySQLi\Connection->execute('SELECT *\nFROM `...')
#2 C:\xampp\htdocs\Jago_Nyurat\vendor\codeigniter4\framework\system\Database\BaseConnection.php(652): CodeIgniter\Database\BaseConnection->simpleQuery('SELECT *\nFROM `...')
#3 C:\xampp\htdocs\Jago_Nyurat\vendor\codeigniter4\framework\system\Database\BaseBuilder.php(1649): CodeIgniter\Database\BaseConnection->query('SELECT *\nFROM `...', Array, false)
#4 C:\xampp\htdocs\Jago_Nyurat\vendor\codeigniter4\framework\system\Model.php(330): CodeIgniter\Database\BaseBuilder->get()
#5 C:\xampp\htdocs\Jago_Nyurat\vendor\codeigniter4\framework\system\BaseModel.php(713): CodeIgniter\Model->doFirst()
#6 C:\xampp\htdocs\Jago_Nyurat\app\Controllers\SekumController.php(38): CodeIgniter\BaseModel->first()
#7 C:\xampp\htdocs\Jago_Nyurat\vendor\codeigniter4\framework\system\CodeIgniter.php(933): App\Controllers\SekumController->review('5')
#8 C:\xampp\htdocs\Jago_Nyurat\vendor\codeigniter4\framework\system\CodeIgniter.php(507): CodeIgniter\CodeIgniter->runController(Object(App\Controllers\SekumController))
#9 C:\xampp\htdocs\Jago_Nyurat\vendor\codeigniter4\framework\system\CodeIgniter.php(354): CodeIgniter\CodeIgniter->handleRequest(NULL, Object(Config\Cache), false)
#10 C:\xampp\htdocs\Jago_Nyurat\vendor\codeigniter4\framework\system\Boot.php(334): CodeIgniter\CodeIgniter->run()
#11 C:\xampp\htdocs\Jago_Nyurat\vendor\codeigniter4\framework\system\Boot.php(67): CodeIgniter\Boot::runCodeIgniter(Object(CodeIgniter\CodeIgniter))
#12 C:\xampp\htdocs\Jago_Nyurat\public\index.php(56): CodeIgniter\Boot::bootWeb(Object(Config\Paths))
#13 C:\xampp\htdocs\Jago_Nyurat\vendor\codeigniter4\framework\system\rewrite.php(44): require_once('C:\\xampp\\htdocs...')
#14 {main}
CRITICAL - 2026-04-05 16:29:44 --> CodeIgniter\Database\Exceptions\DatabaseException: Table 'jago_nyurat.kop_surat' doesn't exist
[Method: GET, Route: sekum/surat/review/5]
in SYSTEMPATH\Database\BaseConnection.php on line 692.
 1 SYSTEMPATH\Database\BaseBuilder.php(1649): CodeIgniter\Database\BaseConnection->query('SELECT *
FROM `kop_surat`
WHERE `organisasi` = :organisasi:
 LIMIT 1', [...], false)
 2 SYSTEMPATH\Model.php(330): CodeIgniter\Database\BaseBuilder->get()
 3 SYSTEMPATH\BaseModel.php(713): CodeIgniter\Model->doFirst()
 4 APPPATH\Controllers\SekumController.php(38): CodeIgniter\BaseModel->first()
 5 SYSTEMPATH\CodeIgniter.php(933): App\Controllers\SekumController->review('5')
 6 SYSTEMPATH\CodeIgniter.php(507): CodeIgniter\CodeIgniter->runController(Object(App\Controllers\SekumController))
 7 SYSTEMPATH\CodeIgniter.php(354): CodeIgniter\CodeIgniter->handleRequest(null, Object(Config\Cache), false)
 8 SYSTEMPATH\Boot.php(334): CodeIgniter\CodeIgniter->run()
 9 SYSTEMPATH\Boot.php(67): CodeIgniter\Boot::runCodeIgniter(Object(CodeIgniter\CodeIgniter))
10 FCPATH\index.php(56): CodeIgniter\Boot::bootWeb(Object(Config\Paths))
11 SYSTEMPATH\rewrite.php(44): require_once('C:\\xampp\\htdocs\\Jago_Nyurat\\public\\index.php')
CRITICAL - 2026-04-05 16:29:44 --> [Caused by] CodeIgniter\Database\Exceptions\DatabaseException: Table 'jago_nyurat.kop_surat' doesn't exist
in SYSTEMPATH\Database\MySQLi\Connection.php on line 332.
 1 SYSTEMPATH\Database\BaseConnection.php(738): CodeIgniter\Database\MySQLi\Connection->execute('SELECT *
FROM `kop_surat`
WHERE `organisasi` = \'BEM\'
 LIMIT 1')
 2 SYSTEMPATH\Database\BaseConnection.php(652): CodeIgniter\Database\BaseConnection->simpleQuery('SELECT *
FROM `kop_surat`
WHERE `organisasi` = \'BEM\'
 LIMIT 1')
 3 SYSTEMPATH\Database\BaseBuilder.php(1649): CodeIgniter\Database\BaseConnection->query('SELECT *
FROM `kop_surat`
WHERE `organisasi` = :organisasi:
 LIMIT 1', [...], false)
 4 SYSTEMPATH\Model.php(330): CodeIgniter\Database\BaseBuilder->get()
 5 SYSTEMPATH\BaseModel.php(713): CodeIgniter\Model->doFirst()
 6 APPPATH\Controllers\SekumController.php(38): CodeIgniter\BaseModel->first()
 7 SYSTEMPATH\CodeIgniter.php(933): App\Controllers\SekumController->review('5')
 8 SYSTEMPATH\CodeIgniter.php(507): CodeIgniter\CodeIgniter->runController(Object(App\Controllers\SekumController))
 9 SYSTEMPATH\CodeIgniter.php(354): CodeIgniter\CodeIgniter->handleRequest(null, Object(Config\Cache), false)
10 SYSTEMPATH\Boot.php(334): CodeIgniter\CodeIgniter->run()
11 SYSTEMPATH\Boot.php(67): CodeIgniter\Boot::runCodeIgniter(Object(CodeIgniter\CodeIgniter))
12 FCPATH\index.php(56): CodeIgniter\Boot::bootWeb(Object(Config\Paths))
13 SYSTEMPATH\rewrite.php(44): require_once('C:\\xampp\\htdocs\\Jago_Nyurat\\public\\index.php')
CRITICAL - 2026-04-05 16:29:44 --> [Caused by] mysqli_sql_exception: Table 'jago_nyurat.kop_surat' doesn't exist
in SYSTEMPATH\Database\MySQLi\Connection.php on line 327.
 1 SYSTEMPATH\Database\MySQLi\Connection.php(327): mysqli->query('SELECT *
FROM `kop_surat`
WHERE `organisasi` = \'BEM\'
 LIMIT 1', 0)
 2 SYSTEMPATH\Database\BaseConnection.php(738): CodeIgniter\Database\MySQLi\Connection->execute('SELECT *
FROM `kop_surat`
WHERE `organisasi` = \'BEM\'
 LIMIT 1')
 3 SYSTEMPATH\Database\BaseConnection.php(652): CodeIgniter\Database\BaseConnection->simpleQuery('SELECT *
FROM `kop_surat`
WHERE `organisasi` = \'BEM\'
 LIMIT 1')
 4 SYSTEMPATH\Database\BaseBuilder.php(1649): CodeIgniter\Database\BaseConnection->query('SELECT *
FROM `kop_surat`
WHERE `organisasi` = :organisasi:
 LIMIT 1', [...], false)
 5 SYSTEMPATH\Model.php(330): CodeIgniter\Database\BaseBuilder->get()
 6 SYSTEMPATH\BaseModel.php(713): CodeIgniter\Model->doFirst()
 7 APPPATH\Controllers\SekumController.php(38): CodeIgniter\BaseModel->first()
 8 SYSTEMPATH\CodeIgniter.php(933): App\Controllers\SekumController->review('5')
 9 SYSTEMPATH\CodeIgniter.php(507): CodeIgniter\CodeIgniter->runController(Object(App\Controllers\SekumController))
10 SYSTEMPATH\CodeIgniter.php(354): CodeIgniter\CodeIgniter->handleRequest(null, Object(Config\Cache), false)
11 SYSTEMPATH\Boot.php(334): CodeIgniter\CodeIgniter->run()
12 SYSTEMPATH\Boot.php(67): CodeIgniter\Boot::runCodeIgniter(Object(CodeIgniter\CodeIgniter))
13 FCPATH\index.php(56): CodeIgniter\Boot::bootWeb(Object(Config\Paths))
14 SYSTEMPATH\rewrite.php(44): require_once('C:\\xampp\\htdocs\\Jago_Nyurat\\public\\index.php')
DEBUG - 2026-04-05 16:29:48 --> Session: Class initialized using 'CodeIgniter\Session\Handlers\FileHandler' driver.
DEBUG - 2026-04-05 16:29:49 --> Session: Class initialized using 'CodeIgniter\Session\Handlers\FileHandler' driver.
ERROR - 2026-04-05 16:29:49 --> mysqli_sql_exception: Table 'jago_nyurat.identity' doesn't exist in C:\xampp\htdocs\Jago_Nyurat\vendor\codeigniter4\framework\system\Database\MySQLi\Connection.php:327
Stack trace:
#0 C:\xampp\htdocs\Jago_Nyurat\vendor\codeigniter4\framework\system\Database\MySQLi\Connection.php(327): mysqli->query('SELECT *\nFROM `...', 0)
#1 C:\xampp\htdocs\Jago_Nyurat\vendor\codeigniter4\framework\system\Database\BaseConnection.php(738): CodeIgniter\Database\MySQLi\Connection->execute('SELECT *\nFROM `...')
#2 C:\xampp\htdocs\Jago_Nyurat\vendor\codeigniter4\framework\system\Database\BaseConnection.php(652): CodeIgniter\Database\BaseConnection->simpleQuery('SELECT *\nFROM `...')
#3 C:\xampp\htdocs\Jago_Nyurat\vendor\codeigniter4\framework\system\Database\BaseBuilder.php(1649): CodeIgniter\Database\BaseConnection->query('SELECT *\nFROM `...', Array, false)
#4 C:\xampp\htdocs\Jago_Nyurat\vendor\codeigniter4\framework\system\Model.php(330): CodeIgniter\Database\BaseBuilder->get()
#5 C:\xampp\htdocs\Jago_Nyurat\vendor\codeigniter4\framework\system\BaseModel.php(713): CodeIgniter\Model->doFirst()
#6 C:\xampp\htdocs\Jago_Nyurat\app\Controllers\SekumController.php(185): CodeIgniter\BaseModel->first()
#7 C:\xampp\htdocs\Jago_Nyurat\vendor\codeigniter4\framework\system\CodeIgniter.php(933): App\Controllers\SekumController->identitas()
#8 C:\xampp\htdocs\Jago_Nyurat\vendor\codeigniter4\framework\system\CodeIgniter.php(507): CodeIgniter\CodeIgniter->runController(Object(App\Controllers\SekumController))
#9 C:\xampp\htdocs\Jago_Nyurat\vendor\codeigniter4\framework\system\CodeIgniter.php(354): CodeIgniter\CodeIgniter->handleRequest(NULL, Object(Config\Cache), false)
#10 C:\xampp\htdocs\Jago_Nyurat\vendor\codeigniter4\framework\system\Boot.php(334): CodeIgniter\CodeIgniter->run()
#11 C:\xampp\htdocs\Jago_Nyurat\vendor\codeigniter4\framework\system\Boot.php(67): CodeIgniter\Boot::runCodeIgniter(Object(CodeIgniter\CodeIgniter))
#12 C:\xampp\htdocs\Jago_Nyurat\public\index.php(56): CodeIgniter\Boot::bootWeb(Object(Config\Paths))
#13 C:\xampp\htdocs\Jago_Nyurat\vendor\codeigniter4\framework\system\rewrite.php(44): require_once('C:\\xampp\\htdocs...')
#14 {main}
CRITICAL - 2026-04-05 16:29:49 --> CodeIgniter\Database\Exceptions\DatabaseException: Table 'jago_nyurat.identity' doesn't exist
[Method: GET, Route: sekum/identitas]
in SYSTEMPATH\Database\BaseConnection.php on line 692.
 1 SYSTEMPATH\Database\BaseBuilder.php(1649): CodeIgniter\Database\BaseConnection->query('SELECT *
FROM `identity`
WHERE `jabatan` = :jabatan:
 LIMIT 1', [...], false)
 2 SYSTEMPATH\Model.php(330): CodeIgniter\Database\BaseBuilder->get()
 3 SYSTEMPATH\BaseModel.php(713): CodeIgniter\Model->doFirst()
 4 APPPATH\Controllers\SekumController.php(185): CodeIgniter\BaseModel->first()
 5 SYSTEMPATH\CodeIgniter.php(933): App\Controllers\SekumController->identitas()
 6 SYSTEMPATH\CodeIgniter.php(507): CodeIgniter\CodeIgniter->runController(Object(App\Controllers\SekumController))
 7 SYSTEMPATH\CodeIgniter.php(354): CodeIgniter\CodeIgniter->handleRequest(null, Object(Config\Cache), false)
 8 SYSTEMPATH\Boot.php(334): CodeIgniter\CodeIgniter->run()
 9 SYSTEMPATH\Boot.php(67): CodeIgniter\Boot::runCodeIgniter(Object(CodeIgniter\CodeIgniter))
10 FCPATH\index.php(56): CodeIgniter\Boot::bootWeb(Object(Config\Paths))
11 SYSTEMPATH\rewrite.php(44): require_once('C:\\xampp\\htdocs\\Jago_Nyurat\\public\\index.php')
CRITICAL - 2026-04-05 16:29:49 --> [Caused by] CodeIgniter\Database\Exceptions\DatabaseException: Table 'jago_nyurat.identity' doesn't exist
in SYSTEMPATH\Database\MySQLi\Connection.php on line 332.
 1 SYSTEMPATH\Database\BaseConnection.php(738): CodeIgniter\Database\MySQLi\Connection->execute('SELECT *
FROM `identity`
WHERE `jabatan` = \'Kementerian\'
 LIMIT 1')
 2 SYSTEMPATH\Database\BaseConnection.php(652): CodeIgniter\Database\BaseConnection->simpleQuery('SELECT *
FROM `identity`
WHERE `jabatan` = \'Kementerian\'
 LIMIT 1')
 3 SYSTEMPATH\Database\BaseBuilder.php(1649): CodeIgniter\Database\BaseConnection->query('SELECT *
FROM `identity`
WHERE `jabatan` = :jabatan:
 LIMIT 1', [...], false)
 4 SYSTEMPATH\Model.php(330): CodeIgniter\Database\BaseBuilder->get()
 5 SYSTEMPATH\BaseModel.php(713): CodeIgniter\Model->doFirst()
 6 APPPATH\Controllers\SekumController.php(185): CodeIgniter\BaseModel->first()
 7 SYSTEMPATH\CodeIgniter.php(933): App\Controllers\SekumController->identitas()
 8 SYSTEMPATH\CodeIgniter.php(507): CodeIgniter\CodeIgniter->runController(Object(App\Controllers\SekumController))
 9 SYSTEMPATH\CodeIgniter.php(354): CodeIgniter\CodeIgniter->handleRequest(null, Object(Config\Cache), false)
10 SYSTEMPATH\Boot.php(334): CodeIgniter\CodeIgniter->run()
11 SYSTEMPATH\Boot.php(67): CodeIgniter\Boot::runCodeIgniter(Object(CodeIgniter\CodeIgniter))
12 FCPATH\index.php(56): CodeIgniter\Boot::bootWeb(Object(Config\Paths))
13 SYSTEMPATH\rewrite.php(44): require_once('C:\\xampp\\htdocs\\Jago_Nyurat\\public\\index.php')
CRITICAL - 2026-04-05 16:29:49 --> [Caused by] mysqli_sql_exception: Table 'jago_nyurat.identity' doesn't exist
in SYSTEMPATH\Database\MySQLi\Connection.php on line 327.
 1 SYSTEMPATH\Database\MySQLi\Connection.php(327): mysqli->query('SELECT *
FROM `identity`
WHERE `jabatan` = \'Kementerian\'
 LIMIT 1', 0)
 2 SYSTEMPATH\Database\BaseConnection.php(738): CodeIgniter\Database\MySQLi\Connection->execute('SELECT *
FROM `identity`
WHERE `jabatan` = \'Kementerian\'
 LIMIT 1')
 3 SYSTEMPATH\Database\BaseConnection.php(652): CodeIgniter\Database\BaseConnection->simpleQuery('SELECT *
FROM `identity`
WHERE `jabatan` = \'Kementerian\'
 LIMIT 1')
 4 SYSTEMPATH\Database\BaseBuilder.php(1649): CodeIgniter\Database\BaseConnection->query('SELECT *
FROM `identity`
WHERE `jabatan` = :jabatan:
 LIMIT 1', [...], false)
 5 SYSTEMPATH\Model.php(330): CodeIgniter\Database\BaseBuilder->get()
 6 SYSTEMPATH\BaseModel.php(713): CodeIgniter\Model->doFirst()
 7 APPPATH\Controllers\SekumController.php(185): CodeIgniter\BaseModel->first()
 8 SYSTEMPATH\CodeIgniter.php(933): App\Controllers\SekumController->identitas()
 9 SYSTEMPATH\CodeIgniter.php(507): CodeIgniter\CodeIgniter->runController(Object(App\Controllers\SekumController))
10 SYSTEMPATH\CodeIgniter.php(354): CodeIgniter\CodeIgniter->handleRequest(null, Object(Config\Cache), false)
11 SYSTEMPATH\Boot.php(334): CodeIgniter\CodeIgniter->run()
12 SYSTEMPATH\Boot.php(67): CodeIgniter\Boot::runCodeIgniter(Object(CodeIgniter\CodeIgniter))
13 FCPATH\index.php(56): CodeIgniter\Boot::bootWeb(Object(Config\Paths))
14 SYSTEMPATH\rewrite.php(44): require_once('C:\\xampp\\htdocs\\Jago_Nyurat\\public\\index.php')
DEBUG - 2026-04-05 16:31:28 --> Session: Class initialized using 'CodeIgniter\Session\Handlers\FileHandler' driver.
DEBUG - 2026-04-05 16:31:30 --> Session: Class initialized using 'CodeIgniter\Session\Handlers\FileHandler' driver.
DEBUG - 2026-04-05 16:31:31 --> Session: Class initialized using 'CodeIgniter\Session\Handlers\FileHandler' driver.
DEBUG - 2026-04-05 16:31:31 --> Session: Class initialized using 'CodeIgniter\Session\Handlers\FileHandler' driver.
DEBUG - 2026-04-05 16:31:40 --> Session: Class initialized using 'CodeIgniter\Session\Handlers\FileHandler' driver.
DEBUG - 2026-04-05 16:31:41 --> Session: Class initialized using 'CodeIgniter\Session\Handlers\FileHandler' driver.
DEBUG - 2026-04-05 16:31:45 --> Session: Class initialized using 'CodeIgniter\Session\Handlers\FileHandler' driver.
ERROR - 2026-04-05 16:31:45 --> mysqli_sql_exception: Table 'jago_nyurat.identity' doesn't exist in C:\xampp\htdocs\Jago_Nyurat\vendor\codeigniter4\framework\system\Database\MySQLi\Connection.php:327
Stack trace:
#0 C:\xampp\htdocs\Jago_Nyurat\vendor\codeigniter4\framework\system\Database\MySQLi\Connection.php(327): mysqli->query('SELECT *\nFROM `...', 0)
#1 C:\xampp\htdocs\Jago_Nyurat\vendor\codeigniter4\framework\system\Database\BaseConnection.php(738): CodeIgniter\Database\MySQLi\Connection->execute('SELECT *\nFROM `...')
#2 C:\xampp\htdocs\Jago_Nyurat\vendor\codeigniter4\framework\system\Database\BaseConnection.php(652): CodeIgniter\Database\BaseConnection->simpleQuery('SELECT *\nFROM `...')
#3 C:\xampp\htdocs\Jago_Nyurat\vendor\codeigniter4\framework\system\Database\BaseBuilder.php(1649): CodeIgniter\Database\BaseConnection->query('SELECT *\nFROM `...', Array, false)
#4 C:\xampp\htdocs\Jago_Nyurat\vendor\codeigniter4\framework\system\Model.php(286): CodeIgniter\Database\BaseBuilder->get()
#5 C:\xampp\htdocs\Jago_Nyurat\vendor\codeigniter4\framework\system\BaseModel.php(675): CodeIgniter\Model->doFindAll(0, 0)
#6 C:\xampp\htdocs\Jago_Nyurat\app\Controllers\SekpelController.php(39): CodeIgniter\BaseModel->findAll()
#7 C:\xampp\htdocs\Jago_Nyurat\vendor\codeigniter4\framework\system\CodeIgniter.php(933): App\Controllers\SekpelController->createSurat()
#8 C:\xampp\htdocs\Jago_Nyurat\vendor\codeigniter4\framework\system\CodeIgniter.php(507): CodeIgniter\CodeIgniter->runController(Object(App\Controllers\SekpelController))
#9 C:\xampp\htdocs\Jago_Nyurat\vendor\codeigniter4\framework\system\CodeIgniter.php(354): CodeIgniter\CodeIgniter->handleRequest(NULL, Object(Config\Cache), false)
#10 C:\xampp\htdocs\Jago_Nyurat\vendor\codeigniter4\framework\system\Boot.php(334): CodeIgniter\CodeIgniter->run()
#11 C:\xampp\htdocs\Jago_Nyurat\vendor\codeigniter4\framework\system\Boot.php(67): CodeIgniter\Boot::runCodeIgniter(Object(CodeIgniter\CodeIgniter))
#12 C:\xampp\htdocs\Jago_Nyurat\public\index.php(56): CodeIgniter\Boot::bootWeb(Object(Config\Paths))
#13 C:\xampp\htdocs\Jago_Nyurat\vendor\codeigniter4\framework\system\rewrite.php(44): require_once('C:\\xampp\\htdocs...')
#14 {main}
CRITICAL - 2026-04-05 16:31:45 --> CodeIgniter\Database\Exceptions\DatabaseException: Table 'jago_nyurat.identity' doesn't exist
[Method: GET, Route: sekpel/surat/create]
in SYSTEMPATH\Database\BaseConnection.php on line 692.
 1 SYSTEMPATH\Database\BaseBuilder.php(1649): CodeIgniter\Database\BaseConnection->query('SELECT *
FROM `identity`
WHERE `jabatan` = :jabatan:', [...], false)
 2 SYSTEMPATH\Model.php(286): CodeIgniter\Database\BaseBuilder->get()
 3 SYSTEMPATH\BaseModel.php(675): CodeIgniter\Model->doFindAll(0, 0)
 4 APPPATH\Controllers\SekpelController.php(39): CodeIgniter\BaseModel->findAll()
 5 SYSTEMPATH\CodeIgniter.php(933): App\Controllers\SekpelController->createSurat()
 6 SYSTEMPATH\CodeIgniter.php(507): CodeIgniter\CodeIgniter->runController(Object(App\Controllers\SekpelController))
 7 SYSTEMPATH\CodeIgniter.php(354): CodeIgniter\CodeIgniter->handleRequest(null, Object(Config\Cache), false)
 8 SYSTEMPATH\Boot.php(334): CodeIgniter\CodeIgniter->run()
 9 SYSTEMPATH\Boot.php(67): CodeIgniter\Boot::runCodeIgniter(Object(CodeIgniter\CodeIgniter))
10 FCPATH\index.php(56): CodeIgniter\Boot::bootWeb(Object(Config\Paths))
11 SYSTEMPATH\rewrite.php(44): require_once('C:\\xampp\\htdocs\\Jago_Nyurat\\public\\index.php')
CRITICAL - 2026-04-05 16:31:45 --> [Caused by] CodeIgniter\Database\Exceptions\DatabaseException: Table 'jago_nyurat.identity' doesn't exist
in SYSTEMPATH\Database\MySQLi\Connection.php on line 332.
 1 SYSTEMPATH\Database\BaseConnection.php(738): CodeIgniter\Database\MySQLi\Connection->execute('SELECT *
FROM `identity`
WHERE `jabatan` = \'Ketua BEM Fasilkom\'')
 2 SYSTEMPATH\Database\BaseConnection.php(652): CodeIgniter\Database\BaseConnection->simpleQuery('SELECT *
FROM `identity`
WHERE `jabatan` = \'Ketua BEM Fasilkom\'')
 3 SYSTEMPATH\Database\BaseBuilder.php(1649): CodeIgniter\Database\BaseConnection->query('SELECT *
FROM `identity`
WHERE `jabatan` = :jabatan:', [...], false)
 4 SYSTEMPATH\Model.php(286): CodeIgniter\Database\BaseBuilder->get()
 5 SYSTEMPATH\BaseModel.php(675): CodeIgniter\Model->doFindAll(0, 0)
 6 APPPATH\Controllers\SekpelController.php(39): CodeIgniter\BaseModel->findAll()
 7 SYSTEMPATH\CodeIgniter.php(933): App\Controllers\SekpelController->createSurat()
 8 SYSTEMPATH\CodeIgniter.php(507): CodeIgniter\CodeIgniter->runController(Object(App\Controllers\SekpelController))
 9 SYSTEMPATH\CodeIgniter.php(354): CodeIgniter\CodeIgniter->handleRequest(null, Object(Config\Cache), false)
10 SYSTEMPATH\Boot.php(334): CodeIgniter\CodeIgniter->run()
11 SYSTEMPATH\Boot.php(67): CodeIgniter\Boot::runCodeIgniter(Object(CodeIgniter\CodeIgniter))
12 FCPATH\index.php(56): CodeIgniter\Boot::bootWeb(Object(Config\Paths))
13 SYSTEMPATH\rewrite.php(44): require_once('C:\\xampp\\htdocs\\Jago_Nyurat\\public\\index.php')
CRITICAL - 2026-04-05 16:31:45 --> [Caused by] mysqli_sql_exception: Table 'jago_nyurat.identity' doesn't exist
in SYSTEMPATH\Database\MySQLi\Connection.php on line 327.
 1 SYSTEMPATH\Database\MySQLi\Connection.php(327): mysqli->query('SELECT *
FROM `identity`
WHERE `jabatan` = \'Ketua BEM Fasilkom\'', 0)
 2 SYSTEMPATH\Database\BaseConnection.php(738): CodeIgniter\Database\MySQLi\Connection->execute('SELECT *
FROM `identity`
WHERE `jabatan` = \'Ketua BEM Fasilkom\'')
 3 SYSTEMPATH\Database\BaseConnection.php(652): CodeIgniter\Database\BaseConnection->simpleQuery('SELECT *
FROM `identity`
WHERE `jabatan` = \'Ketua BEM Fasilkom\'')
 4 SYSTEMPATH\Database\BaseBuilder.php(1649): CodeIgniter\Database\BaseConnection->query('SELECT *
FROM `identity`
WHERE `jabatan` = :jabatan:', [...], false)
 5 SYSTEMPATH\Model.php(286): CodeIgniter\Database\BaseBuilder->get()
 6 SYSTEMPATH\BaseModel.php(675): CodeIgniter\Model->doFindAll(0, 0)
 7 APPPATH\Controllers\SekpelController.php(39): CodeIgniter\BaseModel->findAll()
 8 SYSTEMPATH\CodeIgniter.php(933): App\Controllers\SekpelController->createSurat()
 9 SYSTEMPATH\CodeIgniter.php(507): CodeIgniter\CodeIgniter->runController(Object(App\Controllers\SekpelController))
10 SYSTEMPATH\CodeIgniter.php(354): CodeIgniter\CodeIgniter->handleRequest(null, Object(Config\Cache), false)
11 SYSTEMPATH\Boot.php(334): CodeIgniter\CodeIgniter->run()
12 SYSTEMPATH\Boot.php(67): CodeIgniter\Boot::runCodeIgniter(Object(CodeIgniter\CodeIgniter))
13 FCPATH\index.php(56): CodeIgniter\Boot::bootWeb(Object(Config\Paths))
14 SYSTEMPATH\rewrite.php(44): require_once('C:\\xampp\\htdocs\\Jago_Nyurat\\public\\index.php')
DEBUG - 2026-04-05 16:32:40 --> Session: Class initialized using 'CodeIgniter\Session\Handlers\FileHandler' driver.
DEBUG - 2026-04-05 16:32:40 --> Session: Class initialized using 'CodeIgniter\Session\Handlers\FileHandler' driver.
DEBUG - 2026-04-05 16:32:40 --> Session: Class initialized using 'CodeIgniter\Session\Handlers\FileHandler' driver.
DEBUG - 2026-04-05 16:33:07 --> Session: Class initialized using 'CodeIgniter\Session\Handlers\FileHandler' driver.
DEBUG - 2026-04-05 16:33:07 --> Session: Class initialized using 'CodeIgniter\Session\Handlers\FileHandler' driver.
DEBUG - 2026-04-05 16:33:08 --> Session: Class initialized using 'CodeIgniter\Session\Handlers\FileHandler' driver.
DEBUG - 2026-04-05 16:33:22 --> Session: Class initialized using 'CodeIgniter\Session\Handlers\FileHandler' driver.
DEBUG - 2026-04-05 16:33:23 --> Session: Class initialized using 'CodeIgniter\Session\Handlers\FileHandler' driver.
DEBUG - 2026-04-05 16:33:32 --> Session: Class initialized using 'CodeIgniter\Session\Handlers\FileHandler' driver.
DEBUG - 2026-04-05 16:33:32 --> Session: Class initialized using 'CodeIgniter\Session\Handlers\FileHandler' driver.
DEBUG - 2026-04-05 16:33:35 --> Session: Class initialized using 'CodeIgniter\Session\Handlers\FileHandler' driver.
ERROR - 2026-04-05 16:33:35 --> mysqli_sql_exception: Table 'jago_nyurat.identity' doesn't exist in C:\xampp\htdocs\Jago_Nyurat\vendor\codeigniter4\framework\system\Database\MySQLi\Connection.php:327
Stack trace:
#0 C:\xampp\htdocs\Jago_Nyurat\vendor\codeigniter4\framework\system\Database\MySQLi\Connection.php(327): mysqli->query('SELECT *\nFROM `...', 0)
#1 C:\xampp\htdocs\Jago_Nyurat\vendor\codeigniter4\framework\system\Database\BaseConnection.php(738): CodeIgniter\Database\MySQLi\Connection->execute('SELECT *\nFROM `...')
#2 C:\xampp\htdocs\Jago_Nyurat\vendor\codeigniter4\framework\system\Database\BaseConnection.php(652): CodeIgniter\Database\BaseConnection->simpleQuery('SELECT *\nFROM `...')
#3 C:\xampp\htdocs\Jago_Nyurat\vendor\codeigniter4\framework\system\Database\BaseBuilder.php(1649): CodeIgniter\Database\BaseConnection->query('SELECT *\nFROM `...', Array, false)
#4 C:\xampp\htdocs\Jago_Nyurat\vendor\codeigniter4\framework\system\Model.php(330): CodeIgniter\Database\BaseBuilder->get()
#5 C:\xampp\htdocs\Jago_Nyurat\vendor\codeigniter4\framework\system\BaseModel.php(713): CodeIgniter\Model->doFirst()
#6 C:\xampp\htdocs\Jago_Nyurat\app\Controllers\SekumController.php(185): CodeIgniter\BaseModel->first()
#7 C:\xampp\htdocs\Jago_Nyurat\vendor\codeigniter4\framework\system\CodeIgniter.php(933): App\Controllers\SekumController->identitas()
#8 C:\xampp\htdocs\Jago_Nyurat\vendor\codeigniter4\framework\system\CodeIgniter.php(507): CodeIgniter\CodeIgniter->runController(Object(App\Controllers\SekumController))
#9 C:\xampp\htdocs\Jago_Nyurat\vendor\codeigniter4\framework\system\CodeIgniter.php(354): CodeIgniter\CodeIgniter->handleRequest(NULL, Object(Config\Cache), false)
#10 C:\xampp\htdocs\Jago_Nyurat\vendor\codeigniter4\framework\system\Boot.php(334): CodeIgniter\CodeIgniter->run()
#11 C:\xampp\htdocs\Jago_Nyurat\vendor\codeigniter4\framework\system\Boot.php(67): CodeIgniter\Boot::runCodeIgniter(Object(CodeIgniter\CodeIgniter))
#12 C:\xampp\htdocs\Jago_Nyurat\public\index.php(56): CodeIgniter\Boot::bootWeb(Object(Config\Paths))
#13 C:\xampp\htdocs\Jago_Nyurat\vendor\codeigniter4\framework\system\rewrite.php(44): require_once('C:\\xampp\\htdocs...')
#14 {main}
CRITICAL - 2026-04-05 16:33:35 --> CodeIgniter\Database\Exceptions\DatabaseException: Table 'jago_nyurat.identity' doesn't exist
[Method: GET, Route: sekum/identitas]
in SYSTEMPATH\Database\BaseConnection.php on line 692.
 1 SYSTEMPATH\Database\BaseBuilder.php(1649): CodeIgniter\Database\BaseConnection->query('SELECT *
FROM `identity`
WHERE `jabatan` = :jabatan:
 LIMIT 1', [...], false)
 2 SYSTEMPATH\Model.php(330): CodeIgniter\Database\BaseBuilder->get()
 3 SYSTEMPATH\BaseModel.php(713): CodeIgniter\Model->doFirst()
 4 APPPATH\Controllers\SekumController.php(185): CodeIgniter\BaseModel->first()
 5 SYSTEMPATH\CodeIgniter.php(933): App\Controllers\SekumController->identitas()
 6 SYSTEMPATH\CodeIgniter.php(507): CodeIgniter\CodeIgniter->runController(Object(App\Controllers\SekumController))
 7 SYSTEMPATH\CodeIgniter.php(354): CodeIgniter\CodeIgniter->handleRequest(null, Object(Config\Cache), false)
 8 SYSTEMPATH\Boot.php(334): CodeIgniter\CodeIgniter->run()
 9 SYSTEMPATH\Boot.php(67): CodeIgniter\Boot::runCodeIgniter(Object(CodeIgniter\CodeIgniter))
10 FCPATH\index.php(56): CodeIgniter\Boot::bootWeb(Object(Config\Paths))
11 SYSTEMPATH\rewrite.php(44): require_once('C:\\xampp\\htdocs\\Jago_Nyurat\\public\\index.php')
CRITICAL - 2026-04-05 16:33:35 --> [Caused by] CodeIgniter\Database\Exceptions\DatabaseException: Table 'jago_nyurat.identity' doesn't exist
in SYSTEMPATH\Database\MySQLi\Connection.php on line 332.
 1 SYSTEMPATH\Database\BaseConnection.php(738): CodeIgniter\Database\MySQLi\Connection->execute('SELECT *
FROM `identity`
WHERE `jabatan` = \'Kementerian\'
 LIMIT 1')
 2 SYSTEMPATH\Database\BaseConnection.php(652): CodeIgniter\Database\BaseConnection->simpleQuery('SELECT *
FROM `identity`
WHERE `jabatan` = \'Kementerian\'
 LIMIT 1')
 3 SYSTEMPATH\Database\BaseBuilder.php(1649): CodeIgniter\Database\BaseConnection->query('SELECT *
FROM `identity`
WHERE `jabatan` = :jabatan:
 LIMIT 1', [...], false)
 4 SYSTEMPATH\Model.php(330): CodeIgniter\Database\BaseBuilder->get()
 5 SYSTEMPATH\BaseModel.php(713): CodeIgniter\Model->doFirst()
 6 APPPATH\Controllers\SekumController.php(185): CodeIgniter\BaseModel->first()
 7 SYSTEMPATH\CodeIgniter.php(933): App\Controllers\SekumController->identitas()
 8 SYSTEMPATH\CodeIgniter.php(507): CodeIgniter\CodeIgniter->runController(Object(App\Controllers\SekumController))
 9 SYSTEMPATH\CodeIgniter.php(354): CodeIgniter\CodeIgniter->handleRequest(null, Object(Config\Cache), false)
10 SYSTEMPATH\Boot.php(334): CodeIgniter\CodeIgniter->run()
11 SYSTEMPATH\Boot.php(67): CodeIgniter\Boot::runCodeIgniter(Object(CodeIgniter\CodeIgniter))
12 FCPATH\index.php(56): CodeIgniter\Boot::bootWeb(Object(Config\Paths))
13 SYSTEMPATH\rewrite.php(44): require_once('C:\\xampp\\htdocs\\Jago_Nyurat\\public\\index.php')
CRITICAL - 2026-04-05 16:33:35 --> [Caused by] mysqli_sql_exception: Table 'jago_nyurat.identity' doesn't exist
in SYSTEMPATH\Database\MySQLi\Connection.php on line 327.
 1 SYSTEMPATH\Database\MySQLi\Connection.php(327): mysqli->query('SELECT *
FROM `identity`
WHERE `jabatan` = \'Kementerian\'
 LIMIT 1', 0)
 2 SYSTEMPATH\Database\BaseConnection.php(738): CodeIgniter\Database\MySQLi\Connection->execute('SELECT *
FROM `identity`
WHERE `jabatan` = \'Kementerian\'
 LIMIT 1')
 3 SYSTEMPATH\Database\BaseConnection.php(652): CodeIgniter\Database\BaseConnection->simpleQuery('SELECT *
FROM `identity`
WHERE `jabatan` = \'Kementerian\'
 LIMIT 1')
 4 SYSTEMPATH\Database\BaseBuilder.php(1649): CodeIgniter\Database\BaseConnection->query('SELECT *
FROM `identity`
WHERE `jabatan` = :jabatan:
 LIMIT 1', [...], false)
 5 SYSTEMPATH\Model.php(330): CodeIgniter\Database\BaseBuilder->get()
 6 SYSTEMPATH\BaseModel.php(713): CodeIgniter\Model->doFirst()
 7 APPPATH\Controllers\SekumController.php(185): CodeIgniter\BaseModel->first()
 8 SYSTEMPATH\CodeIgniter.php(933): App\Controllers\SekumController->identitas()
 9 SYSTEMPATH\CodeIgniter.php(507): CodeIgniter\CodeIgniter->runController(Object(App\Controllers\SekumController))
10 SYSTEMPATH\CodeIgniter.php(354): CodeIgniter\CodeIgniter->handleRequest(null, Object(Config\Cache), false)
11 SYSTEMPATH\Boot.php(334): CodeIgniter\CodeIgniter->run()
12 SYSTEMPATH\Boot.php(67): CodeIgniter\Boot::runCodeIgniter(Object(CodeIgniter\CodeIgniter))
13 FCPATH\index.php(56): CodeIgniter\Boot::bootWeb(Object(Config\Paths))
14 SYSTEMPATH\rewrite.php(44): require_once('C:\\xampp\\htdocs\\Jago_Nyurat\\public\\index.php')
DEBUG - 2026-04-05 16:33:39 --> Session: Class initialized using 'CodeIgniter\Session\Handlers\FileHandler' driver.
ERROR - 2026-04-05 16:33:39 --> mysqli_sql_exception: Table 'jago_nyurat.kop_surat' doesn't exist in C:\xampp\htdocs\Jago_Nyurat\vendor\codeigniter4\framework\system\Database\MySQLi\Connection.php:327
Stack trace:
#0 C:\xampp\htdocs\Jago_Nyurat\vendor\codeigniter4\framework\system\Database\MySQLi\Connection.php(327): mysqli->query('SELECT *\nFROM `...', 0)
#1 C:\xampp\htdocs\Jago_Nyurat\vendor\codeigniter4\framework\system\Database\BaseConnection.php(738): CodeIgniter\Database\MySQLi\Connection->execute('SELECT *\nFROM `...')
#2 C:\xampp\htdocs\Jago_Nyurat\vendor\codeigniter4\framework\system\Database\BaseConnection.php(652): CodeIgniter\Database\BaseConnection->simpleQuery('SELECT *\nFROM `...')
#3 C:\xampp\htdocs\Jago_Nyurat\vendor\codeigniter4\framework\system\Database\BaseBuilder.php(1649): CodeIgniter\Database\BaseConnection->query('SELECT *\nFROM `...', Array, false)
#4 C:\xampp\htdocs\Jago_Nyurat\vendor\codeigniter4\framework\system\Model.php(330): CodeIgniter\Database\BaseBuilder->get()
#5 C:\xampp\htdocs\Jago_Nyurat\vendor\codeigniter4\framework\system\BaseModel.php(713): CodeIgniter\Model->doFirst()
#6 C:\xampp\htdocs\Jago_Nyurat\app\Controllers\SekumController.php(38): CodeIgniter\BaseModel->first()
#7 C:\xampp\htdocs\Jago_Nyurat\vendor\codeigniter4\framework\system\CodeIgniter.php(933): App\Controllers\SekumController->review('5')
#8 C:\xampp\htdocs\Jago_Nyurat\vendor\codeigniter4\framework\system\CodeIgniter.php(507): CodeIgniter\CodeIgniter->runController(Object(App\Controllers\SekumController))
#9 C:\xampp\htdocs\Jago_Nyurat\vendor\codeigniter4\framework\system\CodeIgniter.php(354): CodeIgniter\CodeIgniter->handleRequest(NULL, Object(Config\Cache), false)
#10 C:\xampp\htdocs\Jago_Nyurat\vendor\codeigniter4\framework\system\Boot.php(334): CodeIgniter\CodeIgniter->run()
#11 C:\xampp\htdocs\Jago_Nyurat\vendor\codeigniter4\framework\system\Boot.php(67): CodeIgniter\Boot::runCodeIgniter(Object(CodeIgniter\CodeIgniter))
#12 C:\xampp\htdocs\Jago_Nyurat\public\index.php(56): CodeIgniter\Boot::bootWeb(Object(Config\Paths))
#13 C:\xampp\htdocs\Jago_Nyurat\vendor\codeigniter4\framework\system\rewrite.php(44): require_once('C:\\xampp\\htdocs...')
#14 {main}
CRITICAL - 2026-04-05 16:33:39 --> CodeIgniter\Database\Exceptions\DatabaseException: Table 'jago_nyurat.kop_surat' doesn't exist
[Method: GET, Route: sekum/surat/review/5]
in SYSTEMPATH\Database\BaseConnection.php on line 692.
 1 SYSTEMPATH\Database\BaseBuilder.php(1649): CodeIgniter\Database\BaseConnection->query('SELECT *
FROM `kop_surat`
WHERE `organisasi` = :organisasi:
 LIMIT 1', [...], false)
 2 SYSTEMPATH\Model.php(330): CodeIgniter\Database\BaseBuilder->get()
 3 SYSTEMPATH\BaseModel.php(713): CodeIgniter\Model->doFirst()
 4 APPPATH\Controllers\SekumController.php(38): CodeIgniter\BaseModel->first()
 5 SYSTEMPATH\CodeIgniter.php(933): App\Controllers\SekumController->review('5')
 6 SYSTEMPATH\CodeIgniter.php(507): CodeIgniter\CodeIgniter->runController(Object(App\Controllers\SekumController))
 7 SYSTEMPATH\CodeIgniter.php(354): CodeIgniter\CodeIgniter->handleRequest(null, Object(Config\Cache), false)
 8 SYSTEMPATH\Boot.php(334): CodeIgniter\CodeIgniter->run()
 9 SYSTEMPATH\Boot.php(67): CodeIgniter\Boot::runCodeIgniter(Object(CodeIgniter\CodeIgniter))
10 FCPATH\index.php(56): CodeIgniter\Boot::bootWeb(Object(Config\Paths))
11 SYSTEMPATH\rewrite.php(44): require_once('C:\\xampp\\htdocs\\Jago_Nyurat\\public\\index.php')
CRITICAL - 2026-04-05 16:33:39 --> [Caused by] CodeIgniter\Database\Exceptions\DatabaseException: Table 'jago_nyurat.kop_surat' doesn't exist
in SYSTEMPATH\Database\MySQLi\Connection.php on line 332.
 1 SYSTEMPATH\Database\BaseConnection.php(738): CodeIgniter\Database\MySQLi\Connection->execute('SELECT *
FROM `kop_surat`
WHERE `organisasi` = \'BEM\'
 LIMIT 1')
 2 SYSTEMPATH\Database\BaseConnection.php(652): CodeIgniter\Database\BaseConnection->simpleQuery('SELECT *
FROM `kop_surat`
WHERE `organisasi` = \'BEM\'
 LIMIT 1')
 3 SYSTEMPATH\Database\BaseBuilder.php(1649): CodeIgniter\Database\BaseConnection->query('SELECT *
FROM `kop_surat`
WHERE `organisasi` = :organisasi:
 LIMIT 1', [...], false)
 4 SYSTEMPATH\Model.php(330): CodeIgniter\Database\BaseBuilder->get()
 5 SYSTEMPATH\BaseModel.php(713): CodeIgniter\Model->doFirst()
 6 APPPATH\Controllers\SekumController.php(38): CodeIgniter\BaseModel->first()
 7 SYSTEMPATH\CodeIgniter.php(933): App\Controllers\SekumController->review('5')
 8 SYSTEMPATH\CodeIgniter.php(507): CodeIgniter\CodeIgniter->runController(Object(App\Controllers\SekumController))
 9 SYSTEMPATH\CodeIgniter.php(354): CodeIgniter\CodeIgniter->handleRequest(null, Object(Config\Cache), false)
10 SYSTEMPATH\Boot.php(334): CodeIgniter\CodeIgniter->run()
11 SYSTEMPATH\Boot.php(67): CodeIgniter\Boot::runCodeIgniter(Object(CodeIgniter\CodeIgniter))
12 FCPATH\index.php(56): CodeIgniter\Boot::bootWeb(Object(Config\Paths))
13 SYSTEMPATH\rewrite.php(44): require_once('C:\\xampp\\htdocs\\Jago_Nyurat\\public\\index.php')
CRITICAL - 2026-04-05 16:33:39 --> [Caused by] mysqli_sql_exception: Table 'jago_nyurat.kop_surat' doesn't exist
in SYSTEMPATH\Database\MySQLi\Connection.php on line 327.
 1 SYSTEMPATH\Database\MySQLi\Connection.php(327): mysqli->query('SELECT *
FROM `kop_surat`
WHERE `organisasi` = \'BEM\'
 LIMIT 1', 0)
 2 SYSTEMPATH\Database\BaseConnection.php(738): CodeIgniter\Database\MySQLi\Connection->execute('SELECT *
FROM `kop_surat`
WHERE `organisasi` = \'BEM\'
 LIMIT 1')
 3 SYSTEMPATH\Database\BaseConnection.php(652): CodeIgniter\Database\BaseConnection->simpleQuery('SELECT *
FROM `kop_surat`
WHERE `organisasi` = \'BEM\'
 LIMIT 1')
 4 SYSTEMPATH\Database\BaseBuilder.php(1649): CodeIgniter\Database\BaseConnection->query('SELECT *
FROM `kop_surat`
WHERE `organisasi` = :organisasi:
 LIMIT 1', [...], false)
 5 SYSTEMPATH\Model.php(330): CodeIgniter\Database\BaseBuilder->get()
 6 SYSTEMPATH\BaseModel.php(713): CodeIgniter\Model->doFirst()
 7 APPPATH\Controllers\SekumController.php(38): CodeIgniter\BaseModel->first()
 8 SYSTEMPATH\CodeIgniter.php(933): App\Controllers\SekumController->review('5')
 9 SYSTEMPATH\CodeIgniter.php(507): CodeIgniter\CodeIgniter->runController(Object(App\Controllers\SekumController))
10 SYSTEMPATH\CodeIgniter.php(354): CodeIgniter\CodeIgniter->handleRequest(null, Object(Config\Cache), false)
11 SYSTEMPATH\Boot.php(334): CodeIgniter\CodeIgniter->run()
12 SYSTEMPATH\Boot.php(67): CodeIgniter\Boot::runCodeIgniter(Object(CodeIgniter\CodeIgniter))
13 FCPATH\index.php(56): CodeIgniter\Boot::bootWeb(Object(Config\Paths))
14 SYSTEMPATH\rewrite.php(44): require_once('C:\\xampp\\htdocs\\Jago_Nyurat\\public\\index.php')
DEBUG - 2026-04-05 16:34:23 --> Session: Class initialized using 'CodeIgniter\Session\Handlers\FileHandler' driver.
DEBUG - 2026-04-05 16:34:24 --> Session: Class initialized using 'CodeIgniter\Session\Handlers\FileHandler' driver.
DEBUG - 2026-04-05 16:34:38 --> Session: Class initialized using 'CodeIgniter\Session\Handlers\FileHandler' driver.
DEBUG - 2026-04-05 16:34:38 --> Session: Class initialized using 'CodeIgniter\Session\Handlers\FileHandler' driver.
DEBUG - 2026-04-05 16:34:42 --> Session: Class initialized using 'CodeIgniter\Session\Handlers\FileHandler' driver.
DEBUG - 2026-04-05 16:34:51 --> Session: Class initialized using 'CodeIgniter\Session\Handlers\FileHandler' driver.
DEBUG - 2026-04-05 16:34:52 --> Session: Class initialized using 'CodeIgniter\Session\Handlers\FileHandler' driver.
DEBUG - 2026-04-05 16:34:52 --> Session: Class initialized using 'CodeIgniter\Session\Handlers\FileHandler' driver.
DEBUG - 2026-04-05 16:35:00 --> Session: Class initialized using 'CodeIgniter\Session\Handlers\FileHandler' driver.
DEBUG - 2026-04-05 16:35:00 --> Session: Class initialized using 'CodeIgniter\Session\Handlers\FileHandler' driver.
DEBUG - 2026-04-05 16:35:01 --> Session: Class initialized using 'CodeIgniter\Session\Handlers\FileHandler' driver.
DEBUG - 2026-04-05 16:35:10 --> Session: Class initialized using 'CodeIgniter\Session\Handlers\FileHandler' driver.
DEBUG - 2026-04-05 16:35:11 --> Session: Class initialized using 'CodeIgniter\Session\Handlers\FileHandler' driver.
DEBUG - 2026-04-05 16:35:13 --> Session: Class initialized using 'CodeIgniter\Session\Handlers\FileHandler' driver.
ERROR - 2026-04-05 16:35:13 --> mysqli_sql_exception: Table 'jago_nyurat.kop_surat' doesn't exist in C:\xampp\htdocs\Jago_Nyurat\vendor\codeigniter4\framework\system\Database\MySQLi\Connection.php:327
Stack trace:
#0 C:\xampp\htdocs\Jago_Nyurat\vendor\codeigniter4\framework\system\Database\MySQLi\Connection.php(327): mysqli->query('SELECT *\nFROM `...', 0)
#1 C:\xampp\htdocs\Jago_Nyurat\vendor\codeigniter4\framework\system\Database\BaseConnection.php(738): CodeIgniter\Database\MySQLi\Connection->execute('SELECT *\nFROM `...')
#2 C:\xampp\htdocs\Jago_Nyurat\vendor\codeigniter4\framework\system\Database\BaseConnection.php(652): CodeIgniter\Database\BaseConnection->simpleQuery('SELECT *\nFROM `...')
#3 C:\xampp\htdocs\Jago_Nyurat\vendor\codeigniter4\framework\system\Database\BaseBuilder.php(1649): CodeIgniter\Database\BaseConnection->query('SELECT *\nFROM `...', Array, false)
#4 C:\xampp\htdocs\Jago_Nyurat\vendor\codeigniter4\framework\system\Model.php(330): CodeIgniter\Database\BaseBuilder->get()
#5 C:\xampp\htdocs\Jago_Nyurat\vendor\codeigniter4\framework\system\BaseModel.php(713): CodeIgniter\Model->doFirst()
#6 C:\xampp\htdocs\Jago_Nyurat\app\Controllers\SekumController.php(204): CodeIgniter\BaseModel->first()
#7 C:\xampp\htdocs\Jago_Nyurat\vendor\codeigniter4\framework\system\CodeIgniter.php(933): App\Controllers\SekumController->identitas()
#8 C:\xampp\htdocs\Jago_Nyurat\vendor\codeigniter4\framework\system\CodeIgniter.php(507): CodeIgniter\CodeIgniter->runController(Object(App\Controllers\SekumController))
#9 C:\xampp\htdocs\Jago_Nyurat\vendor\codeigniter4\framework\system\CodeIgniter.php(354): CodeIgniter\CodeIgniter->handleRequest(NULL, Object(Config\Cache), false)
#10 C:\xampp\htdocs\Jago_Nyurat\vendor\codeigniter4\framework\system\Boot.php(334): CodeIgniter\CodeIgniter->run()
#11 C:\xampp\htdocs\Jago_Nyurat\vendor\codeigniter4\framework\system\Boot.php(67): CodeIgniter\Boot::runCodeIgniter(Object(CodeIgniter\CodeIgniter))
#12 C:\xampp\htdocs\Jago_Nyurat\public\index.php(56): CodeIgniter\Boot::bootWeb(Object(Config\Paths))
#13 C:\xampp\htdocs\Jago_Nyurat\vendor\codeigniter4\framework\system\rewrite.php(44): require_once('C:\\xampp\\htdocs...')
#14 {main}
CRITICAL - 2026-04-05 16:35:13 --> CodeIgniter\Database\Exceptions\DatabaseException: Table 'jago_nyurat.kop_surat' doesn't exist
[Method: GET, Route: sekum/identitas]
in SYSTEMPATH\Database\BaseConnection.php on line 692.
 1 SYSTEMPATH\Database\BaseBuilder.php(1649): CodeIgniter\Database\BaseConnection->query('SELECT *
FROM `kop_surat`
WHERE `organisasi` = :organisasi:
 LIMIT 1', [...], false)
 2 SYSTEMPATH\Model.php(330): CodeIgniter\Database\BaseBuilder->get()
 3 SYSTEMPATH\BaseModel.php(713): CodeIgniter\Model->doFirst()
 4 APPPATH\Controllers\SekumController.php(204): CodeIgniter\BaseModel->first()
 5 SYSTEMPATH\CodeIgniter.php(933): App\Controllers\SekumController->identitas()
 6 SYSTEMPATH\CodeIgniter.php(507): CodeIgniter\CodeIgniter->runController(Object(App\Controllers\SekumController))
 7 SYSTEMPATH\CodeIgniter.php(354): CodeIgniter\CodeIgniter->handleRequest(null, Object(Config\Cache), false)
 8 SYSTEMPATH\Boot.php(334): CodeIgniter\CodeIgniter->run()
 9 SYSTEMPATH\Boot.php(67): CodeIgniter\Boot::runCodeIgniter(Object(CodeIgniter\CodeIgniter))
10 FCPATH\index.php(56): CodeIgniter\Boot::bootWeb(Object(Config\Paths))
11 SYSTEMPATH\rewrite.php(44): require_once('C:\\xampp\\htdocs\\Jago_Nyurat\\public\\index.php')
CRITICAL - 2026-04-05 16:35:13 --> [Caused by] CodeIgniter\Database\Exceptions\DatabaseException: Table 'jago_nyurat.kop_surat' doesn't exist
in SYSTEMPATH\Database\MySQLi\Connection.php on line 332.
 1 SYSTEMPATH\Database\BaseConnection.php(738): CodeIgniter\Database\MySQLi\Connection->execute('SELECT *
FROM `kop_surat`
WHERE `organisasi` = \'BEM\'
 LIMIT 1')
 2 SYSTEMPATH\Database\BaseConnection.php(652): CodeIgniter\Database\BaseConnection->simpleQuery('SELECT *
FROM `kop_surat`
WHERE `organisasi` = \'BEM\'
 LIMIT 1')
 3 SYSTEMPATH\Database\BaseBuilder.php(1649): CodeIgniter\Database\BaseConnection->query('SELECT *
FROM `kop_surat`
WHERE `organisasi` = :organisasi:
 LIMIT 1', [...], false)
 4 SYSTEMPATH\Model.php(330): CodeIgniter\Database\BaseBuilder->get()
 5 SYSTEMPATH\BaseModel.php(713): CodeIgniter\Model->doFirst()
 6 APPPATH\Controllers\SekumController.php(204): CodeIgniter\BaseModel->first()
 7 SYSTEMPATH\CodeIgniter.php(933): App\Controllers\SekumController->identitas()
 8 SYSTEMPATH\CodeIgniter.php(507): CodeIgniter\CodeIgniter->runController(Object(App\Controllers\SekumController))
 9 SYSTEMPATH\CodeIgniter.php(354): CodeIgniter\CodeIgniter->handleRequest(null, Object(Config\Cache), false)
10 SYSTEMPATH\Boot.php(334): CodeIgniter\CodeIgniter->run()
11 SYSTEMPATH\Boot.php(67): CodeIgniter\Boot::runCodeIgniter(Object(CodeIgniter\CodeIgniter))
12 FCPATH\index.php(56): CodeIgniter\Boot::bootWeb(Object(Config\Paths))
13 SYSTEMPATH\rewrite.php(44): require_once('C:\\xampp\\htdocs\\Jago_Nyurat\\public\\index.php')
CRITICAL - 2026-04-05 16:35:13 --> [Caused by] mysqli_sql_exception: Table 'jago_nyurat.kop_surat' doesn't exist
in SYSTEMPATH\Database\MySQLi\Connection.php on line 327.
 1 SYSTEMPATH\Database\MySQLi\Connection.php(327): mysqli->query('SELECT *
FROM `kop_surat`
WHERE `organisasi` = \'BEM\'
 LIMIT 1', 0)
 2 SYSTEMPATH\Database\BaseConnection.php(738): CodeIgniter\Database\MySQLi\Connection->execute('SELECT *
FROM `kop_surat`
WHERE `organisasi` = \'BEM\'
 LIMIT 1')
 3 SYSTEMPATH\Database\BaseConnection.php(652): CodeIgniter\Database\BaseConnection->simpleQuery('SELECT *
FROM `kop_surat`
WHERE `organisasi` = \'BEM\'
 LIMIT 1')
 4 SYSTEMPATH\Database\BaseBuilder.php(1649): CodeIgniter\Database\BaseConnection->query('SELECT *
FROM `kop_surat`
WHERE `organisasi` = :organisasi:
 LIMIT 1', [...], false)
 5 SYSTEMPATH\Model.php(330): CodeIgniter\Database\BaseBuilder->get()
 6 SYSTEMPATH\BaseModel.php(713): CodeIgniter\Model->doFirst()
 7 APPPATH\Controllers\SekumController.php(204): CodeIgniter\BaseModel->first()
 8 SYSTEMPATH\CodeIgniter.php(933): App\Controllers\SekumController->identitas()
 9 SYSTEMPATH\CodeIgniter.php(507): CodeIgniter\CodeIgniter->runController(Object(App\Controllers\SekumController))
10 SYSTEMPATH\CodeIgniter.php(354): CodeIgniter\CodeIgniter->handleRequest(null, Object(Config\Cache), false)
11 SYSTEMPATH\Boot.php(334): CodeIgniter\CodeIgniter->run()
12 SYSTEMPATH\Boot.php(67): CodeIgniter\Boot::runCodeIgniter(Object(CodeIgniter\CodeIgniter))
13 FCPATH\index.php(56): CodeIgniter\Boot::bootWeb(Object(Config\Paths))
14 SYSTEMPATH\rewrite.php(44): require_once('C:\\xampp\\htdocs\\Jago_Nyurat\\public\\index.php')
DEBUG - 2026-04-05 16:35:19 --> Session: Class initialized using 'CodeIgniter\Session\Handlers\FileHandler' driver.
ERROR - 2026-04-05 16:35:19 --> mysqli_sql_exception: Table 'jago_nyurat.kop_surat' doesn't exist in C:\xampp\htdocs\Jago_Nyurat\vendor\codeigniter4\framework\system\Database\MySQLi\Connection.php:327
Stack trace:
#0 C:\xampp\htdocs\Jago_Nyurat\vendor\codeigniter4\framework\system\Database\MySQLi\Connection.php(327): mysqli->query('SELECT *\nFROM `...', 0)
#1 C:\xampp\htdocs\Jago_Nyurat\vendor\codeigniter4\framework\system\Database\BaseConnection.php(738): CodeIgniter\Database\MySQLi\Connection->execute('SELECT *\nFROM `...')
#2 C:\xampp\htdocs\Jago_Nyurat\vendor\codeigniter4\framework\system\Database\BaseConnection.php(652): CodeIgniter\Database\BaseConnection->simpleQuery('SELECT *\nFROM `...')
#3 C:\xampp\htdocs\Jago_Nyurat\vendor\codeigniter4\framework\system\Database\BaseBuilder.php(1649): CodeIgniter\Database\BaseConnection->query('SELECT *\nFROM `...', Array, false)
#4 C:\xampp\htdocs\Jago_Nyurat\vendor\codeigniter4\framework\system\Model.php(330): CodeIgniter\Database\BaseBuilder->get()
#5 C:\xampp\htdocs\Jago_Nyurat\vendor\codeigniter4\framework\system\BaseModel.php(713): CodeIgniter\Model->doFirst()
#6 C:\xampp\htdocs\Jago_Nyurat\app\Controllers\SekumController.php(38): CodeIgniter\BaseModel->first()
#7 C:\xampp\htdocs\Jago_Nyurat\vendor\codeigniter4\framework\system\CodeIgniter.php(933): App\Controllers\SekumController->review('5')
#8 C:\xampp\htdocs\Jago_Nyurat\vendor\codeigniter4\framework\system\CodeIgniter.php(507): CodeIgniter\CodeIgniter->runController(Object(App\Controllers\SekumController))
#9 C:\xampp\htdocs\Jago_Nyurat\vendor\codeigniter4\framework\system\CodeIgniter.php(354): CodeIgniter\CodeIgniter->handleRequest(NULL, Object(Config\Cache), false)
#10 C:\xampp\htdocs\Jago_Nyurat\vendor\codeigniter4\framework\system\Boot.php(334): CodeIgniter\CodeIgniter->run()
#11 C:\xampp\htdocs\Jago_Nyurat\vendor\codeigniter4\framework\system\Boot.php(67): CodeIgniter\Boot::runCodeIgniter(Object(CodeIgniter\CodeIgniter))
#12 C:\xampp\htdocs\Jago_Nyurat\public\index.php(56): CodeIgniter\Boot::bootWeb(Object(Config\Paths))
#13 C:\xampp\htdocs\Jago_Nyurat\vendor\codeigniter4\framework\system\rewrite.php(44): require_once('C:\\xampp\\htdocs...')
#14 {main}
CRITICAL - 2026-04-05 16:35:19 --> CodeIgniter\Database\Exceptions\DatabaseException: Table 'jago_nyurat.kop_surat' doesn't exist
[Method: GET, Route: sekum/surat/review/5]
in SYSTEMPATH\Database\BaseConnection.php on line 692.
 1 SYSTEMPATH\Database\BaseBuilder.php(1649): CodeIgniter\Database\BaseConnection->query('SELECT *
FROM `kop_surat`
WHERE `organisasi` = :organisasi:
 LIMIT 1', [...], false)
 2 SYSTEMPATH\Model.php(330): CodeIgniter\Database\BaseBuilder->get()
 3 SYSTEMPATH\BaseModel.php(713): CodeIgniter\Model->doFirst()
 4 APPPATH\Controllers\SekumController.php(38): CodeIgniter\BaseModel->first()
 5 SYSTEMPATH\CodeIgniter.php(933): App\Controllers\SekumController->review('5')
 6 SYSTEMPATH\CodeIgniter.php(507): CodeIgniter\CodeIgniter->runController(Object(App\Controllers\SekumController))
 7 SYSTEMPATH\CodeIgniter.php(354): CodeIgniter\CodeIgniter->handleRequest(null, Object(Config\Cache), false)
 8 SYSTEMPATH\Boot.php(334): CodeIgniter\CodeIgniter->run()
 9 SYSTEMPATH\Boot.php(67): CodeIgniter\Boot::runCodeIgniter(Object(CodeIgniter\CodeIgniter))
10 FCPATH\index.php(56): CodeIgniter\Boot::bootWeb(Object(Config\Paths))
11 SYSTEMPATH\rewrite.php(44): require_once('C:\\xampp\\htdocs\\Jago_Nyurat\\public\\index.php')
CRITICAL - 2026-04-05 16:35:19 --> [Caused by] CodeIgniter\Database\Exceptions\DatabaseException: Table 'jago_nyurat.kop_surat' doesn't exist
in SYSTEMPATH\Database\MySQLi\Connection.php on line 332.
 1 SYSTEMPATH\Database\BaseConnection.php(738): CodeIgniter\Database\MySQLi\Connection->execute('SELECT *
FROM `kop_surat`
WHERE `organisasi` = \'BEM\'
 LIMIT 1')
 2 SYSTEMPATH\Database\BaseConnection.php(652): CodeIgniter\Database\BaseConnection->simpleQuery('SELECT *
FROM `kop_surat`
WHERE `organisasi` = \'BEM\'
 LIMIT 1')
 3 SYSTEMPATH\Database\BaseBuilder.php(1649): CodeIgniter\Database\BaseConnection->query('SELECT *
FROM `kop_surat`
WHERE `organisasi` = :organisasi:
 LIMIT 1', [...], false)
 4 SYSTEMPATH\Model.php(330): CodeIgniter\Database\BaseBuilder->get()
 5 SYSTEMPATH\BaseModel.php(713): CodeIgniter\Model->doFirst()
 6 APPPATH\Controllers\SekumController.php(38): CodeIgniter\BaseModel->first()
 7 SYSTEMPATH\CodeIgniter.php(933): App\Controllers\SekumController->review('5')
 8 SYSTEMPATH\CodeIgniter.php(507): CodeIgniter\CodeIgniter->runController(Object(App\Controllers\SekumController))
 9 SYSTEMPATH\CodeIgniter.php(354): CodeIgniter\CodeIgniter->handleRequest(null, Object(Config\Cache), false)
10 SYSTEMPATH\Boot.php(334): CodeIgniter\CodeIgniter->run()
11 SYSTEMPATH\Boot.php(67): CodeIgniter\Boot::runCodeIgniter(Object(CodeIgniter\CodeIgniter))
12 FCPATH\index.php(56): CodeIgniter\Boot::bootWeb(Object(Config\Paths))
13 SYSTEMPATH\rewrite.php(44): require_once('C:\\xampp\\htdocs\\Jago_Nyurat\\public\\index.php')
CRITICAL - 2026-04-05 16:35:19 --> [Caused by] mysqli_sql_exception: Table 'jago_nyurat.kop_surat' doesn't exist
in SYSTEMPATH\Database\MySQLi\Connection.php on line 327.
 1 SYSTEMPATH\Database\MySQLi\Connection.php(327): mysqli->query('SELECT *
FROM `kop_surat`
WHERE `organisasi` = \'BEM\'
 LIMIT 1', 0)
 2 SYSTEMPATH\Database\BaseConnection.php(738): CodeIgniter\Database\MySQLi\Connection->execute('SELECT *
FROM `kop_surat`
WHERE `organisasi` = \'BEM\'
 LIMIT 1')
 3 SYSTEMPATH\Database\BaseConnection.php(652): CodeIgniter\Database\BaseConnection->simpleQuery('SELECT *
FROM `kop_surat`
WHERE `organisasi` = \'BEM\'
 LIMIT 1')
 4 SYSTEMPATH\Database\BaseBuilder.php(1649): CodeIgniter\Database\BaseConnection->query('SELECT *
FROM `kop_surat`
WHERE `organisasi` = :organisasi:
 LIMIT 1', [...], false)
 5 SYSTEMPATH\Model.php(330): CodeIgniter\Database\BaseBuilder->get()
 6 SYSTEMPATH\BaseModel.php(713): CodeIgniter\Model->doFirst()
 7 APPPATH\Controllers\SekumController.php(38): CodeIgniter\BaseModel->first()
 8 SYSTEMPATH\CodeIgniter.php(933): App\Controllers\SekumController->review('5')
 9 SYSTEMPATH\CodeIgniter.php(507): CodeIgniter\CodeIgniter->runController(Object(App\Controllers\SekumController))
10 SYSTEMPATH\CodeIgniter.php(354): CodeIgniter\CodeIgniter->handleRequest(null, Object(Config\Cache), false)
11 SYSTEMPATH\Boot.php(334): CodeIgniter\CodeIgniter->run()
12 SYSTEMPATH\Boot.php(67): CodeIgniter\Boot::runCodeIgniter(Object(CodeIgniter\CodeIgniter))
13 FCPATH\index.php(56): CodeIgniter\Boot::bootWeb(Object(Config\Paths))
14 SYSTEMPATH\rewrite.php(44): require_once('C:\\xampp\\htdocs\\Jago_Nyurat\\public\\index.php')
DEBUG - 2026-04-05 16:37:50 --> Session: Class initialized using 'CodeIgniter\Session\Handlers\FileHandler' driver.
DEBUG - 2026-04-05 16:37:51 --> Session: Class initialized using 'CodeIgniter\Session\Handlers\FileHandler' driver.
DEBUG - 2026-04-05 16:38:00 --> Session: Class initialized using 'CodeIgniter\Session\Handlers\FileHandler' driver.
DEBUG - 2026-04-05 16:38:01 --> Session: Class initialized using 'CodeIgniter\Session\Handlers\FileHandler' driver.
DEBUG - 2026-04-05 16:38:02 --> Session: Class initialized using 'CodeIgniter\Session\Handlers\FileHandler' driver.
DEBUG - 2026-04-05 16:38:02 --> Session: Class initialized using 'CodeIgniter\Session\Handlers\FileHandler' driver.
DEBUG - 2026-04-05 16:38:11 --> Session: Class initialized using 'CodeIgniter\Session\Handlers\FileHandler' driver.
DEBUG - 2026-04-05 16:38:11 --> Session: Class initialized using 'CodeIgniter\Session\Handlers\FileHandler' driver.
DEBUG - 2026-04-05 16:38:14 --> Session: Class initialized using 'CodeIgniter\Session\Handlers\FileHandler' driver.
CRITICAL - 2026-04-05 16:38:14 --> ErrorException: Undefined array key "npm"
[Method: GET, Route: sekum/identitas]
in APPPATH\Views\Sekum\identitas.php on line 122.
 1 APPPATH\Views\Sekum\identitas.php(122): CodeIgniter\Debug\Exceptions->errorHandler(2, 'Undefined array key "npm"', 'C:\\xampp\\htdocs\\Jago_Nyurat\\app\\Views\\Sekum\\identitas.php', 122)
 2 SYSTEMPATH\View\View.php(224): include('C:\\xampp\\htdocs\\Jago_Nyurat\\app\\Views\\Sekum\\identitas.php')
 3 SYSTEMPATH\View\View.php(227): CodeIgniter\View\View->CodeIgniter\View\{closure}()
 4 SYSTEMPATH\Common.php(1173): CodeIgniter\View\View->render('Sekum/identitas', [], true)
 5 APPPATH\Controllers\SekumController.php(207): view('Sekum/identitas', [...])
 6 SYSTEMPATH\CodeIgniter.php(933): App\Controllers\SekumController->identitas()
 7 SYSTEMPATH\CodeIgniter.php(507): CodeIgniter\CodeIgniter->runController(Object(App\Controllers\SekumController))
 8 SYSTEMPATH\CodeIgniter.php(354): CodeIgniter\CodeIgniter->handleRequest(null, Object(Config\Cache), false)
 9 SYSTEMPATH\Boot.php(334): CodeIgniter\CodeIgniter->run()
10 SYSTEMPATH\Boot.php(67): CodeIgniter\Boot::runCodeIgniter(Object(CodeIgniter\CodeIgniter))
11 FCPATH\index.php(56): CodeIgniter\Boot::bootWeb(Object(Config\Paths))
12 SYSTEMPATH\rewrite.php(44): require_once('C:\\xampp\\htdocs\\Jago_Nyurat\\public\\index.php')
DEBUG - 2026-04-05 16:38:19 --> Session: Class initialized using 'CodeIgniter\Session\Handlers\FileHandler' driver.
DEBUG - 2026-04-05 16:38:56 --> Session: Class initialized using 'CodeIgniter\Session\Handlers\FileHandler' driver.
DEBUG - 2026-04-05 16:38:58 --> Session: Class initialized using 'CodeIgniter\Session\Handlers\FileHandler' driver.
CRITICAL - 2026-04-05 16:38:58 --> ErrorException: Undefined array key "npm"
[Method: GET, Route: sekum/identitas]
in APPPATH\Views\Sekum\identitas.php on line 122.
 1 APPPATH\Views\Sekum\identitas.php(122): CodeIgniter\Debug\Exceptions->errorHandler(2, 'Undefined array key "npm"', 'C:\\xampp\\htdocs\\Jago_Nyurat\\app\\Views\\Sekum\\identitas.php', 122)
 2 SYSTEMPATH\View\View.php(224): include('C:\\xampp\\htdocs\\Jago_Nyurat\\app\\Views\\Sekum\\identitas.php')
 3 SYSTEMPATH\View\View.php(227): CodeIgniter\View\View->CodeIgniter\View\{closure}()
 4 SYSTEMPATH\Common.php(1173): CodeIgniter\View\View->render('Sekum/identitas', [], true)
 5 APPPATH\Controllers\SekumController.php(207): view('Sekum/identitas', [...])
 6 SYSTEMPATH\CodeIgniter.php(933): App\Controllers\SekumController->identitas()
 7 SYSTEMPATH\CodeIgniter.php(507): CodeIgniter\CodeIgniter->runController(Object(App\Controllers\SekumController))
 8 SYSTEMPATH\CodeIgniter.php(354): CodeIgniter\CodeIgniter->handleRequest(null, Object(Config\Cache), false)
 9 SYSTEMPATH\Boot.php(334): CodeIgniter\CodeIgniter->run()
10 SYSTEMPATH\Boot.php(67): CodeIgniter\Boot::runCodeIgniter(Object(CodeIgniter\CodeIgniter))
11 FCPATH\index.php(56): CodeIgniter\Boot::bootWeb(Object(Config\Paths))
12 SYSTEMPATH\rewrite.php(44): require_once('C:\\xampp\\htdocs\\Jago_Nyurat\\public\\index.php')
DEBUG - 2026-04-05 16:41:41 --> Session: Class initialized using 'CodeIgniter\Session\Handlers\FileHandler' driver.
DEBUG - 2026-04-05 16:41:42 --> Session: Class initialized using 'CodeIgniter\Session\Handlers\FileHandler' driver.
DEBUG - 2026-04-05 16:42:16 --> Session: Class initialized using 'CodeIgniter\Session\Handlers\FileHandler' driver.
DEBUG - 2026-04-05 16:42:17 --> Session: Class initialized using 'CodeIgniter\Session\Handlers\FileHandler' driver.
DEBUG - 2026-04-05 16:42:19 --> Session: Class initialized using 'CodeIgniter\Session\Handlers\FileHandler' driver.
DEBUG - 2026-04-05 19:14:50 --> Session: Class initialized using 'CodeIgniter\Session\Handlers\FileHandler' driver.
DEBUG - 2026-04-05 19:14:54 --> Session: Class initialized using 'CodeIgniter\Session\Handlers\FileHandler' driver.
DEBUG - 2026-04-05 19:14:54 --> Session: Class initialized using 'CodeIgniter\Session\Handlers\FileHandler' driver.
DEBUG - 2026-04-05 19:15:16 --> Session: Class initialized using 'CodeIgniter\Session\Handlers\FileHandler' driver.
DEBUG - 2026-04-05 19:15:16 --> Session: Class initialized using 'CodeIgniter\Session\Handlers\FileHandler' driver.
DEBUG - 2026-04-05 19:15:49 --> Session: Class initialized using 'CodeIgniter\Session\Handlers\FileHandler' driver.
ERROR - 2026-04-05 19:15:55 --> Error connecting to the database: mysqli_sql_exception: No connection could be made because the target machine actively refused it in C:\xampp\htdocs\Jago_Nyurat\vendor\codeigniter4\framework\system\Database\MySQLi\Connection.php:201
Stack trace:
#0 C:\xampp\htdocs\Jago_Nyurat\vendor\codeigniter4\framework\system\Database\MySQLi\Connection.php(201): mysqli->real_connect('localhost', 'root', Object(SensitiveParameterValue), 'jago_nyurat', 3306, '', 0)
#1 C:\xampp\htdocs\Jago_Nyurat\vendor\codeigniter4\framework\system\Database\BaseConnection.php(421): CodeIgniter\Database\MySQLi\Connection->connect(false)
#2 C:\xampp\htdocs\Jago_Nyurat\vendor\codeigniter4\framework\system\Database\BaseConnection.php(620): CodeIgniter\Database\BaseConnection->initialize()
#3 C:\xampp\htdocs\Jago_Nyurat\vendor\codeigniter4\framework\system\Database\BaseBuilder.php(1649): CodeIgniter\Database\BaseConnection->query('SELECT *\nFROM `...', Array, false)
#4 C:\xampp\htdocs\Jago_Nyurat\vendor\codeigniter4\framework\system\Model.php(330): CodeIgniter\Database\BaseBuilder->get()
#5 C:\xampp\htdocs\Jago_Nyurat\vendor\codeigniter4\framework\system\BaseModel.php(713): CodeIgniter\Model->doFirst()
#6 C:\xampp\htdocs\Jago_Nyurat\vendor\myth\auth\src\Authentication\LocalAuthenticator.php(140): CodeIgniter\BaseModel->first()
#7 C:\xampp\htdocs\Jago_Nyurat\vendor\myth\auth\src\Authentication\LocalAuthenticator.php(19): Myth\Auth\Authentication\LocalAuthenticator->validate(Array, true)
#8 C:\xampp\htdocs\Jago_Nyurat\vendor\myth\auth\src\Controllers\AuthController.php(87): Myth\Auth\Authentication\LocalAuthenticator->attempt(Array, false)
#9 C:\xampp\htdocs\Jago_Nyurat\vendor\codeigniter4\framework\system\CodeIgniter.php(933): Myth\Auth\Controllers\AuthController->attemptLogin()
#10 C:\xampp\htdocs\Jago_Nyurat\vendor\codeigniter4\framework\system\CodeIgniter.php(507): CodeIgniter\CodeIgniter->runController(Object(Myth\Auth\Controllers\AuthController))
#11 C:\xampp\htdocs\Jago_Nyurat\vendor\codeigniter4\framework\system\CodeIgniter.php(354): CodeIgniter\CodeIgniter->handleRequest(NULL, Object(Config\Cache), false)
#12 C:\xampp\htdocs\Jago_Nyurat\vendor\codeigniter4\framework\system\Boot.php(334): CodeIgniter\CodeIgniter->run()
#13 C:\xampp\htdocs\Jago_Nyurat\vendor\codeigniter4\framework\system\Boot.php(67): CodeIgniter\Boot::runCodeIgniter(Object(CodeIgniter\CodeIgniter))
#14 C:\xampp\htdocs\Jago_Nyurat\public\index.php(56): CodeIgniter\Boot::bootWeb(Object(Config\Paths))
#15 C:\xampp\htdocs\Jago_Nyurat\vendor\codeigniter4\framework\system\rewrite.php(44): require_once('C:\\xampp\\htdocs...')
#16 {main}

Next CodeIgniter\Database\Exceptions\DatabaseException: No connection could be made because the target machine actively refused it in C:\xampp\htdocs\Jago_Nyurat\vendor\codeigniter4\framework\system\Database\MySQLi\Connection.php:246
Stack trace:
#0 C:\xampp\htdocs\Jago_Nyurat\vendor\codeigniter4\framework\system\Database\BaseConnection.php(421): CodeIgniter\Database\MySQLi\Connection->connect(false)
#1 C:\xampp\htdocs\Jago_Nyurat\vendor\codeigniter4\framework\system\Database\BaseConnection.php(620): CodeIgniter\Database\BaseConnection->initialize()
#2 C:\xampp\htdocs\Jago_Nyurat\vendor\codeigniter4\framework\system\Database\BaseBuilder.php(1649): CodeIgniter\Database\BaseConnection->query('SELECT *\nFROM `...', Array, false)
#3 C:\xampp\htdocs\Jago_Nyurat\vendor\codeigniter4\framework\system\Model.php(330): CodeIgniter\Database\BaseBuilder->get()
#4 C:\xampp\htdocs\Jago_Nyurat\vendor\codeigniter4\framework\system\BaseModel.php(713): CodeIgniter\Model->doFirst()
#5 C:\xampp\htdocs\Jago_Nyurat\vendor\myth\auth\src\Authentication\LocalAuthenticator.php(140): CodeIgniter\BaseModel->first()
#6 C:\xampp\htdocs\Jago_Nyurat\vendor\myth\auth\src\Authentication\LocalAuthenticator.php(19): Myth\Auth\Authentication\LocalAuthenticator->validate(Array, true)
#7 C:\xampp\htdocs\Jago_Nyurat\vendor\myth\auth\src\Controllers\AuthController.php(87): Myth\Auth\Authentication\LocalAuthenticator->attempt(Array, false)
#8 C:\xampp\htdocs\Jago_Nyurat\vendor\codeigniter4\framework\system\CodeIgniter.php(933): Myth\Auth\Controllers\AuthController->attemptLogin()
#9 C:\xampp\htdocs\Jago_Nyurat\vendor\codeigniter4\framework\system\CodeIgniter.php(507): CodeIgniter\CodeIgniter->runController(Object(Myth\Auth\Controllers\AuthController))
#10 C:\xampp\htdocs\Jago_Nyurat\vendor\codeigniter4\framework\system\CodeIgniter.php(354): CodeIgniter\CodeIgniter->handleRequest(NULL, Object(Config\Cache), false)
#11 C:\xampp\htdocs\Jago_Nyurat\vendor\codeigniter4\framework\system\Boot.php(334): CodeIgniter\CodeIgniter->run()
#12 C:\xampp\htdocs\Jago_Nyurat\vendor\codeigniter4\framework\system\Boot.php(67): CodeIgniter\Boot::runCodeIgniter(Object(CodeIgniter\CodeIgniter))
#13 C:\xampp\htdocs\Jago_Nyurat\public\index.php(56): CodeIgniter\Boot::bootWeb(Object(Config\Paths))
#14 C:\xampp\htdocs\Jago_Nyurat\vendor\codeigniter4\framework\system\rewrite.php(44): require_once('C:\\xampp\\htdocs...')
#15 {main}
CRITICAL - 2026-04-05 19:15:55 --> CodeIgniter\Database\Exceptions\DatabaseException: Unable to connect to the database.
Main connection [MySQLi]: No connection could be made because the target machine actively refused it
[Method: POST, Route: login]
in SYSTEMPATH\Database\BaseConnection.php on line 467.
 1 SYSTEMPATH\Database\BaseConnection.php(620): CodeIgniter\Database\BaseConnection->initialize()
 2 SYSTEMPATH\Database\BaseBuilder.php(1649): CodeIgniter\Database\BaseConnection->query('SELECT *
FROM `users`
WHERE `email` = :email:
AND `users`.`deleted_at` IS NULL
 LIMIT 1', [...], false)
 3 SYSTEMPATH\Model.php(330): CodeIgniter\Database\BaseBuilder->get()
 4 SYSTEMPATH\BaseModel.php(713): CodeIgniter\Model->doFirst()
 5 VENDORPATH\myth\auth\src\Authentication\LocalAuthenticator.php(140): CodeIgniter\BaseModel->first()
 6 VENDORPATH\myth\auth\src\Authentication\LocalAuthenticator.php(19): Myth\Auth\Authentication\LocalAuthenticator->validate([...], true)
 7 VENDORPATH\myth\auth\src\Controllers\AuthController.php(87): Myth\Auth\Authentication\LocalAuthenticator->attempt([...], false)
 8 SYSTEMPATH\CodeIgniter.php(933): Myth\Auth\Controllers\AuthController->attemptLogin()
 9 SYSTEMPATH\CodeIgniter.php(507): CodeIgniter\CodeIgniter->runController(Object(Myth\Auth\Controllers\AuthController))
10 SYSTEMPATH\CodeIgniter.php(354): CodeIgniter\CodeIgniter->handleRequest(null, Object(Config\Cache), false)
11 SYSTEMPATH\Boot.php(334): CodeIgniter\CodeIgniter->run()
12 SYSTEMPATH\Boot.php(67): CodeIgniter\Boot::runCodeIgniter(Object(CodeIgniter\CodeIgniter))
13 FCPATH\index.php(56): CodeIgniter\Boot::bootWeb(Object(Config\Paths))
14 SYSTEMPATH\rewrite.php(44): require_once('C:\\xampp\\htdocs\\Jago_Nyurat\\public\\index.php')
DEBUG - 2026-04-05 19:16:10 --> Session: Class initialized using 'CodeIgniter\Session\Handlers\FileHandler' driver.
DEBUG - 2026-04-05 19:16:11 --> Session: Class initialized using 'CodeIgniter\Session\Handlers\FileHandler' driver.
DEBUG - 2026-04-05 19:16:16 --> Session: Class initialized using 'CodeIgniter\Session\Handlers\FileHandler' driver.
DEBUG - 2026-04-05 19:16:31 --> Session: Class initialized using 'CodeIgniter\Session\Handlers\FileHandler' driver.
DEBUG - 2026-04-05 19:16:31 --> Session: Class initialized using 'CodeIgniter\Session\Handlers\FileHandler' driver.
DEBUG - 2026-04-05 19:16:47 --> Session: Class initialized using 'CodeIgniter\Session\Handlers\FileHandler' driver.
DEBUG - 2026-04-05 19:16:47 --> Session: Class initialized using 'CodeIgniter\Session\Handlers\FileHandler' driver.
DEBUG - 2026-04-05 19:16:55 --> Session: Class initialized using 'CodeIgniter\Session\Handlers\FileHandler' driver.
DEBUG - 2026-04-05 19:16:55 --> Session: Class initialized using 'CodeIgniter\Session\Handlers\FileHandler' driver.
DEBUG - 2026-04-05 19:16:59 --> Session: Class initialized using 'CodeIgniter\Session\Handlers\FileHandler' driver.
DEBUG - 2026-04-05 19:17:21 --> Session: Class initialized using 'CodeIgniter\Session\Handlers\FileHandler' driver.
DEBUG - 2026-04-05 19:17:27 --> Session: Class initialized using 'CodeIgniter\Session\Handlers\FileHandler' driver.
DEBUG - 2026-04-05 19:20:12 --> Session: Class initialized using 'CodeIgniter\Session\Handlers\FileHandler' driver.
DEBUG - 2026-04-05 19:20:23 --> Session: Class initialized using 'CodeIgniter\Session\Handlers\FileHandler' driver.
DEBUG - 2026-04-05 19:20:41 --> Session: Class initialized using 'CodeIgniter\Session\Handlers\FileHandler' driver.
DEBUG - 2026-04-05 19:20:49 --> Session: Class initialized using 'CodeIgniter\Session\Handlers\FileHandler' driver.
DEBUG - 2026-04-05 19:20:50 --> Session: Class initialized using 'CodeIgniter\Session\Handlers\FileHandler' driver.
DEBUG - 2026-04-05 19:20:57 --> Session: Class initialized using 'CodeIgniter\Session\Handlers\FileHandler' driver.
DEBUG - 2026-04-05 19:20:58 --> Session: Class initialized using 'CodeIgniter\Session\Handlers\FileHandler' driver.
CRITICAL - 2026-04-05 19:20:58 --> Myth\Auth\Exceptions\PermissionException: You do not have sufficient permissions to access that page.
[Method: GET, Route: admin]
in VENDORPATH\myth\auth\src\Filters\RoleFilter.php on line 45.
 1 SYSTEMPATH\Filters\Filters.php(241): Myth\Auth\Filters\RoleFilter->before(Object(CodeIgniter\HTTP\IncomingRequest), [...])
 2 SYSTEMPATH\Filters\Filters.php(221): CodeIgniter\Filters\Filters->runBefore([...])
 3 SYSTEMPATH\CodeIgniter.php(479): CodeIgniter\Filters\Filters->run('admin', 'before')
 4 SYSTEMPATH\CodeIgniter.php(354): CodeIgniter\CodeIgniter->handleRequest(null, Object(Config\Cache), false)
 5 SYSTEMPATH\Boot.php(334): CodeIgniter\CodeIgniter->run()
 6 SYSTEMPATH\Boot.php(67): CodeIgniter\Boot::runCodeIgniter(Object(CodeIgniter\CodeIgniter))
 7 FCPATH\index.php(56): CodeIgniter\Boot::bootWeb(Object(Config\Paths))
 8 SYSTEMPATH\rewrite.php(44): require_once('C:\\xampp\\htdocs\\Jago_Nyurat\\public\\index.php')
DEBUG - 2026-04-05 19:22:30 --> Session: Class initialized using 'CodeIgniter\Session\Handlers\FileHandler' driver.
DEBUG - 2026-04-05 19:22:51 --> Session: Class initialized using 'CodeIgniter\Session\Handlers\FileHandler' driver.
DEBUG - 2026-04-05 19:22:55 --> Session: Class initialized using 'CodeIgniter\Session\Handlers\FileHandler' driver.
DEBUG - 2026-04-05 19:23:51 --> Session: Class initialized using 'CodeIgniter\Session\Handlers\FileHandler' driver.
DEBUG - 2026-04-05 19:23:51 --> Session: Class initialized using 'CodeIgniter\Session\Handlers\FileHandler' driver.
DEBUG - 2026-04-05 19:23:58 --> Session: Class initialized using 'CodeIgniter\Session\Handlers\FileHandler' driver.
DEBUG - 2026-04-05 19:24:02 --> Session: Class initialized using 'CodeIgniter\Session\Handlers\FileHandler' driver.
ERROR - 2026-04-05 19:24:02 --> mysqli_sql_exception: Table 'jago_nyurat.surat_komentar' doesn't exist in C:\xampp\htdocs\Jago_Nyurat\vendor\codeigniter4\framework\system\Database\MySQLi\Connection.php:327
Stack trace:
#0 C:\xampp\htdocs\Jago_Nyurat\vendor\codeigniter4\framework\system\Database\MySQLi\Connection.php(327): mysqli->query('SELECT *\nFROM `...', 0)
#1 C:\xampp\htdocs\Jago_Nyurat\vendor\codeigniter4\framework\system\Database\BaseConnection.php(738): CodeIgniter\Database\MySQLi\Connection->execute('SELECT *\nFROM `...')
#2 C:\xampp\htdocs\Jago_Nyurat\vendor\codeigniter4\framework\system\Database\BaseConnection.php(652): CodeIgniter\Database\BaseConnection->simpleQuery('SELECT *\nFROM `...')
#3 C:\xampp\htdocs\Jago_Nyurat\vendor\codeigniter4\framework\system\Database\BaseBuilder.php(1649): CodeIgniter\Database\BaseConnection->query('SELECT *\nFROM `...', Array, false)
#4 C:\xampp\htdocs\Jago_Nyurat\vendor\codeigniter4\framework\system\Model.php(286): CodeIgniter\Database\BaseBuilder->get()
#5 C:\xampp\htdocs\Jago_Nyurat\vendor\codeigniter4\framework\system\BaseModel.php(675): CodeIgniter\Model->doFindAll(0, 0)
#6 C:\xampp\htdocs\Jago_Nyurat\app\Controllers\SekpelController.php(149): CodeIgniter\BaseModel->findAll()
#7 C:\xampp\htdocs\Jago_Nyurat\vendor\codeigniter4\framework\system\CodeIgniter.php(933): App\Controllers\SekpelController->editSurat('6')
#8 C:\xampp\htdocs\Jago_Nyurat\vendor\codeigniter4\framework\system\CodeIgniter.php(507): CodeIgniter\CodeIgniter->runController(Object(App\Controllers\SekpelController))
#9 C:\xampp\htdocs\Jago_Nyurat\vendor\codeigniter4\framework\system\CodeIgniter.php(354): CodeIgniter\CodeIgniter->handleRequest(NULL, Object(Config\Cache), false)
#10 C:\xampp\htdocs\Jago_Nyurat\vendor\codeigniter4\framework\system\Boot.php(334): CodeIgniter\CodeIgniter->run()
#11 C:\xampp\htdocs\Jago_Nyurat\vendor\codeigniter4\framework\system\Boot.php(67): CodeIgniter\Boot::runCodeIgniter(Object(CodeIgniter\CodeIgniter))
#12 C:\xampp\htdocs\Jago_Nyurat\public\index.php(56): CodeIgniter\Boot::bootWeb(Object(Config\Paths))
#13 C:\xampp\htdocs\Jago_Nyurat\vendor\codeigniter4\framework\system\rewrite.php(44): require_once('C:\\xampp\\htdocs...')
#14 {main}
CRITICAL - 2026-04-05 19:24:02 --> CodeIgniter\Database\Exceptions\DatabaseException: Table 'jago_nyurat.surat_komentar' doesn't exist
[Method: GET, Route: sekpel/surat/edit/6]
in SYSTEMPATH\Database\BaseConnection.php on line 692.
 1 SYSTEMPATH\Database\BaseBuilder.php(1649): CodeIgniter\Database\BaseConnection->query('SELECT *
FROM `surat_komentar`
WHERE `surat_id` = :surat_id:', [...], false)
 2 SYSTEMPATH\Model.php(286): CodeIgniter\Database\BaseBuilder->get()
 3 SYSTEMPATH\BaseModel.php(675): CodeIgniter\Model->doFindAll(0, 0)
 4 APPPATH\Controllers\SekpelController.php(149): CodeIgniter\BaseModel->findAll()
 5 SYSTEMPATH\CodeIgniter.php(933): App\Controllers\SekpelController->editSurat('6')
 6 SYSTEMPATH\CodeIgniter.php(507): CodeIgniter\CodeIgniter->runController(Object(App\Controllers\SekpelController))
 7 SYSTEMPATH\CodeIgniter.php(354): CodeIgniter\CodeIgniter->handleRequest(null, Object(Config\Cache), false)
 8 SYSTEMPATH\Boot.php(334): CodeIgniter\CodeIgniter->run()
 9 SYSTEMPATH\Boot.php(67): CodeIgniter\Boot::runCodeIgniter(Object(CodeIgniter\CodeIgniter))
10 FCPATH\index.php(56): CodeIgniter\Boot::bootWeb(Object(Config\Paths))
11 SYSTEMPATH\rewrite.php(44): require_once('C:\\xampp\\htdocs\\Jago_Nyurat\\public\\index.php')
CRITICAL - 2026-04-05 19:24:02 --> [Caused by] CodeIgniter\Database\Exceptions\DatabaseException: Table 'jago_nyurat.surat_komentar' doesn't exist
in SYSTEMPATH\Database\MySQLi\Connection.php on line 332.
 1 SYSTEMPATH\Database\BaseConnection.php(738): CodeIgniter\Database\MySQLi\Connection->execute('SELECT *
FROM `surat_komentar`
WHERE `surat_id` = \'6\'')
 2 SYSTEMPATH\Database\BaseConnection.php(652): CodeIgniter\Database\BaseConnection->simpleQuery('SELECT *
FROM `surat_komentar`
WHERE `surat_id` = \'6\'')
 3 SYSTEMPATH\Database\BaseBuilder.php(1649): CodeIgniter\Database\BaseConnection->query('SELECT *
FROM `surat_komentar`
WHERE `surat_id` = :surat_id:', [...], false)
 4 SYSTEMPATH\Model.php(286): CodeIgniter\Database\BaseBuilder->get()
 5 SYSTEMPATH\BaseModel.php(675): CodeIgniter\Model->doFindAll(0, 0)
 6 APPPATH\Controllers\SekpelController.php(149): CodeIgniter\BaseModel->findAll()
 7 SYSTEMPATH\CodeIgniter.php(933): App\Controllers\SekpelController->editSurat('6')
 8 SYSTEMPATH\CodeIgniter.php(507): CodeIgniter\CodeIgniter->runController(Object(App\Controllers\SekpelController))
 9 SYSTEMPATH\CodeIgniter.php(354): CodeIgniter\CodeIgniter->handleRequest(null, Object(Config\Cache), false)
10 SYSTEMPATH\Boot.php(334): CodeIgniter\CodeIgniter->run()
11 SYSTEMPATH\Boot.php(67): CodeIgniter\Boot::runCodeIgniter(Object(CodeIgniter\CodeIgniter))
12 FCPATH\index.php(56): CodeIgniter\Boot::bootWeb(Object(Config\Paths))
13 SYSTEMPATH\rewrite.php(44): require_once('C:\\xampp\\htdocs\\Jago_Nyurat\\public\\index.php')
CRITICAL - 2026-04-05 19:24:02 --> [Caused by] mysqli_sql_exception: Table 'jago_nyurat.surat_komentar' doesn't exist
in SYSTEMPATH\Database\MySQLi\Connection.php on line 327.
 1 SYSTEMPATH\Database\MySQLi\Connection.php(327): mysqli->query('SELECT *
FROM `surat_komentar`
WHERE `surat_id` = \'6\'', 0)
 2 SYSTEMPATH\Database\BaseConnection.php(738): CodeIgniter\Database\MySQLi\Connection->execute('SELECT *
FROM `surat_komentar`
WHERE `surat_id` = \'6\'')
 3 SYSTEMPATH\Database\BaseConnection.php(652): CodeIgniter\Database\BaseConnection->simpleQuery('SELECT *
FROM `surat_komentar`
WHERE `surat_id` = \'6\'')
 4 SYSTEMPATH\Database\BaseBuilder.php(1649): CodeIgniter\Database\BaseConnection->query('SELECT *
FROM `surat_komentar`
WHERE `surat_id` = :surat_id:', [...], false)
 5 SYSTEMPATH\Model.php(286): CodeIgniter\Database\BaseBuilder->get()
 6 SYSTEMPATH\BaseModel.php(675): CodeIgniter\Model->doFindAll(0, 0)
 7 APPPATH\Controllers\SekpelController.php(149): CodeIgniter\BaseModel->findAll()
 8 SYSTEMPATH\CodeIgniter.php(933): App\Controllers\SekpelController->editSurat('6')
 9 SYSTEMPATH\CodeIgniter.php(507): CodeIgniter\CodeIgniter->runController(Object(App\Controllers\SekpelController))
10 SYSTEMPATH\CodeIgniter.php(354): CodeIgniter\CodeIgniter->handleRequest(null, Object(Config\Cache), false)
11 SYSTEMPATH\Boot.php(334): CodeIgniter\CodeIgniter->run()
12 SYSTEMPATH\Boot.php(67): CodeIgniter\Boot::runCodeIgniter(Object(CodeIgniter\CodeIgniter))
13 FCPATH\index.php(56): CodeIgniter\Boot::bootWeb(Object(Config\Paths))
14 SYSTEMPATH\rewrite.php(44): require_once('C:\\xampp\\htdocs\\Jago_Nyurat\\public\\index.php')
DEBUG - 2026-04-05 19:25:21 --> Session: Class initialized using 'CodeIgniter\Session\Handlers\FileHandler' driver.
DEBUG - 2026-04-05 19:25:22 --> Session: Class initialized using 'CodeIgniter\Session\Handlers\FileHandler' driver.
DEBUG - 2026-04-05 19:25:36 --> Session: Class initialized using 'CodeIgniter\Session\Handlers\FileHandler' driver.
DEBUG - 2026-04-05 19:25:52 --> Session: Class initialized using 'CodeIgniter\Session\Handlers\FileHandler' driver.
CRITICAL - 2026-04-05 19:25:52 --> ErrorException: Undefined array key "proker_id"
[Method: POST, Route: sekpel/surat/preview]
in APPPATH\Controllers\SekpelController.php on line 342.
 1 APPPATH\Controllers\SekpelController.php(342): CodeIgniter\Debug\Exceptions->errorHandler(2, 'Undefined array key "proker_id"', 'C:\\xampp\\htdocs\\Jago_Nyurat\\app\\Controllers\\SekpelController.php', 342)
 2 SYSTEMPATH\CodeIgniter.php(933): App\Controllers\SekpelController->previewHtml()
 3 SYSTEMPATH\CodeIgniter.php(507): CodeIgniter\CodeIgniter->runController(Object(App\Controllers\SekpelController))
 4 SYSTEMPATH\CodeIgniter.php(354): CodeIgniter\CodeIgniter->handleRequest(null, Object(Config\Cache), false)
 5 SYSTEMPATH\Boot.php(334): CodeIgniter\CodeIgniter->run()
 6 SYSTEMPATH\Boot.php(67): CodeIgniter\Boot::runCodeIgniter(Object(CodeIgniter\CodeIgniter))
 7 FCPATH\index.php(56): CodeIgniter\Boot::bootWeb(Object(Config\Paths))
 8 SYSTEMPATH\rewrite.php(44): require_once('C:\\xampp\\htdocs\\Jago_Nyurat\\public\\index.php')
DEBUG - 2026-04-05 19:26:02 --> Session: Class initialized using 'CodeIgniter\Session\Handlers\FileHandler' driver.
CRITICAL - 2026-04-05 19:26:02 --> ErrorException: Undefined array key "proker_id"
[Method: POST, Route: sekpel/surat/preview]
in APPPATH\Controllers\SekpelController.php on line 342.
 1 APPPATH\Controllers\SekpelController.php(342): CodeIgniter\Debug\Exceptions->errorHandler(2, 'Undefined array key "proker_id"', 'C:\\xampp\\htdocs\\Jago_Nyurat\\app\\Controllers\\SekpelController.php', 342)
 2 SYSTEMPATH\CodeIgniter.php(933): App\Controllers\SekpelController->previewHtml()
 3 SYSTEMPATH\CodeIgniter.php(507): CodeIgniter\CodeIgniter->runController(Object(App\Controllers\SekpelController))
 4 SYSTEMPATH\CodeIgniter.php(354): CodeIgniter\CodeIgniter->handleRequest(null, Object(Config\Cache), false)
 5 SYSTEMPATH\Boot.php(334): CodeIgniter\CodeIgniter->run()
 6 SYSTEMPATH\Boot.php(67): CodeIgniter\Boot::runCodeIgniter(Object(CodeIgniter\CodeIgniter))
 7 FCPATH\index.php(56): CodeIgniter\Boot::bootWeb(Object(Config\Paths))
 8 SYSTEMPATH\rewrite.php(44): require_once('C:\\xampp\\htdocs\\Jago_Nyurat\\public\\index.php')
DEBUG - 2026-04-05 19:30:26 --> Session: Class initialized using 'CodeIgniter\Session\Handlers\FileHandler' driver.
DEBUG - 2026-04-05 19:30:30 --> Session: Class initialized using 'CodeIgniter\Session\Handlers\FileHandler' driver.
DEBUG - 2026-04-05 19:31:00 --> Session: Class initialized using 'CodeIgniter\Session\Handlers\FileHandler' driver.
DEBUG - 2026-04-05 19:31:48 --> Session: Class initialized using 'CodeIgniter\Session\Handlers\FileHandler' driver.
DEBUG - 2026-04-05 19:41:04 --> Session: Class initialized using 'CodeIgniter\Session\Handlers\FileHandler' driver.
DEBUG - 2026-04-05 19:41:06 --> Session: Class initialized using 'CodeIgniter\Session\Handlers\FileHandler' driver.
DEBUG - 2026-04-05 19:42:20 --> Session: Class initialized using 'CodeIgniter\Session\Handlers\FileHandler' driver.
DEBUG - 2026-04-05 19:42:21 --> Session: Class initialized using 'CodeIgniter\Session\Handlers\FileHandler' driver.
DEBUG - 2026-04-05 19:42:27 --> Session: Class initialized using 'CodeIgniter\Session\Handlers\FileHandler' driver.
DEBUG - 2026-04-05 19:42:30 --> Session: Class initialized using 'CodeIgniter\Session\Handlers\FileHandler' driver.
DEBUG - 2026-04-05 19:44:31 --> Session: Class initialized using 'CodeIgniter\Session\Handlers\FileHandler' driver.
DEBUG - 2026-04-05 19:44:31 --> Session: Class initialized using 'CodeIgniter\Session\Handlers\FileHandler' driver.
DEBUG - 2026-04-05 19:44:37 --> Session: Class initialized using 'CodeIgniter\Session\Handlers\FileHandler' driver.
DEBUG - 2026-04-05 19:44:39 --> Session: Class initialized using 'CodeIgniter\Session\Handlers\FileHandler' driver.
DEBUG - 2026-04-05 19:47:58 --> Session: Class initialized using 'CodeIgniter\Session\Handlers\FileHandler' driver.
DEBUG - 2026-04-05 19:48:03 --> Session: Class initialized using 'CodeIgniter\Session\Handlers\FileHandler' driver.
DEBUG - 2026-04-05 19:54:50 --> Session: Class initialized using 'CodeIgniter\Session\Handlers\FileHandler' driver.
DEBUG - 2026-04-05 19:54:50 --> Session: Class initialized using 'CodeIgniter\Session\Handlers\FileHandler' driver.
DEBUG - 2026-04-05 19:55:06 --> Session: Class initialized using 'CodeIgniter\Session\Handlers\FileHandler' driver.
DEBUG - 2026-04-05 19:55:17 --> Session: Class initialized using 'CodeIgniter\Session\Handlers\FileHandler' driver.
DEBUG - 2026-04-05 19:56:41 --> Session: Class initialized using 'CodeIgniter\Session\Handlers\FileHandler' driver.
DEBUG - 2026-04-05 19:57:04 --> Session: Class initialized using 'CodeIgniter\Session\Handlers\FileHandler' driver.
DEBUG - 2026-04-05 19:57:20 --> Session: Class initialized using 'CodeIgniter\Session\Handlers\FileHandler' driver.
DEBUG - 2026-04-05 19:57:20 --> Session: Class initialized using 'CodeIgniter\Session\Handlers\FileHandler' driver.
DEBUG - 2026-04-05 19:57:27 --> Session: Class initialized using 'CodeIgniter\Session\Handlers\FileHandler' driver.
DEBUG - 2026-04-05 19:57:27 --> Session: Class initialized using 'CodeIgniter\Session\Handlers\FileHandler' driver.
DEBUG - 2026-04-05 19:57:37 --> Session: Class initialized using 'CodeIgniter\Session\Handlers\FileHandler' driver.
DEBUG - 2026-04-05 19:57:40 --> Session: Class initialized using 'CodeIgniter\Session\Handlers\FileHandler' driver.
DEBUG - 2026-04-05 19:59:50 --> Session: Class initialized using 'CodeIgniter\Session\Handlers\FileHandler' driver.
DEBUG - 2026-04-05 20:01:28 --> Session: Class initialized using 'CodeIgniter\Session\Handlers\FileHandler' driver.
DEBUG - 2026-04-05 20:01:43 --> Session: Class initialized using 'CodeIgniter\Session\Handlers\FileHandler' driver.
DEBUG - 2026-04-05 20:01:46 --> Session: Class initialized using 'CodeIgniter\Session\Handlers\FileHandler' driver.
DEBUG - 2026-04-05 20:01:57 --> Session: Class initialized using 'CodeIgniter\Session\Handlers\FileHandler' driver.
DEBUG - 2026-04-05 20:01:57 --> Session: Class initialized using 'CodeIgniter\Session\Handlers\FileHandler' driver.
DEBUG - 2026-04-05 20:02:03 --> Session: Class initialized using 'CodeIgniter\Session\Handlers\FileHandler' driver.
DEBUG - 2026-04-05 20:02:05 --> Session: Class initialized using 'CodeIgniter\Session\Handlers\FileHandler' driver.
DEBUG - 2026-04-05 20:02:38 --> Session: Class initialized using 'CodeIgniter\Session\Handlers\FileHandler' driver.
DEBUG - 2026-04-05 20:02:53 --> Session: Class initialized using 'CodeIgniter\Session\Handlers\FileHandler' driver.
DEBUG - 2026-04-05 20:03:19 --> Session: Class initialized using 'CodeIgniter\Session\Handlers\FileHandler' driver.
DEBUG - 2026-04-05 20:03:37 --> Session: Class initialized using 'CodeIgniter\Session\Handlers\FileHandler' driver.
DEBUG - 2026-04-05 20:03:38 --> Session: Class initialized using 'CodeIgniter\Session\Handlers\FileHandler' driver.
DEBUG - 2026-04-05 20:03:43 --> Session: Class initialized using 'CodeIgniter\Session\Handlers\FileHandler' driver.
DEBUG - 2026-04-05 20:03:44 --> Session: Class initialized using 'CodeIgniter\Session\Handlers\FileHandler' driver.
DEBUG - 2026-04-05 20:03:52 --> Session: Class initialized using 'CodeIgniter\Session\Handlers\FileHandler' driver.
DEBUG - 2026-04-05 20:03:55 --> Session: Class initialized using 'CodeIgniter\Session\Handlers\FileHandler' driver.
DEBUG - 2026-04-05 20:05:38 --> Session: Class initialized using 'CodeIgniter\Session\Handlers\FileHandler' driver.
DEBUG - 2026-04-05 20:05:38 --> Session: Class initialized using 'CodeIgniter\Session\Handlers\FileHandler' driver.
DEBUG - 2026-04-05 20:05:43 --> Session: Class initialized using 'CodeIgniter\Session\Handlers\FileHandler' driver.
DEBUG - 2026-04-05 20:05:45 --> Session: Class initialized using 'CodeIgniter\Session\Handlers\FileHandler' driver.
DEBUG - 2026-04-05 20:06:13 --> Session: Class initialized using 'CodeIgniter\Session\Handlers\FileHandler' driver.
DEBUG - 2026-04-05 20:09:08 --> Session: Class initialized using 'CodeIgniter\Session\Handlers\FileHandler' driver.
DEBUG - 2026-04-05 20:09:08 --> Session: Class initialized using 'CodeIgniter\Session\Handlers\FileHandler' driver.
DEBUG - 2026-04-05 20:09:21 --> Session: Class initialized using 'CodeIgniter\Session\Handlers\FileHandler' driver.
DEBUG - 2026-04-05 20:09:24 --> Session: Class initialized using 'CodeIgniter\Session\Handlers\FileHandler' driver.
DEBUG - 2026-04-05 20:09:26 --> Session: Class initialized using 'CodeIgniter\Session\Handlers\FileHandler' driver.
DEBUG - 2026-04-05 20:09:32 --> Session: Class initialized using 'CodeIgniter\Session\Handlers\FileHandler' driver.
DEBUG - 2026-04-05 20:09:32 --> Session: Class initialized using 'CodeIgniter\Session\Handlers\FileHandler' driver.
DEBUG - 2026-04-05 20:09:35 --> Session: Class initialized using 'CodeIgniter\Session\Handlers\FileHandler' driver.
DEBUG - 2026-04-05 20:09:38 --> Session: Class initialized using 'CodeIgniter\Session\Handlers\FileHandler' driver.
DEBUG - 2026-04-05 20:14:58 --> Session: Class initialized using 'CodeIgniter\Session\Handlers\FileHandler' driver.
DEBUG - 2026-04-05 20:15:00 --> Session: Class initialized using 'CodeIgniter\Session\Handlers\FileHandler' driver.
DEBUG - 2026-04-05 20:17:03 --> Session: Class initialized using 'CodeIgniter\Session\Handlers\FileHandler' driver.
DEBUG - 2026-04-05 20:17:06 --> Session: Class initialized using 'CodeIgniter\Session\Handlers\FileHandler' driver.
DEBUG - 2026-04-05 20:17:15 --> Session: Class initialized using 'CodeIgniter\Session\Handlers\FileHandler' driver.
DEBUG - 2026-04-05 20:18:53 --> Session: Class initialized using 'CodeIgniter\Session\Handlers\FileHandler' driver.
